Tumor_Sample_Barcode	NCBI_Build	Hugo_Symbol	Transcript_ID	HGVSp_Short	HGVSp	Chromosome	Start_Position	End_Position	Reference_Allele	Tumor_Seq_Allele1	Tumor_Seq_Allele2	Variant_Classification	Variant_Type
BS_ZCY4ECNV	GRCh38	ATRX	ENST00000373344			chrX	77554512	77554512	C	C	A	Intron	SNP
BS_ZCY4ECNV	GRCh38	ATRX	ENST00000373344			chrX	77569042	77569042	A	A	G	Intron	SNP
BS_ZCY4ECNV	GRCh38	ATRX	ENST00000373344			chrX	77576709	77576709	T	T	A	Intron	SNP
BS_ZCY4ECNV	GRCh38	ATRX	ENST00000373344			chrX	77627247	77627247	A	A	T	Intron	SNP
BS_ZCY4ECNV	GRCh38	ATRX	ENST00000373344			chrX	77657349	77657349	A	A	C	Intron	SNP
BS_ZCY4ECNV	GRCh38	ATRX	ENST00000373344			chrX	77725106	77725106	G	G	T	Intron	SNP
BS_YHXMYDBN	GRCh38	ATRX	ENST00000373344			chrX	77622480	77622480	G	G	C	Intron	SNP
BS_YHXMYDBN	GRCh38	ATRX	ENST00000373344			chrX	77744194	77744194	G	G	A	Intron	SNP
BS_XGVSX8BX	GRCh38	ATRX	ENST00000373344			chrX	77528581	77528581	A	A	G	Intron	SNP
BS_XGVSX8BX	GRCh38	ATRX	ENST00000373344			chrX	77546121	77546121	G	G	A	Intron	SNP
BS_KYPMZZSY	GRCh38	ATRX	ENST00000373344			chrX	77636504	77636504	C	C	T	Intron	SNP
BS_FK3B5SDH	GRCh38	ATRX	ENST00000373344			chrX	77790922	77790923	AT	AT	-	5'Flank	DEL
BS_EP25TTAG	GRCh38	ATRX	ENST00000373344	p.X2169_splice		chrX	77557646	77557646	C	C	T	Splice_Site	SNP
BS_JB3J82ZK	GRCh38	ATRX	ENST00000373344			chrX	77618072	77618073	-	-	A	Intron	INS
BS_JB3J82ZK	GRCh38	ATRX	ENST00000373344			chrX	77644719	77644720	-	-	A	Intron	INS
BS_3E5C1PN1	GRCh38	ATRX	ENST00000373344	p.R1742G	p.Arg1742Gly	chrX	77620443	77620443	T	T	C	Missense_Mutation	SNP
BS_P8WN8XEQ	GRCh38	ATRX	ENST00000373344			chrX	77608645	77608645	C	C	T	Intron	SNP
BS_P8WN8XEQ	GRCh38	ATRX	ENST00000373344	p.L413Kfs*20	p.Leu413LysfsTer20	chrX	77684018	77684019	AA	AA	-	Frame_Shift_Del	DEL
BS_742CDKAS	GRCh38	ATRX	ENST00000373344			chrX	77528040	77528040	G	G	T	Intron	SNP
BS_742CDKAS	GRCh38	ATRX	ENST00000373344			chrX	77546262	77546262	A	A	G	Intron	SNP
BS_742CDKAS	GRCh38	ATRX	ENST00000373344			chrX	77640474	77640474	A	A	T	Intron	SNP
BS_742CDKAS	GRCh38	ATRX	ENST00000373344			chrX	77781748	77781748	T	T	C	Intron	SNP
BS_WJF6ZXWN	GRCh38	ATRX	ENST00000373344			chrX	77737099	77737100	-	-	A	Intron	INS
BS_KAD49R68	GRCh38	ATRX	ENST00000373344			chrX	77627232	77627233	-	-	A	Intron	INS
BS_KAD49R68	GRCh38	ATRX	ENST00000373344			chrX	77720156	77720156	A	A	G	Intron	SNP
BS_AYPBAHJ6	GRCh38	ATRX	ENST00000373344			chrX	77689705	77689705	G	G	C	Intron	SNP
BS_02YBZSBY	GRCh38	ATRX	ENST00000373344			chrX	77500757	77500757	G	G	A	3'Flank	SNP
BS_02YBZSBY	GRCh38	ATRX	ENST00000373344			chrX	77505670	77505670	T	T	C	3'UTR	SNP
BS_02YBZSBY	GRCh38	ATRX	ENST00000373344			chrX	77508988	77508988	A	A	C	Intron	SNP
BS_02YBZSBY	GRCh38	ATRX	ENST00000373344			chrX	77510847	77510847	G	G	A	Intron	SNP
BS_02YBZSBY	GRCh38	ATRX	ENST00000373344			chrX	77511252	77511252	G	G	A	Intron	SNP
BS_02YBZSBY	GRCh38	ATRX	ENST00000373344			chrX	77513415	77513415	A	A	G	Intron	SNP
BS_02YBZSBY	GRCh38	ATRX	ENST00000373344			chrX	77515424	77515425	-	-	A	Intron	INS
BS_02YBZSBY	GRCh38	ATRX	ENST00000373344			chrX	77517245	77517246	-	-	T	Intron	INS
BS_02YBZSBY	GRCh38	ATRX	ENST00000373344	p.A2371V	p.Ala2371Val	chrX	77520876	77520876	G	G	A	Missense_Mutation	SNP
BS_02YBZSBY	GRCh38	ATRX	ENST00000373344			chrX	77524859	77524859	C	C	T	Intron	SNP
BS_02YBZSBY	GRCh38	ATRX	ENST00000373344			chrX	77527703	77527703	C	C	T	Intron	SNP
BS_02YBZSBY	GRCh38	ATRX	ENST00000373344			chrX	77532445	77532445	G	G	A	Intron	SNP
BS_02YBZSBY	GRCh38	ATRX	ENST00000373344			chrX	77533784	77533785	-	-	A	Intron	INS
BS_02YBZSBY	GRCh38	ATRX	ENST00000373344			chrX	77535725	77535726	-	-	T	Intron	INS
BS_02YBZSBY	GRCh38	ATRX	ENST00000373344			chrX	77538795	77538795	G	G	A	Intron	SNP
BS_02YBZSBY	GRCh38	ATRX	ENST00000373344			chrX	77542607	77542607	T	T	C	Intron	SNP
BS_02YBZSBY	GRCh38	ATRX	ENST00000373344			chrX	77547321	77547321	A	A	T	Intron	SNP
BS_02YBZSBY	GRCh38	ATRX	ENST00000373344			chrX	77549865	77549865	A	A	C	Intron	SNP
BS_02YBZSBY	GRCh38	ATRX	ENST00000373344			chrX	77553395	77553395	C	C	T	Intron	SNP
BS_02YBZSBY	GRCh38	ATRX	ENST00000373344			chrX	77554326	77554326	G	G	A	Intron	SNP
BS_02YBZSBY	GRCh38	ATRX	ENST00000373344			chrX	77554458	77554458	C	C	T	Intron	SNP
BS_02YBZSBY	GRCh38	ATRX	ENST00000373344			chrX	77564180	77564180	G	G	A	Intron	SNP
BS_02YBZSBY	GRCh38	ATRX	ENST00000373344			chrX	77567222	77567222	C	C	T	Intron	SNP
BS_02YBZSBY	GRCh38	ATRX	ENST00000373344			chrX	77569136	77569137	-	-	C	Intron	INS
BS_02YBZSBY	GRCh38	ATRX	ENST00000373344			chrX	77575995	77575995	T	T	C	Intron	SNP
BS_02YBZSBY	GRCh38	ATRX	ENST00000373344			chrX	77576221	77576221	A	A	G	Intron	SNP
BS_02YBZSBY	GRCh38	ATRX	ENST00000373344			chrX	77577287	77577288	-	-	T	Intron	INS
BS_02YBZSBY	GRCh38	ATRX	ENST00000373344			chrX	77577939	77577939	G	G	A	Intron	SNP
BS_02YBZSBY	GRCh38	ATRX	ENST00000373344			chrX	77578007	77578007	G	G	A	Intron	SNP
BS_02YBZSBY	GRCh38	ATRX	ENST00000373344			chrX	77579290	77579290	G	G	A	Intron	SNP
BS_02YBZSBY	GRCh38	ATRX	ENST00000373344			chrX	77583149	77583149	G	G	A	Intron	SNP
BS_02YBZSBY	GRCh38	ATRX	ENST00000373344			chrX	77583823	77583823	G	G	A	Intron	SNP
BS_02YBZSBY	GRCh38	ATRX	ENST00000373344			chrX	77585556	77585556	A	A	G	Intron	SNP
BS_02YBZSBY	GRCh38	ATRX	ENST00000373344			chrX	77586731	77586731	C	C	T	Intron	SNP
BS_02YBZSBY	GRCh38	ATRX	ENST00000373344			chrX	77587311	77587311	T	T	G	Intron	SNP
BS_02YBZSBY	GRCh38	ATRX	ENST00000373344			chrX	77587686	77587686	C	C	A	Intron	SNP
BS_02YBZSBY	GRCh38	ATRX	ENST00000373344			chrX	77588830	77588830	C	C	T	Intron	SNP
BS_02YBZSBY	GRCh38	ATRX	ENST00000373344			chrX	77590649	77590649	C	C	T	Intron	SNP
BS_02YBZSBY	GRCh38	ATRX	ENST00000373344			chrX	77605300	77605300	C	C	T	Intron	SNP
BS_02YBZSBY	GRCh38	ATRX	ENST00000373344			chrX	77605491	77605491	A	A	-	Intron	DEL
BS_02YBZSBY	GRCh38	ATRX	ENST00000373344			chrX	77610216	77610216	T	T	C	Intron	SNP
BS_02YBZSBY	GRCh38	ATRX	ENST00000373344			chrX	77612219	77612219	G	G	A	Intron	SNP
BS_02YBZSBY	GRCh38	ATRX	ENST00000373344			chrX	77613260	77613260	C	C	T	Intron	SNP
BS_02YBZSBY	GRCh38	ATRX	ENST00000373344			chrX	77617944	77617944	G	G	A	Intron	SNP
BS_02YBZSBY	GRCh38	ATRX	ENST00000373344			chrX	77621559	77621559	G	G	A	Intron	SNP
BS_02YBZSBY	GRCh38	ATRX	ENST00000373344			chrX	77622773	77622773	G	G	A	Intron	SNP
BS_02YBZSBY	GRCh38	ATRX	ENST00000373344			chrX	77634849	77634850	-	-	T	Intron	INS
BS_02YBZSBY	GRCh38	ATRX	ENST00000373344			chrX	77638039	77638039	T	T	G	Intron	SNP
BS_02YBZSBY	GRCh38	ATRX	ENST00000373344			chrX	77643017	77643017	G	G	T	Intron	SNP
BS_02YBZSBY	GRCh38	ATRX	ENST00000373344			chrX	77643299	77643299	G	G	A	Intron	SNP
BS_02YBZSBY	GRCh38	ATRX	ENST00000373344			chrX	77645728	77645728	G	G	T	Intron	SNP
BS_02YBZSBY	GRCh38	ATRX	ENST00000373344			chrX	77651534	77651534	A	A	G	Intron	SNP
BS_02YBZSBY	GRCh38	ATRX	ENST00000373344	p.E1450Rfs*17	p.Glu1450ArgfsTer17	chrX	77652323	77652324	-	-	T	Frame_Shift_Ins	INS
BS_02YBZSBY	GRCh38	ATRX	ENST00000373344			chrX	77652457	77652540	CTGAAAACCTTTAGAATTATATTCAGCAATAGAGTAGTATTAAAAAAAAAAAAACAACTCTTCGGCCGGGCACGGTGGCTCACA	CTGAAAACCTTTAGAATTATATTCAGCAATAGAGTAGTATTAAAAAAAAAAAAACAACTCTTCGGCCGGGCACGGTGGCTCACA	-	Intron	DEL
BS_02YBZSBY	GRCh38	ATRX	ENST00000373344			chrX	77652738	77652738	C	C	T	Intron	SNP
BS_02YBZSBY	GRCh38	ATRX	ENST00000373344			chrX	77652755	77652755	C	C	T	Intron	SNP
BS_02YBZSBY	GRCh38	ATRX	ENST00000373344			chrX	77654862	77654862	G	G	T	Intron	SNP
BS_02YBZSBY	GRCh38	ATRX	ENST00000373344			chrX	77658766	77658766	G	G	A	Intron	SNP
BS_02YBZSBY	GRCh38	ATRX	ENST00000373344			chrX	77659063	77659063	A	A	G	Intron	SNP
BS_02YBZSBY	GRCh38	ATRX	ENST00000373344			chrX	77660225	77660225	G	G	A	Intron	SNP
BS_02YBZSBY	GRCh38	ATRX	ENST00000373344			chrX	77660545	77660545	C	C	T	Intron	SNP
BS_02YBZSBY	GRCh38	ATRX	ENST00000373344			chrX	77660697	77660697	T	T	C	Intron	SNP
BS_02YBZSBY	GRCh38	ATRX	ENST00000373344			chrX	77662943	77662943	A	A	G	Intron	SNP
BS_02YBZSBY	GRCh38	ATRX	ENST00000373344			chrX	77664245	77664246	-	-	T	Intron	INS
BS_02YBZSBY	GRCh38	ATRX	ENST00000373344			chrX	77671294	77671295	-	-	T	Intron	INS
BS_02YBZSBY	GRCh38	ATRX	ENST00000373344			chrX	77678972	77678973	-	-	GG	Intron	INS
BS_02YBZSBY	GRCh38	ATRX	ENST00000373344			chrX	77681129	77681129	G	G	A	Intron	SNP
BS_02YBZSBY	GRCh38	ATRX	ENST00000373344	p.D1106V	p.Asp1106Val	chrX	77681939	77681939	T	T	A	Missense_Mutation	SNP
BS_02YBZSBY	GRCh38	ATRX	ENST00000373344	p.E557K	p.Glu557Lys	chrX	77683587	77683587	C	C	T	Missense_Mutation	SNP
BS_02YBZSBY	GRCh38	ATRX	ENST00000373344	p.A364S	p.Ala364Ser	chrX	77684166	77684166	C	C	A	Missense_Mutation	SNP
BS_02YBZSBY	GRCh38	ATRX	ENST00000373344			chrX	77685901	77685901	G	G	T	Intron	SNP
BS_02YBZSBY	GRCh38	ATRX	ENST00000373344			chrX	77686286	77686286	G	G	A	Intron	SNP
BS_02YBZSBY	GRCh38	ATRX	ENST00000373344			chrX	77688422	77688422	A	A	G	Intron	SNP
BS_02YBZSBY	GRCh38	ATRX	ENST00000373344			chrX	77688629	77688629	C	C	T	Intron	SNP
BS_02YBZSBY	GRCh38	ATRX	ENST00000373344			chrX	77689553	77689553	C	C	T	Intron	SNP
BS_02YBZSBY	GRCh38	ATRX	ENST00000373344			chrX	77690080	77690080	A	A	-	Intron	DEL
BS_02YBZSBY	GRCh38	ATRX	ENST00000373344			chrX	77693124	77693124	T	T	C	Intron	SNP
BS_02YBZSBY	GRCh38	ATRX	ENST00000373344			chrX	77694110	77694110	C	C	T	Intron	SNP
BS_02YBZSBY	GRCh38	ATRX	ENST00000373344			chrX	77697006	77697006	A	A	G	Intron	SNP
BS_02YBZSBY	GRCh38	ATRX	ENST00000373344			chrX	77700797	77700797	T	T	A	Intron	SNP
BS_02YBZSBY	GRCh38	ATRX	ENST00000373344			chrX	77705981	77705982	-	-	T	Intron	INS
BS_02YBZSBY	GRCh38	ATRX	ENST00000373344			chrX	77705993	77705994	-	-	T	Intron	INS
BS_02YBZSBY	GRCh38	ATRX	ENST00000373344			chrX	77706603	77706603	C	C	T	Intron	SNP
BS_02YBZSBY	GRCh38	ATRX	ENST00000373344			chrX	77706741	77706742	TA	TA	AT	Intron	DNP
BS_02YBZSBY	GRCh38	ATRX	ENST00000373344			chrX	77709380	77709380	C	C	T	Intron	SNP
BS_02YBZSBY	GRCh38	ATRX	ENST00000373344			chrX	77712454	77712454	C	C	T	Intron	SNP
BS_02YBZSBY	GRCh38	ATRX	ENST00000373344			chrX	77717076	77717077	-	-	A	Intron	INS
BS_02YBZSBY	GRCh38	ATRX	ENST00000373344			chrX	77719098	77719098	C	C	A	Intron	SNP
BS_02YBZSBY	GRCh38	ATRX	ENST00000373344			chrX	77723022	77723022	C	C	T	Intron	SNP
BS_02YBZSBY	GRCh38	ATRX	ENST00000373344			chrX	77723615	77723616	-	-	A	Intron	INS
BS_02YBZSBY	GRCh38	ATRX	ENST00000373344			chrX	77724156	77724156	T	T	C	Intron	SNP
BS_02YBZSBY	GRCh38	ATRX	ENST00000373344			chrX	77724397	77724398	-	-	TTT	Intron	INS
BS_02YBZSBY	GRCh38	ATRX	ENST00000373344			chrX	77725814	77725814	G	G	A	Intron	SNP
BS_02YBZSBY	GRCh38	ATRX	ENST00000373344			chrX	77726242	77726242	G	G	A	Intron	SNP
BS_02YBZSBY	GRCh38	ATRX	ENST00000373344			chrX	77726330	77726330	G	G	T	Intron	SNP
BS_02YBZSBY	GRCh38	ATRX	ENST00000373344			chrX	77727534	77727534	A	A	G	Intron	SNP
BS_02YBZSBY	GRCh38	ATRX	ENST00000373344			chrX	77727731	77727731	T	T	C	Intron	SNP
BS_02YBZSBY	GRCh38	ATRX	ENST00000373344			chrX	77729787	77729787	C	C	T	Intron	SNP
BS_02YBZSBY	GRCh38	ATRX	ENST00000373344			chrX	77739525	77739525	T	T	C	Intron	SNP
BS_02YBZSBY	GRCh38	ATRX	ENST00000373344			chrX	77743097	77743097	C	C	T	Intron	SNP
BS_02YBZSBY	GRCh38	ATRX	ENST00000373344			chrX	77743247	77743247	C	C	T	Intron	SNP
BS_02YBZSBY	GRCh38	ATRX	ENST00000373344			chrX	77744693	77744693	A	A	-	Intron	DEL
BS_02YBZSBY	GRCh38	ATRX	ENST00000373344			chrX	77746958	77746958	G	G	A	Intron	SNP
BS_02YBZSBY	GRCh38	ATRX	ENST00000373344			chrX	77749240	77749240	G	G	A	Intron	SNP
BS_02YBZSBY	GRCh38	ATRX	ENST00000373344			chrX	77749276	77749277	-	-	T	Intron	INS
BS_02YBZSBY	GRCh38	ATRX	ENST00000373344			chrX	77751875	77751875	A	A	G	Intron	SNP
BS_02YBZSBY	GRCh38	ATRX	ENST00000373344			chrX	77761308	77761308	C	C	T	Intron	SNP
BS_02YBZSBY	GRCh38	ATRX	ENST00000373344			chrX	77763473	77763473	T	T	A	Intron	SNP
BS_02YBZSBY	GRCh38	ATRX	ENST00000373344			chrX	77764250	77764250	C	C	A	Intron	SNP
BS_02YBZSBY	GRCh38	ATRX	ENST00000373344			chrX	77765671	77765671	T	T	-	Intron	DEL
BS_02YBZSBY	GRCh38	ATRX	ENST00000373344			chrX	77766469	77766469	C	C	T	Intron	SNP
BS_02YBZSBY	GRCh38	ATRX	ENST00000373344			chrX	77766935	77766935	G	G	A	Intron	SNP
BS_02YBZSBY	GRCh38	ATRX	ENST00000373344			chrX	77768297	77768297	C	C	A	Intron	SNP
BS_02YBZSBY	GRCh38	ATRX	ENST00000373344			chrX	77768889	77768889	C	C	T	Intron	SNP
BS_02YBZSBY	GRCh38	ATRX	ENST00000373344			chrX	77770529	77770529	C	C	A	Intron	SNP
BS_02YBZSBY	GRCh38	ATRX	ENST00000373344			chrX	77772487	77772488	-	-	T	Intron	INS
BS_02YBZSBY	GRCh38	ATRX	ENST00000373344			chrX	77776965	77776965	G	G	A	Intron	SNP
BS_02YBZSBY	GRCh38	ATRX	ENST00000373344			chrX	77777241	77777241	C	C	T	Intron	SNP
BS_02YBZSBY	GRCh38	ATRX	ENST00000373344			chrX	77777354	77777354	C	C	A	Intron	SNP
BS_02YBZSBY	GRCh38	ATRX	ENST00000373344			chrX	77780492	77780493	-	-	T	Intron	INS
BS_02YBZSBY	GRCh38	ATRX	ENST00000373344			chrX	77780537	77780537	C	C	T	Intron	SNP
BS_02YBZSBY	GRCh38	ATRX	ENST00000373344			chrX	77780938	77780939	-	-	A	Intron	INS
BS_02YBZSBY	GRCh38	ATRX	ENST00000373344			chrX	77787465	77787465	G	G	A	5'Flank	SNP
BS_02YBZSBY	GRCh38	ATRX	ENST00000373344			chrX	77788802	77788802	C	C	T	5'Flank	SNP
BS_02YBZSBY	GRCh38	ATRX	ENST00000373344			chrX	77789148	77789148	C	C	T	5'Flank	SNP
BS_02YBZSBY	GRCh38	ATRX	ENST00000373344			chrX	77789801	77789802	-	-	A	5'Flank	INS
BS_PPY0EWPG	GRCh38	ATRX	ENST00000373344			chrX	77615942	77615942	A	A	T	Intron	SNP
BS_872Q3FK2	GRCh38	ATRX	ENST00000373344			chrX	77605550	77605550	C	C	T	Intron	SNP
BS_872Q3FK2	GRCh38	ATRX	ENST00000373344			chrX	77615824	77615824	T	T	A	Intron	SNP
BS_872Q3FK2	GRCh38	ATRX	ENST00000373344	p.D1714V	p.Asp1714Val	chrX	77620526	77620526	T	T	A	Missense_Mutation	SNP
BS_872Q3FK2	GRCh38	ATRX	ENST00000373344			chrX	77654772	77654772	A	A	G	Intron	SNP
BS_VW4XN9Y7	GRCh38	ATRX	ENST00000373344			chrX	77518207	77518207	G	G	T	Intron	SNP
BS_VW4XN9Y7	GRCh38	ATRX	ENST00000373344			chrX	77523448	77523448	A	A	G	Intron	SNP
BS_VW4XN9Y7	GRCh38	ATRX	ENST00000373344			chrX	77526983	77526983	T	T	C	Intron	SNP
BS_VW4XN9Y7	GRCh38	ATRX	ENST00000373344			chrX	77528478	77528478	C	C	T	Intron	SNP
BS_VW4XN9Y7	GRCh38	ATRX	ENST00000373344			chrX	77533115	77533115	G	G	A	Intron	SNP
BS_VW4XN9Y7	GRCh38	ATRX	ENST00000373344			chrX	77534236	77534237	-	-	A	Intron	INS
BS_VW4XN9Y7	GRCh38	ATRX	ENST00000373344			chrX	77535187	77535187	A	A	C	Intron	SNP
BS_VW4XN9Y7	GRCh38	ATRX	ENST00000373344			chrX	77559271	77559271	G	G	T	Intron	SNP
BS_VW4XN9Y7	GRCh38	ATRX	ENST00000373344			chrX	77564760	77564760	C	C	T	Intron	SNP
BS_VW4XN9Y7	GRCh38	ATRX	ENST00000373344			chrX	77565922	77565922	G	G	T	Intron	SNP
BS_VW4XN9Y7	GRCh38	ATRX	ENST00000373344			chrX	77566541	77566541	T	T	G	Intron	SNP
BS_VW4XN9Y7	GRCh38	ATRX	ENST00000373344			chrX	77574491	77574491	T	T	C	Intron	SNP
BS_VW4XN9Y7	GRCh38	ATRX	ENST00000373344			chrX	77604403	77604403	A	A	G	Intron	SNP
BS_VW4XN9Y7	GRCh38	ATRX	ENST00000373344			chrX	77605491	77605491	A	A	-	Intron	DEL
BS_VW4XN9Y7	GRCh38	ATRX	ENST00000373344			chrX	77621298	77621299	-	-	T	Intron	INS
BS_VW4XN9Y7	GRCh38	ATRX	ENST00000373344			chrX	77630072	77630072	T	T	G	Intron	SNP
BS_VW4XN9Y7	GRCh38	ATRX	ENST00000373344			chrX	77640090	77640090	A	A	C	Intron	SNP
BS_VW4XN9Y7	GRCh38	ATRX	ENST00000373344			chrX	77652549	77652549	C	C	T	Intron	SNP
BS_VW4XN9Y7	GRCh38	ATRX	ENST00000373344	p.N1318Kfs*6	p.Asn1318LysfsTer6	chrX	77663548	77663549	-	-	T	Frame_Shift_Ins	INS
BS_VW4XN9Y7	GRCh38	ATRX	ENST00000373344			chrX	77663746	77663746	C	C	T	Intron	SNP
BS_VW4XN9Y7	GRCh38	ATRX	ENST00000373344			chrX	77673285	77673285	A	A	G	Intron	SNP
BS_VW4XN9Y7	GRCh38	ATRX	ENST00000373344			chrX	77680579	77680579	A	A	G	Intron	SNP
BS_VW4XN9Y7	GRCh38	ATRX	ENST00000373344			chrX	77697558	77697558	T	T	G	Intron	SNP
BS_VW4XN9Y7	GRCh38	ATRX	ENST00000373344			chrX	77702619	77702620	-	-	A	Intron	INS
BS_VW4XN9Y7	GRCh38	ATRX	ENST00000373344			chrX	77728799	77728799	G	G	A	Intron	SNP
BS_VW4XN9Y7	GRCh38	ATRX	ENST00000373344			chrX	77734067	77734067	C	C	T	Intron	SNP
BS_VW4XN9Y7	GRCh38	ATRX	ENST00000373344			chrX	77741963	77741963	T	T	G	Intron	SNP
BS_VW4XN9Y7	GRCh38	ATRX	ENST00000373344			chrX	77752219	77752219	G	G	T	Intron	SNP
BS_VW4XN9Y7	GRCh38	ATRX	ENST00000373344			chrX	77753537	77753537	C	C	A	Intron	SNP
BS_VW4XN9Y7	GRCh38	ATRX	ENST00000373344			chrX	77754077	77754077	A	A	G	Intron	SNP
BS_VW4XN9Y7	GRCh38	ATRX	ENST00000373344			chrX	77764051	77764051	C	C	T	Intron	SNP
BS_VW4XN9Y7	GRCh38	ATRX	ENST00000373344			chrX	77770708	77770708	A	A	G	Intron	SNP
BS_VW4XN9Y7	GRCh38	ATRX	ENST00000373344			chrX	77776612	77776612	A	A	G	Intron	SNP
BS_VW4XN9Y7	GRCh38	ATRX	ENST00000373344			chrX	77778652	77778652	C	C	T	Intron	SNP
BS_VW4XN9Y7	GRCh38	ATRX	ENST00000373344			chrX	77779685	77779685	A	A	G	Intron	SNP
BS_VW4XN9Y7	GRCh38	ATRX	ENST00000373344			chrX	77781298	77781298	C	C	T	Intron	SNP
BS_FKQ7F6D1	GRCh38	ATRX	ENST00000373344	p.L691Qfs*4	p.Leu691GlnfsTer4	chrX	77683181	77683184	GATA	GATA	-	Frame_Shift_Del	DEL
BS_R6CKWZW6	GRCh38	ATRX	ENST00000373344	p.K1357Dfs*4	p.Lys1357AspfsTer4	chrX	77663432	77663433	TT	TT	-	Frame_Shift_Del	DEL
BS_WPCBK1EG	GRCh38	ATRX	ENST00000373344			chrX	77626898	77626898	G	G	T	Intron	SNP
BS_TQ0J7WJQ	GRCh38	ATRX	ENST00000373344	p.A1812P	p.Ala1812Pro	chrX	77618820	77618820	C	C	G	Missense_Mutation	SNP
BS_TQ0J7WJQ	GRCh38	ATRX	ENST00000373344			chrX	77704705	77704705	C	C	A	Intron	SNP
BS_85Q5P8GF	GRCh38	ATRX	ENST00000373344	p.R2197C	p.Arg2197Cys	chrX	77557561	77557561	G	G	A	Missense_Mutation	SNP
BS_85Q5P8GF	GRCh38	ATRX	ENST00000373344			chrX	77592813	77592813	A	A	-	Intron	DEL
BS_85Q5P8GF	GRCh38	ATRX	ENST00000373344			chrX	77627700	77627701	AA	AA	-	Intron	DEL
BS_85Q5P8GF	GRCh38	ATRX	ENST00000373344			chrX	77643262	77643263	-	-	AC	Intron	INS
BS_85Q5P8GF	GRCh38	ATRX	ENST00000373344			chrX	77731086	77731086	A	A	-	Intron	DEL
BS_85Q5P8GF	GRCh38	ATRX	ENST00000373344			chrX	77740077	77740077	A	A	T	Intron	SNP
BS_20TBZG09	GRCh38	ATRX	ENST00000373344			chrX	77505491	77505491	C	C	T	3'UTR	SNP
BS_20TBZG09	GRCh38	ATRX	ENST00000373344	p.Q2453=	p.Gln2453=	chrX	77508471	77508471	C	C	T	Silent	SNP
BS_20TBZG09	GRCh38	ATRX	ENST00000373344			chrX	77510903	77510903	C	C	A	Intron	SNP
BS_20TBZG09	GRCh38	ATRX	ENST00000373344	p.D2326Y	p.Asp2326Tyr	chrX	77521498	77521498	C	C	A	Missense_Mutation	SNP
BS_20TBZG09	GRCh38	ATRX	ENST00000373344			chrX	77529792	77529792	C	C	T	Intron	SNP
BS_20TBZG09	GRCh38	ATRX	ENST00000373344			chrX	77530503	77530503	G	G	A	Intron	SNP
BS_20TBZG09	GRCh38	ATRX	ENST00000373344			chrX	77531513	77531513	G	G	A	Intron	SNP
BS_20TBZG09	GRCh38	ATRX	ENST00000373344			chrX	77537084	77537084	T	T	C	Intron	SNP
BS_20TBZG09	GRCh38	ATRX	ENST00000373344			chrX	77538154	77538154	A	A	G	Intron	SNP
BS_20TBZG09	GRCh38	ATRX	ENST00000373344			chrX	77544436	77544436	C	C	T	Intron	SNP
BS_20TBZG09	GRCh38	ATRX	ENST00000373344			chrX	77544775	77544775	C	C	T	Intron	SNP
BS_20TBZG09	GRCh38	ATRX	ENST00000373344			chrX	77552104	77552104	G	G	T	Intron	SNP
BS_20TBZG09	GRCh38	ATRX	ENST00000373344			chrX	77552279	77552279	G	G	T	Intron	SNP
BS_20TBZG09	GRCh38	ATRX	ENST00000373344			chrX	77554851	77554851	G	G	A	Intron	SNP
BS_20TBZG09	GRCh38	ATRX	ENST00000373344			chrX	77555244	77555244	G	G	A	Intron	SNP
BS_20TBZG09	GRCh38	ATRX	ENST00000373344			chrX	77565220	77565220	C	C	T	Intron	SNP
BS_20TBZG09	GRCh38	ATRX	ENST00000373344			chrX	77565319	77565319	G	G	A	Intron	SNP
BS_20TBZG09	GRCh38	ATRX	ENST00000373344			chrX	77578279	77578279	G	G	A	Intron	SNP
BS_20TBZG09	GRCh38	ATRX	ENST00000373344			chrX	77579921	77579921	G	G	A	Intron	SNP
BS_20TBZG09	GRCh38	ATRX	ENST00000373344			chrX	77582021	77582021	A	A	C	Intron	SNP
BS_20TBZG09	GRCh38	ATRX	ENST00000373344			chrX	77582139	77582139	C	C	T	Intron	SNP
BS_20TBZG09	GRCh38	ATRX	ENST00000373344			chrX	77584014	77584014	G	G	T	Intron	SNP
BS_20TBZG09	GRCh38	ATRX	ENST00000373344			chrX	77586271	77586271	A	A	G	Intron	SNP
BS_20TBZG09	GRCh38	ATRX	ENST00000373344			chrX	77586502	77586502	A	A	C	Intron	SNP
BS_20TBZG09	GRCh38	ATRX	ENST00000373344			chrX	77590376	77590376	C	C	T	Intron	SNP
BS_20TBZG09	GRCh38	ATRX	ENST00000373344			chrX	77591851	77591851	A	A	T	Intron	SNP
BS_20TBZG09	GRCh38	ATRX	ENST00000373344			chrX	77594394	77594394	C	C	T	Intron	SNP
BS_20TBZG09	GRCh38	ATRX	ENST00000373344			chrX	77601349	77601349	G	G	T	Intron	SNP
BS_20TBZG09	GRCh38	ATRX	ENST00000373344			chrX	77605490	77605491	-	-	A	Intron	INS
BS_20TBZG09	GRCh38	ATRX	ENST00000373344			chrX	77608268	77608268	C	C	T	Intron	SNP
BS_20TBZG09	GRCh38	ATRX	ENST00000373344			chrX	77608536	77608536	C	C	T	Intron	SNP
BS_20TBZG09	GRCh38	ATRX	ENST00000373344			chrX	77611480	77611480	C	C	A	Intron	SNP
BS_20TBZG09	GRCh38	ATRX	ENST00000373344			chrX	77611904	77611904	T	T	C	Intron	SNP
BS_20TBZG09	GRCh38	ATRX	ENST00000373344			chrX	77613260	77613260	C	C	T	Intron	SNP
BS_20TBZG09	GRCh38	ATRX	ENST00000373344			chrX	77618242	77618242	C	C	T	Intron	SNP
BS_20TBZG09	GRCh38	ATRX	ENST00000373344			chrX	77619784	77619784	G	G	A	Intron	SNP
BS_20TBZG09	GRCh38	ATRX	ENST00000373344			chrX	77627427	77627427	C	C	T	Intron	SNP
BS_20TBZG09	GRCh38	ATRX	ENST00000373344			chrX	77628193	77628193	G	G	A	Intron	SNP
BS_20TBZG09	GRCh38	ATRX	ENST00000373344			chrX	77628849	77628849	T	T	C	Intron	SNP
BS_20TBZG09	GRCh38	ATRX	ENST00000373344			chrX	77630340	77630340	C	C	T	Intron	SNP
BS_20TBZG09	GRCh38	ATRX	ENST00000373344			chrX	77632692	77632692	C	C	T	Intron	SNP
BS_20TBZG09	GRCh38	ATRX	ENST00000373344			chrX	77633188	77633188	C	C	A	Intron	SNP
BS_20TBZG09	GRCh38	ATRX	ENST00000373344	p.E1643D	p.Glu1643Asp	chrX	77633593	77633593	C	C	A	Missense_Mutation	SNP
BS_20TBZG09	GRCh38	ATRX	ENST00000373344	p.L1612I	p.Leu1612Ile	chrX	77633688	77633688	G	G	T	Missense_Mutation	SNP
BS_20TBZG09	GRCh38	ATRX	ENST00000373344			chrX	77638478	77638478	A	A	-	Intron	DEL
BS_20TBZG09	GRCh38	ATRX	ENST00000373344			chrX	77639452	77639452	A	A	G	Intron	SNP
BS_20TBZG09	GRCh38	ATRX	ENST00000373344			chrX	77647651	77647651	C	C	T	Intron	SNP
BS_20TBZG09	GRCh38	ATRX	ENST00000373344			chrX	77651909	77651909	A	A	G	Intron	SNP
BS_20TBZG09	GRCh38	ATRX	ENST00000373344			chrX	77653506	77653506	C	C	T	Intron	SNP
BS_20TBZG09	GRCh38	ATRX	ENST00000373344			chrX	77654955	77654955	T	T	G	Intron	SNP
BS_20TBZG09	GRCh38	ATRX	ENST00000373344			chrX	77657226	77657226	G	G	A	Intron	SNP
BS_20TBZG09	GRCh38	ATRX	ENST00000373344			chrX	77657627	77657627	T	T	C	Intron	SNP
BS_20TBZG09	GRCh38	ATRX	ENST00000373344			chrX	77657960	77657960	G	G	T	Intron	SNP
BS_20TBZG09	GRCh38	ATRX	ENST00000373344			chrX	77663258	77663258	G	G	A	Intron	SNP
BS_20TBZG09	GRCh38	ATRX	ENST00000373344	p.E1365*	p.Glu1365Ter	chrX	77663409	77663409	C	C	A	Nonsense_Mutation	SNP
BS_20TBZG09	GRCh38	ATRX	ENST00000373344			chrX	77665777	77665777	T	T	C	Intron	SNP
BS_20TBZG09	GRCh38	ATRX	ENST00000373344			chrX	77672540	77672540	G	G	T	Intron	SNP
BS_20TBZG09	GRCh38	ATRX	ENST00000373344			chrX	77675440	77675440	G	G	A	Intron	SNP
BS_20TBZG09	GRCh38	ATRX	ENST00000373344			chrX	77680105	77680105	C	C	A	Intron	SNP
BS_20TBZG09	GRCh38	ATRX	ENST00000373344	p.L291F	p.Leu291Phe	chrX	77684383	77684383	C	C	A	Missense_Mutation	SNP
BS_20TBZG09	GRCh38	ATRX	ENST00000373344			chrX	77686034	77686034	G	G	T	Intron	SNP
BS_20TBZG09	GRCh38	ATRX	ENST00000373344			chrX	77686049	77686049	G	G	A	Intron	SNP
BS_20TBZG09	GRCh38	ATRX	ENST00000373344			chrX	77686802	77686802	G	G	A	Intron	SNP
BS_20TBZG09	GRCh38	ATRX	ENST00000373344			chrX	77690536	77690536	T	T	A	Intron	SNP
BS_20TBZG09	GRCh38	ATRX	ENST00000373344			chrX	77694757	77694757	G	G	A	Intron	SNP
BS_20TBZG09	GRCh38	ATRX	ENST00000373344			chrX	77697323	77697323	A	A	G	Intron	SNP
BS_20TBZG09	GRCh38	ATRX	ENST00000373344			chrX	77698083	77698083	G	G	A	Intron	SNP
BS_20TBZG09	GRCh38	ATRX	ENST00000373344			chrX	77698473	77698473	C	C	A	Intron	SNP
BS_20TBZG09	GRCh38	ATRX	ENST00000373344			chrX	77698495	77698495	G	G	A	Intron	SNP
BS_20TBZG09	GRCh38	ATRX	ENST00000373344			chrX	77699652	77699652	C	C	A	Intron	SNP
BS_20TBZG09	GRCh38	ATRX	ENST00000373344			chrX	77706877	77706877	G	G	T	Intron	SNP
BS_20TBZG09	GRCh38	ATRX	ENST00000373344			chrX	77708535	77708535	G	G	A	Intron	SNP
BS_20TBZG09	GRCh38	ATRX	ENST00000373344			chrX	77710871	77710871	A	A	G	Intron	SNP
BS_20TBZG09	GRCh38	ATRX	ENST00000373344			chrX	77713924	77713924	A	A	G	Intron	SNP
BS_20TBZG09	GRCh38	ATRX	ENST00000373344			chrX	77724593	77724593	G	G	A	Intron	SNP
BS_20TBZG09	GRCh38	ATRX	ENST00000373344			chrX	77732397	77732397	C	C	T	Intron	SNP
BS_20TBZG09	GRCh38	ATRX	ENST00000373344			chrX	77733507	77733507	G	G	A	Intron	SNP
BS_20TBZG09	GRCh38	ATRX	ENST00000373344			chrX	77735540	77735540	C	C	T	Intron	SNP
BS_20TBZG09	GRCh38	ATRX	ENST00000373344			chrX	77738313	77738313	C	C	T	Intron	SNP
BS_20TBZG09	GRCh38	ATRX	ENST00000373344			chrX	77739137	77739137	T	T	A	Intron	SNP
BS_20TBZG09	GRCh38	ATRX	ENST00000373344			chrX	77749370	77749370	G	G	A	Intron	SNP
BS_20TBZG09	GRCh38	ATRX	ENST00000373344			chrX	77750918	77750918	C	C	T	Intron	SNP
BS_20TBZG09	GRCh38	ATRX	ENST00000373344			chrX	77755562	77755562	T	T	C	Intron	SNP
BS_20TBZG09	GRCh38	ATRX	ENST00000373344			chrX	77758893	77758893	G	G	A	Intron	SNP
BS_20TBZG09	GRCh38	ATRX	ENST00000373344			chrX	77759461	77759461	C	C	A	Intron	SNP
BS_20TBZG09	GRCh38	ATRX	ENST00000373344			chrX	77764917	77764917	C	C	T	Intron	SNP
BS_20TBZG09	GRCh38	ATRX	ENST00000373344			chrX	77765140	77765140	C	C	A	Intron	SNP
BS_20TBZG09	GRCh38	ATRX	ENST00000373344			chrX	77767642	77767642	G	G	A	Intron	SNP
BS_20TBZG09	GRCh38	ATRX	ENST00000373344			chrX	77770448	77770448	G	G	A	Intron	SNP
BS_20TBZG09	GRCh38	ATRX	ENST00000373344			chrX	77773291	77773291	G	G	A	Intron	SNP
BS_20TBZG09	GRCh38	ATRX	ENST00000373344			chrX	77776711	77776711	C	C	T	Intron	SNP
BS_20TBZG09	GRCh38	ATRX	ENST00000373344			chrX	77777981	77777981	C	C	T	Intron	SNP
BS_20TBZG09	GRCh38	ATRX	ENST00000373344			chrX	77780798	77780798	C	C	T	Intron	SNP
BS_20TBZG09	GRCh38	ATRX	ENST00000373344			chrX	77783896	77783896	C	C	T	Intron	SNP
BS_80078QDG	GRCh38	ATRX	ENST00000373344			chrX	77567950	77567950	A	A	G	Intron	SNP
BS_80078QDG	GRCh38	ATRX	ENST00000373344			chrX	77669696	77669697	-	-	T	Intron	INS
BS_M4E4H6NG	GRCh38	ATRX	ENST00000373344			chrX	77765298	77765298	C	C	A	Intron	SNP
BS_7GKF6M85	GRCh38	ATRX	ENST00000373344			chrX	77616031	77616031	A	A	C	Intron	SNP
BS_S0T3CQ97	GRCh38	ATRX	ENST00000373344			chrX	77522585	77522585	T	T	-	Intron	DEL
BS_S0T3CQ97	GRCh38	ATRX	ENST00000373344			chrX	77546498	77546498	T	T	-	Intron	DEL
BS_S0T3CQ97	GRCh38	ATRX	ENST00000373344			chrX	77559739	77559739	G	G	A	Intron	SNP
BS_S0T3CQ97	GRCh38	ATRX	ENST00000373344			chrX	77597484	77597485	-	-	A	Intron	INS
BS_S0T3CQ97	GRCh38	ATRX	ENST00000373344			chrX	77603527	77603527	G	G	A	Intron	SNP
BS_S0T3CQ97	GRCh38	ATRX	ENST00000373344			chrX	77604681	77604681	A	A	-	Intron	DEL
BS_S0T3CQ97	GRCh38	ATRX	ENST00000373344			chrX	77631987	77631987	T	T	-	Intron	DEL
BS_S0T3CQ97	GRCh38	ATRX	ENST00000373344			chrX	77643930	77643930	A	A	-	Intron	DEL
BS_S0T3CQ97	GRCh38	ATRX	ENST00000373344			chrX	77653005	77653005	A	A	-	Intron	DEL
BS_S0T3CQ97	GRCh38	ATRX	ENST00000373344			chrX	77655806	77655806	A	A	-	Intron	DEL
BS_S0T3CQ97	GRCh38	ATRX	ENST00000373344			chrX	77666860	77666860	A	A	-	Intron	DEL
BS_S0T3CQ97	GRCh38	ATRX	ENST00000373344			chrX	77677113	77677113	A	A	-	Intron	DEL
BS_S0T3CQ97	GRCh38	ATRX	ENST00000373344	p.R840Efs*29	p.Arg840GlufsTer29	chrX	77682738	77682738	T	T	-	Frame_Shift_Del	DEL
BS_S0T3CQ97	GRCh38	ATRX	ENST00000373344			chrX	77754163	77754163	T	T	-	Intron	DEL
BS_S0T3CQ97	GRCh38	ATRX	ENST00000373344			chrX	77758394	77758395	AA	AA	-	Intron	DEL
BS_S0T3CQ97	GRCh38	ATRX	ENST00000373344			chrX	77770107	77770107	T	T	-	Intron	DEL
BS_S0T3CQ97	GRCh38	ATRX	ENST00000373344			chrX	77787336	77787336	T	T	C	5'Flank	SNP
BS_B9QP40ER	GRCh38	ATRX	ENST00000373344	p.V1002*	p.Val1002Ter	chrX	77682259	77682259	C	C	-	Frame_Shift_Del	DEL
BS_3BMGF6GN	GRCh38	ATRX	ENST00000373344			chrX	77662114	77662120	AAGAAGC	AAGAAGC	-	Intron	DEL
BS_WJB33V17	GRCh38	ATRX	ENST00000373344			chrX	77775751	77775751	T	T	A	Intron	SNP
BS_1MME7FBS	GRCh38	ATRX	ENST00000373344	p.W2001*	p.Trp2001Ter	chrX	77593804	77593804	C	C	T	Nonsense_Mutation	SNP
BS_3NX3RBCX	GRCh38	ATRX	ENST00000373344			chrX	77560792	77560792	G	G	A	Intron	SNP
BS_P3PF53V8	GRCh38	ATRX	ENST00000373344			chrX	77528871	77528871	A	A	-	Intron	DEL
BS_P3PF53V8	GRCh38	ATRX	ENST00000373344			chrX	77535018	77535018	A	A	-	Intron	DEL
BS_P3PF53V8	GRCh38	ATRX	ENST00000373344			chrX	77598254	77598256	GAG	GAG	-	Intron	DEL
BS_P3PF53V8	GRCh38	ATRX	ENST00000373344			chrX	77613261	77613261	T	T	-	Intron	DEL
BS_P3PF53V8	GRCh38	ATRX	ENST00000373344			chrX	77650751	77650752	-	-	T	Intron	INS
BS_P3PF53V8	GRCh38	ATRX	ENST00000373344			chrX	77651619	77651619	A	A	G	Intron	SNP
BS_P3PF53V8	GRCh38	ATRX	ENST00000373344			chrX	77658210	77658211	-	-	A	Intron	INS
BS_P3PF53V8	GRCh38	ATRX	ENST00000373344			chrX	77666859	77666860	-	-	AA	Intron	INS
BS_P3PF53V8	GRCh38	ATRX	ENST00000373344	p.Q883Rfs*21	p.Gln883ArgfsTer21	chrX	77682605	77682608	TCTT	TCTT	-	Frame_Shift_Del	DEL
BS_P3PF53V8	GRCh38	ATRX	ENST00000373344			chrX	77702730	77702731	-	-	T	Intron	INS
BS_P3PF53V8	GRCh38	ATRX	ENST00000373344			chrX	77724382	77724382	A	A	-	Intron	DEL
BS_P3PF53V8	GRCh38	ATRX	ENST00000373344			chrX	77739023	77739023	G	G	-	Intron	DEL
BS_P3PF53V8	GRCh38	ATRX	ENST00000373344			chrX	77740082	77740082	T	T	A	Intron	SNP
BS_P3PF53V8	GRCh38	ATRX	ENST00000373344			chrX	77740082	77740083	-	-	A	Intron	INS
BS_P3PF53V8	GRCh38	ATRX	ENST00000373344			chrX	77762165	77762165	G	G	A	Intron	SNP
BS_P3PF53V8	GRCh38	ATRX	ENST00000373344			chrX	77762725	77762726	-	-	A	Intron	INS
BS_P3PF53V8	GRCh38	ATRX	ENST00000373344			chrX	77772468	77772469	AA	AA	-	Intron	DEL
BS_928HWFFM	GRCh38	ATRX	ENST00000373344	p.H2254R	p.His2254Arg	chrX	77523340	77523340	T	T	C	Missense_Mutation	SNP
BS_NJFK43N3	GRCh38	ATRX	ENST00000373344			chrX	77644719	77644720	-	-	A	Intron	INS
BS_DH86PF5A	GRCh38	ATRX	ENST00000373344			chrX	77676684	77676684	A	A	T	Intron	SNP
BS_DH86PF5A	GRCh38	ATRX	ENST00000373344			chrX	77709830	77709830	A	A	C	Intron	SNP
BS_BFDEZK1C	GRCh38	ATRX	ENST00000373344			chrX	77663994	77663994	G	G	C	Intron	SNP
BS_TRGECFNP	GRCh38	ATRX	ENST00000373344	p.I1756S	p.Ile1756Ser	chrX	77620400	77620400	A	A	C	Missense_Mutation	SNP
BS_TRGECFNP	GRCh38	ATRX	ENST00000373344			chrX	77643930	77643930	A	A	-	Intron	DEL
BS_S791VC80	GRCh38	ATRX	ENST00000373344			chrX	77539560	77539561	-	-	A	Intron	INS
BS_EPM623G4	GRCh38	ATRX	ENST00000373344			chrX	77599405	77599408	ACTC	ACTC	-	Splice_Region	DEL
BS_EPM623G4	GRCh38	ATRX	ENST00000373344			chrX	77765539	77765539	G	G	A	Intron	SNP
BS_230S192D	GRCh38	ATRX	ENST00000373344			chrX	77672562	77672562	C	C	T	Intron	SNP
BS_230S192D	GRCh38	ATRX	ENST00000373344	p.X199_splice		chrX	77685007	77685007	C	C	T	Splice_Site	SNP
BS_230S192D	GRCh38	ATRX	ENST00000373344			chrX	77759358	77759359	-	-	A	Intron	INS
BS_23ZE42Q3	GRCh38	ATRX	ENST00000373344			chrX	77754665	77754665	C	C	T	Intron	SNP
BS_RG6JK7ZN	GRCh38	ATRX	ENST00000373344			chrX	77531923	77531923	C	C	G	Intron	SNP
BS_RG6JK7ZN	GRCh38	ATRX	ENST00000373344	p.X1520_splice		chrX	77636058	77636058	T	T	A	Splice_Site	SNP
BS_RG6JK7ZN	GRCh38	ATRX	ENST00000373344			chrX	77717076	77717077	-	-	A	Intron	INS
BS_C19DFVR5	GRCh38	ATRX	ENST00000373344	p.G1964Efs*18	p.Gly1964GlufsTer18	chrX	77599476	77599476	C	C	-	Frame_Shift_Del	DEL
BS_C19DFVR5	GRCh38	ATRX	ENST00000373344			chrX	77750298	77750298	C	C	A	Intron	SNP
