Kids_First_Biospecimen_ID_DNA	Kids_First_Biospecimen_ID_RNA	Kids_First_Biospecimen_ID_normal	sample_id	ATRX Mutation from PedCBioPortal	ATRX Mutation Categorical	ATRX Mutation	TH T/TH N	UBTF Binary	UBTF 2020 (HI)	ATRX IHC	ATRX Reverse Binary	ATRX IHC Binary	CCA Sept 2021	ATRX Stata	ATRX	Germline	Germline variant	cell_line_composition	ATRX Binary	ATRX Binary 10...21	ATRX Binary 10...22	ATRX_fpkm	TERT Binary	TERT_fpkm	DAXX_fpkm	ATRX_fusion	DAXX_fusion	TERT_fusion	CPG Binary	call...31	gene	call...33	...34	NF...35	CPG Gene 2	call...37	CPG gene 3	NF...39	total_reads_tumor	intratel_reads_tumor	gc_bins_for_correction_tumor	total_reads_with_tel_gc_tumor	tel_content_tumor	total_reads_normal	intratel_reads_normal	gc_bins_for_correction_normal	total_reads_with_tel_gc_normal	tel_content_normal	telomere_ratio	RawEXTENDScores	NormEXTENDScores	CCA.Dot.Blot	broad_composition	phenotype	group	Kids_First_Participant_ID	cohort_participant_id	CNS_region	aliquot_id	experimental_strategy	sample_type	composition	tumor_descriptor	primary_site	reported_gender	race	ethnicity	age_at_diagnosis_days	pathology_diagnosis	integrated_diagnosis	short_histology	broad_histology	Notes	germline_sex_estimate	RNA_library	OS_days	OS_status	cohort	age_last_update_days	seq_center	normal_fraction	tumor_fraction	tumor_ploidy	parent_aliquot_id	cancer_predispositions	molecular_subtype	pathology_free_text_diagnosis	TERT_MOD_HIGH_mut_consensus	TERT_upstream_mut_consensus	TERT_amplification_consensus	TERT_gain_consensus	TERT_loss_consensus	TERT_neutral_consensus	TERT_BND_manta	TERT_DEL_manta	TERT_DUP_manta	TERT_INV_manta	ATRX_MOD_HIGH_mut_consensus	ATRX_deep deletion_consensus	ATRX_gain_consensus	ATRX_loss_consensus	ATRX_neutral_consensus	ATRX_BND_manta	ATRX_DEL_manta	ATRX_DUP_manta	ATRX_INV_manta	DAXX_MOD_HIGH_mut_consensus	DAXX_gain_consensus	DAXX_loss_consensus	DAXX_neutral_consensus	DAXX_BND_manta	DAXX_DEL_manta	DAXX_DUP_manta	DAXX_INV_manta	Tumor_Sample_Barcode
BS_WJF6ZXWN	BS_NR3P3GN2	BS_EQG6D837	7316-3935	NA	NA	NA	1.56346077095907	NA	NA	NA	NA	NA	NEG	NA	NA	NA	NA	NA	0	0	0	33.32	0	0.26	13.99	NA	NA	NA	NA	NA	NA	NA	NA	NA	NA	NA	NA	NA	1563855488	79502	48-52	185923605	427.605736	612626771	19835	48-52	72522985	273.499498	1.5634607709590749	96650.8384025285	0.674688586310984	NA	tumor	non-ALT	HGAT	PT_DJ106XYS	C975144	Other	725412	WGS	Tumor	Solid Tissue	Initial CNS Tumor	Other locations NOS	Male	Reported Unknown	Hispanic or Latino	4489	High-grade glioma/astrocytoma (WHO grade III/IV)	Diffuse midline glioma, H3 K28-mutant	HGAT	Diffuse astrocytic and oligodendroglial tumor	Updated via OpenPBTA subtyping	Male	NA	18	DECEASED	CBTN	4507	NantOmics	0.647329215	0.352670785	2	7316-3935-T-609467.WGS	None documented	DMG, H3 K28, TP53 activated	diffuse midline glioma	NA	NA	NA	NA	NA	NA	NA	NA	NA	NA	NA	NA	NA	NA	NA	NA	NA	NA	NA	NA	NA	NA	NA	0	0	0	1	BS_WJF6ZXWN
BS_J8EK6RNF	NA	BS_HJ7HYZ7N	7316-3237	NA	NA	NA	0.549809818550993	NA	NA	NA	NA	NA	NA	NA	NA	NA	NA	NA	NA	NA	NA	NA	NA	NA	NA	NA	NA	NA	NA	NA	NA	NA	NA	NA	NA	NA	NA	NA	1545874222	73686	48-52	184764204	398.811016	880241299	76148	48-52	104979342	725.361757	0.5498098185509938	NA	NA	NA	tumor	non-ALT	HGAT	PT_KBFM551M	C3079182	Midline	556480	WGS	Tumor	Solid Tissue	Progressive Disease Post-Mortem	Pons	Not Reported	Not Reported	Not Reported	3425	Brainstem glioma- Diffuse intrinsic pontine glioma	High-grade glioma/astrocytoma, H3 wildtype	HGAT	Diffuse astrocytic and oligodendroglial tumor	Updated via OpenPBTA subtyping	Male	NA	395	DECEASED	PNOC	3820	NantOmics	0.454947495	0.545052505	2	7316-3237-T.WGS	NA	HGG, H3 wildtype, TP53 loss	Diffuse Astrocytoma	NA	NA	NA	NA	NA	NA	NA	NA	NA	NA	NA	NA	NA	NA	NA	NA	NA	NA	NA	NA	NA	NA	NA	NA	NA	NA	NA	BS_J8EK6RNF
BS_96S0VQBN	BS_WKESC3XN	BS_0KKH9VKP	7316-3303	NA	NA	NA	4.07876454077128	1	POS	ATRX NEG (10%pos)	0	1	POS	NA	NA	NF1	p.Lys583Arg	NA	0	0	0	43.88	0	0.05	20.57	NA	NA	NA	NA	NA	NA	NA	NA	NA	NA	NA	NA	NA	1553171106	231445	48-52	189884480	1218.872654	607223954	21982	48-52	73559286	298.833787	4.078764540771289	91535.7955834611	0.454751650623647	NA	tumor	ALT	HGAT	PT_1H2REHT2	C53013	Midline	739781	WGS	Tumor	Solid Tissue	Progressive	Basal Ganglia;Thalamus	Male	White	Not Hispanic or Latino	6419	High-grade glioma/astrocytoma (WHO grade III/IV)	High-grade glioma/astrocytoma, H3 wildtype	HGAT	Diffuse astrocytic and oligodendroglial tumor	Updated via OpenPBTA subtyping	Male	NA	3295	DECEASED	CBTN	9714	NantOmics	0.636515129	0.363484871	4	7316-3303-T-573928.WGS	NF-1	HGG, H3 wildtype, TP53 loss	pleomorphic xanthoastrocytoma	NA	NA	NA	NA	NA	NA	0	0	0	1	NA	NA	NA	NA	NA	NA	NA	NA	NA	NA	NA	NA	NA	NA	NA	NA	NA	BS_96S0VQBN
BS_M0B42FPR	BS_F0JB4EAK	BS_9H6Z0MEG	7316-3214	NA	NA	NA	0.443785365936192	NA	NA	NA	NA	NA	NA	NA	NA	NA	NA	NA	0	0	1	11.4	0	0.05	16.45	NA	NA	NA	NA	NA	NA	NA	NA	NA	NA	NA	NA	NA	1843249887	56904	48-52	216254920	263.133898	913193345	64168	48-52	108221782	592.930543	0.443785365936192	84355.3396101732	0.46529003694117294	NA	tumor	non-ALT	HGAT	PT_KBFM551M	C3079182	Midline	A07094	WGS	Tumor	Solid Tissue	Initial CNS Tumor	Pons/Brainstem	Not Reported	Not Reported	Not Reported	3425	Brainstem glioma- Diffuse intrinsic pontine glioma	High-grade glioma/astrocytoma, H3 wildtype	HGAT	Diffuse astrocytic and oligodendroglial tumor	Updated via OpenPBTA subtyping	Male	NA	395	DECEASED	PNOC	3820	NantOmics	0.447427285	0.552572715	3	7316-3214-T-A07083.WGS	NA	HGG, H3 wildtype, TP53 loss	Diffuse Astrocytoma	NA	NA	NA	NA	NA	NA	0	1	0	0	NA	NA	NA	NA	NA	0	0	0	1	NA	NA	NA	NA	NA	NA	NA	NA	BS_M0B42FPR
BS_1S5V7WWC	BS_MDBT7S5Z	BS_61KN2D29	7316-3771	NA	NA	NA	1.02548778504827	0	NEG	ATRX POS	0	1	NEG	NA	NA	NA	NA	NA	0	0	0	47.02	0	0.26	17.1499999999998	NA	NA	NA	NA	NA	NA	NA	NA	NA	NA	NA	NA	NA	1532033492	58583	48-52	180538805	324.489796	730138999	27395	48-52	86576645	316.424828	1.0254877850482709	98161.67980171289	0.739651840657069	NA	tumor	non-ALT	HGAT	PT_QTDY0Y9A	C973299	Mixed	728373	WGS	Tumor	Solid Tissue	Initial CNS Tumor	Cerebellum/Posterior Fossa;Spinal Cord- Cervical;Spinal Cord- Lumbar/Thecal Sac;Spinal Cord- Thoracic	Male	Asian	Not Hispanic or Latino	4290	High-grade glioma/astrocytoma (WHO grade III/IV)	Diffuse midline glioma, H3 K28-mutant	HGAT	Diffuse astrocytic and oligodendroglial tumor	Updated via OpenPBTA subtyping	Male	NA	814	DECEASED	CBTN	5104	NantOmics	0.083205332	0.916794668	4	7316-3771-T-592398.WGS	None documented	DMG, H3 K28	diffuse midline glioma	NA	NA	NA	NA	NA	NA	NA	NA	NA	NA	NA	NA	NA	NA	NA	NA	NA	NA	NA	NA	NA	NA	NA	NA	NA	NA	NA	BS_1S5V7WWC
BS_J8EH1N7V	NA	BS_29YQSB5E	7316-3229	NA	NA	NA	0.861234022500578	NA	NA	NA	NA	NA	NA	NA	NA	NA	NA	NA	NA	NA	NA	NA	NA	NA	NA	NA	NA	NA	NA	NA	NA	NA	NA	NA	NA	NA	NA	NA	1815047676	97626	48-52	213212669	457.880859	825665349	54281	48-52	102097834	531.656724	0.8612340225005787	NA	NA	NA	tumor	non-ALT	HGAT	PT_MNSEJCDM	C3078813	Midline	SF5608-2	WGS	Tumor	Solid Tissue	Progressive Disease Post-Mortem	Inferior Pons	Not Reported	Not Reported	Not Reported	2190	Brainstem glioma- Diffuse intrinsic pontine glioma	Diffuse midline glioma, H3 K28-mutant	HGAT	Diffuse astrocytic and oligodendroglial tumor	Updated via OpenPBTA subtyping	Male	NA	12	DECEASED	PNOC	2202	NantOmics	0.396946174	0.603053826	4	7316-3229-T-SF5608-2.WGS	NA	DMG, H3 K28, TP53 activated	Diffuse midline glioma, H3K27M mutant, WHO grade IV	NA	NA	NA	NA	NA	NA	NA	NA	NA	NA	NA	NA	NA	NA	NA	NA	NA	NA	NA	NA	NA	NA	NA	0	0	1	0	BS_J8EH1N7V
BS_P4K6WK9Y	BS_TRKH2SPE	BS_N1WCEX2B	7316-461	NA	NA	NA	0.407527437990096	0	NEG	ATRX POS	0	1	NEG	NA	NA	NA	NA	NA	0	0	0	30.19	0	0.19	19.13	NA	NA	NA	NA	NA	NA	NA	NA	NA	NA	NA	NA	NA	1322430030	29274	48-52	162453339	180.199436	771987080	40419	48-52	91409007	442.177432	0.4075274379900962	94344.5844677285	0.575524133289009	NA	tumor	non-ALT	HGAT	PT_RA6AGBA7	C96432	Midline	739787	WGS	Tumor	Solid Tissue	Progressive	Thalamus	Female	Black or African American	Not Hispanic or Latino	3209	High-grade glioma/astrocytoma (WHO grade III/IV)	Diffuse midline glioma, H3 K28-mutant	HGAT	Diffuse astrocytic and oligodendroglial tumor	Updated via OpenPBTA subtyping	Female	NA	524	DECEASED	CBTN	3733	NantOmics	0.208154833	0.791845167	2	7316-461-T-567996.WGS	None documented	DMG, H3 K28, TP53 activated	high-grade glioma	NA	NA	0	1	0	0	0	1	0	2	NA	0	0	1	0	0	1	0	1	NA	NA	NA	NA	NA	NA	NA	NA	BS_P4K6WK9Y
BS_7PF3C1P7	NA	BS_QPSQPDR8	7316-3218	NA	NA	NA	1.08950264868541	NA	NA	NA	NA	NA	NA	NA	NA	NA	NA	NA	NA	NA	NA	NA	NA	NA	NA	NA	NA	NA	NA	NA	NA	NA	NA	NA	NA	NA	NA	NA	1837172879	124970	48-52	217342495	574.991099	943616810	72297	48-52	136989552	527.755577	1.0895026486854158	NA	NA	NA	tumor	non-ALT	HGAT	PT_QA9WJ679	C3079797	Midline	A08774	WGS	Tumor	Solid Tissue	Initial CNS Tumor	Pons/Brainstem	Not Reported	Not Reported	Not Reported	5417	Brainstem glioma- Diffuse intrinsic pontine glioma	Diffuse midline glioma, H3 K28-mutant	HGAT	Diffuse astrocytic and oligodendroglial tumor	Updated via OpenPBTA subtyping	Male	NA	561	DECEASED	PNOC	5978	NantOmics	0.225344026	0.774655974	2	7316-3218-T-A08768.WGS	NA	DMG, H3 K28, TP53 loss	Diffuse Astrocytoma	NA	NA	NA	NA	NA	NA	NA	NA	NA	NA	NA	NA	NA	NA	NA	0	1	0	0	NA	NA	NA	NA	NA	NA	NA	NA	BS_7PF3C1P7
BS_C19DFVR5	BS_BMMY0H73	BS_N2A2JA32	7316-343	G1964Efs*18	3	FS Delete	1.98723126828427	NA	NA	NA	NA	NA	POS	NA	Truncating mut	RUNX1 x 2	NA	NA	0	1	1	5.76	NA	NA	25.34	NA	NA	NA	NA	NA	NA	NA	NA	NA	NA	NA	NA	NA	1815071433	117684	48-52	215468494	546.177299	661855916	21810	48-52	79354294	274.84335	1.987231268284279	89177.5109020897	0.623776473962117	NA	tumor	ALT	HGAT	PT_X5TQR8V2	C71709	Midline	549705	WGS	Tumor	Solid Tissue	Initial CNS Tumor	Thalamus	Female	White	Not Hispanic or Latino	6470	High-grade glioma/astrocytoma (WHO grade III/IV)	Diffuse midline glioma, H3 K28-mutant	HGAT	Diffuse astrocytic and oligodendroglial tumor	Updated via OpenPBTA subtyping	Female	NA	534	DECEASED	CBTN	7004	NantOmics	0.470612141	0.529387859	2	7316-343-T-242379.WGS	None documented	DMG, H3 K28, TP53 loss	gbm	NA	NA	NA	NA	NA	NA	2	1	1	2	p.G1964Efs*18	NA	NA	NA	NA	NA	NA	NA	NA	NA	NA	NA	NA	0	0	2	2	BS_C19DFVR5
BS_NJFK43N3	BS_52C576HH	BS_EBBQ7GD2	7316-3075	NA	NA	NA	0.859182287154717	NA	NA	NA	NA	NA	NEG	NA	NA	NA	NA	NA	0	0	1	19.66	NA	NA	29.14	NA	NA	NA	1	Pathogenic	CREBBP	NA	NA	NA	NA	NA	NA	NA	1581319614	84100	48-52	188999926	444.973719	766991164	47166	48-52	91070978	517.903739	0.8591822871547178	92089.1216293164	0.47854359905226	NA	tumor	non-ALT	HGAT	PT_KFYJBQB8	C944517	Hemispheric	717040	WGS	Tumor	Solid Tissue	Initial CNS Tumor	Temporal Lobe	Male	White	Not Hispanic or Latino	257	High-grade glioma/astrocytoma (WHO grade III/IV)	High-grade glioma/astrocytoma, H3 wildtype	HGAT	Diffuse astrocytic and oligodendroglial tumor	Updated via OpenPBTA subtyping	Male	NA	NA	LIVING	CBTN	257	NantOmics	0.507377146	0.492622854	4	7316-3075-T-549171.WGS	None documented	HGG, H3 wildtype	high grade glioma	NA	NA	NA	NA	NA	NA	NA	NA	NA	NA	NA	0	0	1	0	NA	NA	NA	NA	NA	NA	NA	NA	NA	NA	NA	NA	BS_NJFK43N3
BS_EE73VE7V	NA	BS_SNRF1RKC	7316-3230	NA	NA	NA	0.622274971715521	NA	NA	NA	NA	NA	NA	NA	NA	NA	NA	NA	NA	NA	NA	NA	NA	NA	NA	NA	NA	NA	NA	NA	NA	NA	NA	NA	NA	NA	NA	NA	1497981184	60376	48-52	175339497	344.337705	867828074	58048	48-52	104902301	553.352972	0.6222749717155219	NA	NA	NA	tumor	non-ALT	HGAT	PT_KTRJ8TFY	C3081027	Midline	SF5606-12	WGS	Tumor	Solid Tissue	Progressive Disease Post-Mortem	R. Inferior Pons	Not Reported	Not Reported	Not Reported	2079	Brainstem glioma- Diffuse intrinsic pontine glioma	High-grade glioma/astrocytoma, H3 wildtype	HGAT	Diffuse astrocytic and oligodendroglial tumor	Updated via OpenPBTA subtyping	Male	NA	274	DECEASED	PNOC	2353	NantOmics	0	1	2	7316-3230-T-SF5606-12.WGS	NA	HGG, H3 wildtype, TP53 loss	Infiltrating Diffuse Astrocytoma	NA	NA	NA	NA	NA	NA	0	0	0	2	NA	NA	NA	NA	NA	NA	NA	NA	NA	NA	NA	NA	NA	NA	NA	NA	NA	BS_EE73VE7V
BS_KHSYAB3J	BS_4B0BAVTX	BS_1034EC8V	7316-2152	ATRX--AL157778.1/AL137843.1	7	Fusion	1.07733795771882	1	POS	ATRX NEG	1	0	POS	NA	NA	NA	NA	NA	0	0	0	42.07	0	0.02	15.88	ATRX--AL157778.1(513131)/AL137843.1(278882)	NA	NA	NA	NA	NA	NA	NA	NA	NA	NA	NA	NA	1650896067	126251	48-52	195112325	647.068298	944874110	67781	48-52	112852143	600.617748	1.0773379577188251	91398.2110975739	0.448835784169632	NA	tumor	ALT	HGAT	PT_7FZ8SE69	C524349	Midline	574337	WGS	Tumor	Solid Tissue	Initial CNS Tumor	Optic Pathway;Suprasellar/Hypothalamic/Pituitary;Thalamus	Male	White	Not Hispanic or Latino	4402	High-grade glioma/astrocytoma (WHO grade III/IV)	Diffuse midline glioma, H3 K28-mutant	HGAT	Diffuse astrocytic and oligodendroglial tumor	Updated via OpenPBTA subtyping	Male	NA	482	DECEASED	CBTN	4884	NantOmics	0.208674036	0.791325964	2	7316-2152-T-409299.WGS	None documented	DMG, H3 K28, TP53 loss	high grade glioma (who grade iii)	NA	NA	NA	NA	NA	NA	NA	NA	NA	NA	NA	1	0	0	0	1	1	5	3	NA	NA	NA	NA	0	0	1	1	BS_KHSYAB3J
BS_KAD49R68	BS_VMQMGSJY	BS_BZ7FK347	7316-3521	NA	NA	NA	1.28207794360592	NA	NA	NA	NA	NA	NA	NA	NA	NA	NA	NA	0	0	0	29.73	0	0.25	22.69	NA	NA	NA	NA	NA	NA	NA	NA	NA	NA	NA	NA	NA	1518680719	82211	48-52	187467890	438.533767	701535061	28758	48-52	84075618	342.049225	1.2820779436059242	89560.2658567361	0.369807698085174	NA	tumor	non-ALT	HGAT	PT_63F63QY0	C944025	Midline	739821	WGS	Tumor	Solid Tissue	Progressive	Thalamus	Female	White	Not Hispanic or Latino	4188	High-grade glioma/astrocytoma (WHO grade III/IV)	Diffuse midline glioma, H3 K28-mutant	HGAT	Diffuse astrocytic and oligodendroglial tumor	Updated via OpenPBTA subtyping	Female	NA	1017	LIVING	CBTN	5205	NantOmics	0.698543665	0.301456335	3	7316-3521-T-576646.WGS	None documented	DMG, H3 K28	glioma h3.3k27m mutant	NA	rs1242535815,COSM1716558,COSM1716563	NA	NA	NA	NA	NA	NA	NA	NA	NA	NA	NA	NA	NA	NA	NA	NA	NA	NA	NA	NA	NA	NA	NA	NA	NA	BS_KAD49R68
BS_20TBZG09	BS_W9N9844Q	BS_0754AZX0	7316-515	E1365*, D2326Y, E1643D, L291F, L1612I	5	Missense	1.30551947713443	NA	NA	NA	NA	NA	POS	NA	Truncating mut	PMS2	NA	NA	0	0	0	21.28	0	0.04	27.03	NA	NA	NA	1	Pathogenic	MSH6	NA	NA	NA	NA	NA	NA	NA	1215142863	93044	48-52	150537569	618.078269	832217014	45980	48-52	97120039	473.434736	1.3055194771344365	94264.3012882571	0.572072112044082	NA	tumor	ALT	HGAT	PT_3CHB9PK5	C102951	Hemispheric	711285	WGS	Tumor	Solid Tissue	Initial CNS Tumor	Frontal Lobe	Female	White	Not Hispanic or Latino	2908	High-grade glioma/astrocytoma (WHO grade III/IV)	High-grade glioma/astrocytoma, H3 wildtype	HGAT	Diffuse astrocytic and oligodendroglial tumor	Updated via OpenPBTA subtyping	Female	NA	547	DECEASED	CBTN	3455	NantOmics	0.601832864	0.398167136	2	7316-515-T-331492.WGS	NF-1,Other inherited conditions NOS	HGG, H3 wildtype, TP53 loss	high grade glioma with pilocytic astrocytoma features	p.R646H	NA	NA	NA	NA	NA	NA	NA	NA	NA	p.D2326Y, p.E1643D, p.L1612I, p.E1365*, p.L291F	NA	NA	NA	NA	NA	NA	NA	NA	p.D738Y	NA	NA	NA	NA	NA	NA	NA	BS_20TBZG09
BS_KSHETTQC	BS_0C7VZC0A	BS_GKJZGTFS	7316-2176	NA	NA	NA	0.768361612323581	0	NEG	ATRX POS	0	1	NEG	NA	NA	NA	NA	NA	0	0	0	74.92	NA	NA	21.48	NA	NA	NA	NA	NA	NA	NA	NA	NA	NA	NA	NA	NA	1890591973	85417	48-52	219854428	388.516169	976759902	57586	48-52	113886822	505.642347	0.7683616123235818	89505.9451483699	0.367472012820158	NA	tumor	non-ALT	HGAT	PT_VAJN5QP8	C624225	Hemispheric	563910	WGS	Tumor	Solid Tissue	Initial CNS Tumor	Basal Ganglia;Optic Pathway;Temporal Lobe;Ventricles	Female	White	Not Hispanic or Latino	6158	High-grade glioma/astrocytoma (WHO grade III/IV)	High-grade glioma/astrocytoma, H3 wildtype	HGAT	Diffuse astrocytic and oligodendroglial tumor	Updated via OpenPBTA subtyping	Female	NA	1433	LIVING	CBTN	7591	NantOmics	0.406154001	0.593845999	4	7316-2176-T-425778.WGS	None documented	HGG, H3 wildtype	high grade glioma	NA	NA	NA	NA	NA	NA	NA	NA	NA	NA	NA	NA	NA	NA	NA	0	0	1	0	NA	NA	NA	NA	0	1	1	0	BS_KSHETTQC
BS_ZCY4ECNV	BS_2A5R9MEJ	BS_EPCD7XFA	7316-1085	NA	NA	NA	1.0679414088142	NA	NA	NA	NA	NA	POS	NA	NA	NA	NA	NA	0	0	0	55.96	0	0.14	17.66	NA	NA	NA	NA	NA	NA	NA	NA	NA	NA	NA	NA	NA	1481114545	66170	48-52	178852976	369.968683	640954352	27012	48-52	77972095	346.43163	1.067941408814201	95289.3236736491	0.61614608960956	NA	tumor	ALT	HGAT	PT_FYPWZBH0	C879573	Midline	711393	WGS	Tumor	Solid Tissue	Initial CNS Tumor	Brain Stem- Midbrain/Tectum;Thalamus	Female	White	Not Hispanic or Latino	3360	High-grade glioma/astrocytoma (WHO grade III/IV)	Diffuse midline glioma, H3 K28-mutant	HGAT	Diffuse astrocytic and oligodendroglial tumor	Updated via OpenPBTA subtyping	Female	NA	NA	LIVING	CBTN	3360	NantOmics	0.159581628	0.840418372	2	7316-1085-T-353519.WGS	None documented	DMG, H3 K28, TP53 loss	diffuse midline glioma, h3 k27 m	NA	NA	NA	NA	NA	NA	NA	NA	NA	NA	NA	0	0	1	0	0	1	0	0	NA	NA	NA	NA	NA	NA	NA	NA	BS_ZCY4ECNV
BS_3BMGF6GN	BS_X23724NJ	BS_XKHY9A6D	7316-1656	NA	NA	NA	0.366265200539344	NA	NA	NA	NA	NA	NEG	NA	NA	NA	NA	NA	0	0	0	23.68	0	0.04	23.9	NA	NA	NA	1	Pathogenic	BRCA2	Likely_pathogenic	NA	NA	CPZ	NA	NA	NA	1481173208	41792	48-52	184076919	227.035525	924520197	67490	48-52	108878284	619.866492	0.3662652005393445	90959.2502596566	0.429961318208487	NA	tumor	non-ALT	HGAT	PT_Y8RNS9JE	C410082	Hemispheric	711112	WGS	Tumor	Solid Tissue	Recurrence	Temporal Lobe	Male	White	Not Hispanic or Latino	3215	High-grade glioma/astrocytoma (WHO grade III/IV)	High-grade glioma/astrocytoma, H3 wildtype	HGAT	Diffuse astrocytic and oligodendroglial tumor	Updated via OpenPBTA subtyping	Male	NA	NA	NA	CBTN	3215	NantOmics	0.408749253	0.591250747	2	7316-1656-T-360998.WGS	None documented	HGG, H3 wildtype, TP53 activated	glioblastoma	NA	NA	NA	NA	NA	NA	NA	NA	NA	NA	NA	NA	NA	NA	NA	NA	NA	NA	NA	NA	NA	NA	NA	NA	NA	NA	NA	BS_3BMGF6GN
BS_KY1CTGJ3	BS_1A6MQ9ZA	BS_H4KBJDGN	7316-1769	NA	NA	NA	4.47094247169294	NA	UNCERTAIN (LEANING POS)	ATRX POS	0	1	NEG	NA	NA	none listed	NA	NA	0	0	0	38.61	NA	NA	21.86	NA	NA	NA	NA	NA	NA	NA	NA	NA	NA	NA	NA	NA	1829883576	374361	48-52	217578763	1720.57693	817561827	38545	48-52	100159705	384.835399	4.470942471692943	90943.9900184336	0.429305157388109	NA	tumor	non-ALT	HGAT	PT_JSFBMK5V	C88806	Midline	549713	WGS	Tumor	Solid Tissue	Progressive	Frontal Lobe;Suprasellar/Hypothalamic/Pituitary;Thalamus;Ventricles	Male	White	Not Hispanic or Latino	5653	High-grade glioma/astrocytoma (WHO grade III/IV)	Diffuse midline glioma, H3 K28-mutant	HGAT	Diffuse astrocytic and oligodendroglial tumor	Updated via OpenPBTA subtyping	Male	NA	638	DECEASED	CBTN	6291	NantOmics	0.141990801	0.858009199	2	7316-1769-T-366000.WGS	None documented	DMG, H3 K28	high-grade glioma	NA	NA	NA	NA	NA	NA	NA	NA	NA	NA	NA	NA	NA	NA	NA	0	1	0	0	NA	NA	NA	NA	NA	NA	NA	NA	BS_KY1CTGJ3
BS_0ATJ22QA	NA	BS_3PNWA7WT	7316-3217	L563*	6	Nonsense	0.917409965813078	NA	NA	NA	NA	NA	NA	NA	TRUNC MUT	NA	NA	NA	NA	NA	NA	NA	NA	NA	NA	NA	NA	NA	NA	NA	NA	NA	NA	NA	NA	NA	NA	NA	1783594855	108802	48-52	209799079	518.600942	940641307	63829	48-52	112914104	565.288106	0.9174099658130788	NA	NA	NA	tumor	non-ALT	HGAT	PT_KZ56XHJT	C3079551	Midline	A12401	WGS	Tumor	Solid Tissue	Progressive	Pons/Brainstem	Not Reported	Not Reported	Not Reported	2773	Brainstem glioma- Diffuse intrinsic pontine glioma	Diffuse midline glioma, H3 K28-mutant	HGAT	Diffuse astrocytic and oligodendroglial tumor	Updated via OpenPBTA subtyping	Female	NA	241	DECEASED	PNOC	3014	NantOmics	0.599191252	0.400808748	3	7316-3217-T-A12398.WGS	NA	DMG, H3 K28	Anaplastic Astrocytoma	NA	NA	NA	NA	NA	NA	NA	NA	NA	NA	NA	NA	NA	NA	NA	NA	NA	NA	NA	NA	NA	NA	NA	NA	NA	NA	NA	BS_0ATJ22QA
BS_58X7SKJS	BS_8PNA0V6R	BS_SP3ND4W3	7316-1946	I360Rfs*6	3	FS Delete	3.60640770526025	NA	NA	NA	NA	NA	NEG	NA	Truncating mut	MSH6	p.Arg988Cys	NA	0	0	1	16.71	0	0.01	14.62	NA	NA	NA	1	Pathogenic	GJB2	NA	NA	NA	NA	NA	NA	NA	1650587019	184968	48-52	200056161	924.580373	747537834	22871	48-52	89210363	256.371561	3.6064077052602577	91392.9953398531	0.448611516688212	NA	tumor	non-ALT	HGAT	PT_QQZXYR4M	C457683	Hemispheric	655070	WGS	Tumor	Solid Tissue	Initial CNS Tumor	Frontal Lobe;Temporal Lobe	Male	White	Not Hispanic or Latino	9490	High-grade glioma/astrocytoma (WHO grade III/IV)	High-grade glioma/astrocytoma, IDH-mutant	HGAT	Diffuse astrocytic and oligodendroglial tumor	Updated via OpenPBTA subtyping	Male	NA	NA	LIVING	CBTN	9490	NantOmics	0.246452476	0.753547524	2	7316-1946-T-389263.WGS	None documented	HGG, IDH, TP53 loss	anaplastic astrocytoma	NA	NA	NA	NA	NA	NA	NA	NA	NA	NA	p.I360Rfs*6	NA	NA	NA	NA	NA	NA	NA	NA	NA	NA	NA	NA	NA	NA	NA	NA	BS_58X7SKJS
BS_E42SSQGJ	BS_SB12W1XT	BS_YKT1NAJQ	7316-85	NA	NA	NA	0.785423033777576	NA	No results, out of focus [NEG in 2019]	ATRX POS	0	1	NEG	NA	NA	NA	NA	NA	0	0	1	19.8099999999998	NA	NA	34.36	NA	NA	NA	NA	NA	NA	NA	NA	NA	NA	NA	NA	NA	1718371404	77810	48-52	198453523	392.081727	876815487	52159	48-52	104485563	499.198152	0.7854230337775769	86745.9205744115	0.543859344519961	NA	tumor	non-ALT	HGAT	PT_3AWKWXEV	C28290	Hemispheric	549720	WGS	Tumor	Solid Tissue	Initial CNS Tumor	Temporal Lobe	Male	White	Unavailable/Not Reported	919	High-grade glioma/astrocytoma (WHO grade III/IV)	High-grade glioma/astrocytoma, H3 wildtype	HGAT	Diffuse astrocytic and oligodendroglial tumor	Updated via OpenPBTA subtyping	Male	NA	515	DECEASED	CBTN	1434	NantOmics	0.20196916	0.79803084	2	7316-85-T-61498.WGS	None documented	HGG, H3 wildtype	glioblastoma multiforme	NA	NA	NA	NA	NA	NA	NA	NA	NA	NA	NA	NA	NA	NA	NA	0	0	1	0	NA	NA	NA	NA	NA	NA	NA	NA	BS_E42SSQGJ
BS_1M63B97V	BS_TK84K675	BS_RB3PE7G3	7316-2751	NA	NA	NA	0.577817262307431	0	NEG	ATRX POS	0	1	NEG	NA	NA	NA	NA	NA	0	0	0	33.9	0	0.03	9.4	NA	NA	NA	NA	NA	NA	NA	NA	NA	NA	NA	NA	NA	1441457101	43169	48-52	169652584	254.455305	861749920	44757	48-52	101634223	440.373318	0.5778172623074317	91252.473089941	0.442569332070264	NA	tumor	non-ALT	HGAT	PT_MDWPRDBT	C271092	Hemispheric	711380	WGS	Tumor	Solid Tissue	Progressive	Cerebellum/Posterior Fossa;Hippocampus;Other locations NOS;Spinal Cord- Thoracic;Temporal Lobe;Thalamus	Female	White	Not Hispanic or Latino	980	High-grade glioma/astrocytoma (WHO grade III/IV)	High-grade glioma/astrocytoma, H3 wildtype	HGAT	Diffuse astrocytic and oligodendroglial tumor	Updated via OpenPBTA subtyping	Female	NA	1250	DECEASED	CBTN	2230	NantOmics	0.428136088	0.571863912	2	7316-2751-T-533306.WGS	None documented	HGG, H3 wildtype	high-grade glioma	NA	NA	NA	NA	NA	NA	NA	NA	NA	NA	NA	NA	NA	NA	NA	NA	NA	NA	NA	NA	NA	NA	NA	NA	NA	NA	NA	BS_1M63B97V
BS_D368BNRD	BS_H0QWRJE2	BS_RB3PE7G3	7316-2146	NA	NA	NA	0.765183975110862	0	NEG	ATRX POS	0	1	NEG	NA	NA	NA	NA	NA	0	0	0	50.88	NA	NA	8.42	NA	NA	NA	NA	NA	NA	NA	NA	NA	NA	NA	NA	NA	1752079933	71354	48-52	211753921	336.966606	861749920	44757	48-52	101634223	440.373318	0.7651839751108627	86201.734782857	0.225397365869342	NA	tumor	non-ALT	HGAT	PT_MDWPRDBT	C271092	Midline	563908	WGS	Tumor	Solid Tissue	Progressive	Cerebellum/Posterior Fossa;Frontal Lobe	Female	White	Not Hispanic or Latino	980	High-grade glioma/astrocytoma (WHO grade III/IV)	High-grade glioma/astrocytoma, H3 wildtype	HGAT	Diffuse astrocytic and oligodendroglial tumor	Updated via OpenPBTA subtyping	Female	NA	1250	DECEASED	CBTN	2230	NantOmics	0.139271007	0.860728993	2	7316-2146-T-409210.WGS	None documented	HGG, H3 wildtype	high grade malignant glioma	NA	NA	NA	NA	NA	NA	NA	NA	NA	NA	NA	NA	NA	NA	NA	NA	NA	NA	NA	NA	NA	NA	NA	NA	NA	NA	NA	BS_D368BNRD
BS_S0T3CQ97	BS_29X4ZX6Q	BS_7CBZW7P6	7316-2980	R840Efs*29	3	FS Delete	1.9045233498792	1	POS	ATRX NEG	1	0	POS	NA	Truncating mut	POLE x 2	NA	NA	0	0	0	21.1	0	0.08	25.95	NA	NA	NA	1	Pathogenic	CCDC107	NA	NA	NA	NA	NA	NA	NA	1412368860	80617	48-52	172213194	468.12325	653126145	19248	48-52	78309004	245.79549	1.9045233498792025	93275.8624924071	0.529571157982977	NA	tumor	ALT	HGAT	PT_63HDZHCN	C27306	Hemispheric	732123	WGS	Tumor	Solid Tissue	Initial CNS Tumor	Temporal Lobe	Male	White	Not Hispanic or Latino	2938	High-grade glioma/astrocytoma (WHO grade III/IV)	High-grade glioma/astrocytoma, H3 wildtype	HGAT	Diffuse astrocytic and oligodendroglial tumor	Updated via OpenPBTA subtyping	Male	NA	1139	DECEASED	CBTN	4077	NantOmics	0.146453455	0.853546545	2	7316-2980-T-534980.WGS	None documented	HGG, H3 wildtype, TP53 activated	gbm	NA	NA	NA	NA	NA	NA	NA	NA	NA	NA	p.R840Efs*29	NA	NA	NA	NA	NA	NA	NA	NA	NA	NA	NA	NA	NA	NA	NA	NA	BS_S0T3CQ97
BS_1MME7FBS	NA	BS_STZ2C71Q	7316-3216	W2001*	6	Nonsense	1.79684730656679	NA	NA	NA	NA	NA	NA	NA	Truncating Mut	none listed	NA	NA	NA	NA	NA	NA	NA	NA	NA	NA	NA	NA	NA	NA	NA	NA	NA	NA	NA	NA	NA	NA	1799611668	234324	48-52	209339513	1119.349122	941521643	70470	48-52	113122731	622.951721	1.7968473065667958	NA	NA	NA	tumor	non-ALT	HGAT	PT_NK8A49X5	C3079428	Midline	A08713	WGS	Tumor	Solid Tissue	Initial CNS Tumor	Pons/Brainstem	Not Reported	Not Reported	Not Reported	4896	Brainstem glioma- Diffuse intrinsic pontine glioma	Diffuse midline glioma, H3 K28-mutant	HGAT	Diffuse astrocytic and oligodendroglial tumor	Updated via OpenPBTA subtyping	Male	NA	704	DECEASED	PNOC	5600	NantOmics	0	1	2	7316-3216-T-A08692.WGS	NA	DMG, H3 K28	Diffuse Astrocytoma	NA	NA	NA	NA	NA	NA	NA	NA	NA	NA	p.W2001*	NA	NA	NA	NA	NA	NA	NA	NA	NA	NA	NA	NA	NA	NA	NA	NA	BS_1MME7FBS
BS_H0638GZT	BS_T3DGY9J9	BS_H4KBJDGN	7316-392	NA	NA	NA	3.88902941072736	NA	NA	NA	NA	NA	POS	NA	LOW EXPRESSION	none listed	NA	NA	0	0	1	14.83	NA	NA	20.72	NA	NA	NA	NA	NA	NA	NA	NA	NA	NA	NA	NA	NA	1704928620	304830	48-52	203676754	1496.636185	817561827	38545	48-52	100159705	384.835399	3.889029410727365	77460.7874993799	0.238692321358866	NA	tumor	ALT	HGAT	PT_JSFBMK5V	C88806	Midline	549697	WGS	Tumor	Solid Tissue	Initial CNS Tumor	Thalamus	Male	White	Not Hispanic or Latino	5653	High-grade glioma/astrocytoma (WHO grade III/IV)	Diffuse midline glioma, H3 K28-mutant	HGAT	Diffuse astrocytic and oligodendroglial tumor	Updated via OpenPBTA subtyping	Male	NA	638	DECEASED	CBTN	6291	NantOmics	0	1	2	7316-392-T-290287.WGS	None documented	DMG, H3 K28	glioblastoma multiforme who iv	NA	NA	NA	NA	NA	NA	NA	NA	NA	NA	NA	NA	NA	NA	NA	NA	NA	NA	NA	NA	NA	NA	NA	NA	NA	NA	NA	BS_H0638GZT
BS_3NX3RBCX	BS_23QW0BBA	BS_2EJWS3SD	7316-114	NA	NA	NA	3.43674119313015	1	POS	POS ATRX	0	1	POS	NA	NA	none listed	NA	NA	0	0	0	49.42	NA	NA	22.3	NA	NA	NA	NA	NA	NA	NA	NA	NA	NA	NA	NA	NA	1726986062	360588	48-52	203356392	1773.182522	974298246	58541	48-52	113462807	515.948808	3.436741193130153	93406.5341357863	0.535189785596209	NA	tumor	ALT	HGAT	PT_3X3MF8ZD	C30258	Mixed	577167	WGS	Tumor	Solid Tissue	Second Malignancy	Brain Stem-Medulla;Brain Stem- Pons;Spinal Cord- Cervical;Spinal Cord- Thoracic;Suprasellar/Hypothalamic/Pituitary	Female	White	Not Hispanic or Latino	3600	High-grade glioma/astrocytoma (WHO grade III/IV)	High-grade glioma/astrocytoma, H3 wildtype	HGAT	Diffuse astrocytic and oligodendroglial tumor	Updated via OpenPBTA subtyping	Female	NA	8281	DECEASED	CBTN	11881	NantOmics	0.111868325	0.888131675	2	7316-114-T-106822.WGS	None documented	HGG, H3 wildtype	high-grade glioma	NA	NA	NA	NA	NA	NA	NA	NA	NA	NA	NA	NA	NA	NA	NA	NA	NA	NA	NA	NA	NA	NA	NA	NA	NA	NA	NA	BS_3NX3RBCX
BS_8FSJDG2T	BS_399RPKC9	BS_0QP42DN4	7316-3030	NA	NA	NA	0.409013987468198	0	NEG	ATRX POS	0	1	NA	NA	NA	NA	NA	NA	0	0	0	41.93	0	0.3	13.84	NA	NA	NA	NA	NA	NA	NA	NA	NA	NA	NA	NA	NA	1480439432	36420	48-52	176644841	206.176415	769428690	45604	48-52	90469484	504.081575	0.40901398746819895	91387.9173782566	0.448393174173282	NA	tumor	non-ALT	HGAT	PT_KVMF5TFW	C806142	Midline	732090	WGS	Tumor	Solid Tissue	Initial CNS Tumor	Brain Stem- Pons	Female	White	Hispanic or Latino	2600	High-grade glioma/astrocytoma (WHO grade III/IV)	High-grade glioma/astrocytoma, H3 wildtype	HGAT	Diffuse astrocytic and oligodendroglial tumor	Updated via OpenPBTA subtyping	Female	NA	389	DECEASED	CBTN	2989	NantOmics	0.255163008	0.744836992	2	7316-3030-T-541271.WGS	None documented	HGG, H3 wildtype, TP53 loss	anaplastic astrocytoma	p.R858Q	NA	NA	NA	NA	NA	NA	NA	NA	NA	NA	NA	NA	NA	NA	NA	NA	NA	NA	NA	NA	NA	NA	NA	NA	NA	NA	BS_8FSJDG2T
BS_R1G6SG0K	BS_K17VQECG	BS_6VTM903X	7316-440	NA	NA	NA	0.729525469501158	NA	NA	NA	NA	NA	NEG	NA	NA	NA	NA	NA	0	0	0	45.49	0	0.54	39.04	NA	NA	NA	1	Pathogenic	MUTYH	NA	NA	NA	NA	NA	NA	NA	1499189574	53120	48-52	181391552	292.847155	776508467	36926	48-52	91988114	401.421427	0.7295254695011584	94843.465848295	0.596975066544985	NA	tumor	non-ALT	HGAT	PT_KEQ53KRH	C107010	Midline	746059	WGS	Tumor	Solid Tissue	Initial CNS Tumor	Basal Ganglia;Brain Stem- Midbrain/Tectum;Thalamus	Female	White	Not Hispanic or Latino	3424	High-grade glioma/astrocytoma (WHO grade III/IV)	High-grade glioma/astrocytoma, H3 wildtype	HGAT	Diffuse astrocytic and oligodendroglial tumor	Updated via OpenPBTA subtyping	Female	NA	337	DECEASED	CBTN	3761	NantOmics	0.126555973	0.873444027	2	7316-440-T-313142.WGS	None documented	HGG, H3 wildtype, TP53 loss	infiltrating high grade astrocytoma, who grade iii	NA	NA	NA	NA	NA	NA	NA	NA	NA	NA	NA	NA	NA	NA	NA	0	1	0	0	NA	1	0	0	NA	NA	NA	NA	BS_R1G6SG0K
BS_C2NH5FDT	NA	BS_9BBWSCD6	7316-126	NA	NA	NA	0.544693215717777	NA	NA	NA	NA	NA	NEG	NA	NA	NA	NA	NA	0	0	0	46.35	0	0.25	15.08	NA	NA	NA	NA	NA	NA	NA	NA	NA	NA	NA	NA	NA	1878880333	81733	48-52	226206091	361.320951	944861632	72182	48-52	108814741	663.347625	0.544693215717777	92064.1407971909	0.477469471647473	NA	tumor	non-ALT	HGAT	PT_PR4YBBH3	C29274	Midline	549723	WGS	Tumor	Solid Tissue	Progressive	Brain Stem- Pons	Female	White	Unavailable/Not Reported	3739	Brainstem glioma- Diffuse intrinsic pontine glioma	Diffuse midline glioma, H3 K28-mutant	HGAT	Diffuse astrocytic and oligodendroglial tumor	Updated via OpenPBTA subtyping	Female	NA	39	DECEASED	CBTN	3778	NantOmics	0.317377522	0.682622478	2	7316-126-T-112488.WGS	None documented	DMG, H3 K28, TP53 loss	brainstem - dipg	NA	NA	NA	NA	NA	NA	NA	NA	NA	NA	NA	NA	NA	NA	NA	NA	NA	NA	NA	NA	NA	NA	NA	NA	NA	NA	NA	BS_C2NH5FDT
BS_823V5X6Z	BS_RX1YTZ7F	BS_872YDFKD	7316-388	NA	NA	NA	0.724248630404925	0	NEG	ATRX POS	0	1	NEG	NA	NA	NA	NA	NA	0	0	1	16.3	0	0.01	38.64	NA	NA	NA	NA	NA	NA	NA	NA	NA	NA	NA	NA	NA	1720592095	69369	48-52	207148296	334.876035	962004854	51063	48-52	110435815	462.377174	0.7242486304049256	93339.6835182902	0.760571263751836	NA	tumor	non-ALT	HGAT	PT_4XB3YTJM	C340710	Midline	549694	WGS	Tumor	Solid Tissue	Initial CNS Tumor	Thalamus	Female	White	Not Hispanic or Latino	1897	High-grade glioma/astrocytoma (WHO grade III/IV)	Diffuse midline glioma, H3 K28-mutant	HGAT	Diffuse astrocytic and oligodendroglial tumor	Updated via OpenPBTA subtyping	Female	NA	294	DECEASED	CBTN	2191	NantOmics	0.219119338	0.780880662	3	7316-388-T-290239.WGS	None documented	DMG, H3 K28, TP53 activated	anaplastic astrocytoma	NA	NA	NA	NA	NA	NA	NA	NA	NA	NA	NA	NA	NA	NA	NA	NA	NA	NA	NA	NA	NA	NA	NA	NA	NA	NA	NA	BS_823V5X6Z
BS_WPCBK1EG	BS_6WP1FHTE	BS_EYXVNC69	7316-1763	NA	NA	NA	1.15543569807249	0	NEG	ATRX POS	0	1	NEG	NA	NA	NA	NA	NA	0	0	0	31.87	0	0.08	19.47	NA	NA	NA	NA	NA	NA	NA	NA	NA	NA	NA	NA	NA	1852102582	116099	48-52	222277038	522.31666	865796705	45995	48-52	101747214	452.05169	1.1554356980724925	92961.95157067191	0.516073596252344	NA	tumor	non-ALT	HGAT	PT_Z4PJA6KT	C377856	Midline	549707	WGS	Tumor	Solid Tissue	Initial CNS Tumor	Temporal Lobe;Thalamus;Ventricles	Female	White	Not Hispanic or Latino	3810	High-grade glioma/astrocytoma (WHO grade III/IV)	Diffuse midline glioma, H3 K28-mutant	HGAT	Diffuse astrocytic and oligodendroglial tumor	Updated via OpenPBTA subtyping	Female	NA	225	DECEASED	CBTN	4035	NantOmics	0.395079266	0.604920734	4	7316-1763-T-365898.WGS	None documented	DMG, H3 K28, TP53 loss	high grade glioma	NA	NA	NA	NA	NA	NA	NA	NA	NA	NA	NA	NA	NA	NA	NA	NA	NA	NA	NA	NA	NA	NA	NA	0	0	0	1	BS_WPCBK1EG
BS_AK9BV52G	NA	BS_3PNWA7WT	7316-3231	NA	NA	NA	0.670292627738394	NA	NA	NA	NA	NA	NA	NA	NA	NA	NA	NA	NA	NA	NA	NA	NA	NA	NA	NA	NA	NA	NA	NA	NA	NA	NA	NA	NA	NA	NA	NA	2012398839	92958	48-52	245331029	378.90845	940641307	63829	48-52	112914104	565.288106	0.6702926277383944	NA	NA	NA	tumor	non-ALT	HGAT	PT_KZ56XHJT	C3079551	Mixed	SF5599-14	WGS	Tumor	Solid Tissue	Progressive Disease Post-Mortem	Cerebellar White Matter Adjacent Necrosis + Medulla	Not Reported	Not Reported	Not Reported	2773	Brainstem glioma- Diffuse intrinsic pontine glioma	Diffuse midline glioma, H3 K28-mutant	HGAT	Diffuse astrocytic and oligodendroglial tumor	Updated via OpenPBTA subtyping	Female	NA	241	DECEASED	PNOC	3014	NantOmics	NA	NA	2	7316-3231-T-SF5599-14.WGS	NA	DMG, H3 K28	Anaplastic Astrocytoma	NA	NA	NA	NA	NA	NA	NA	NA	NA	NA	NA	NA	NA	NA	NA	NA	NA	NA	NA	NA	NA	NA	NA	NA	NA	NA	NA	BS_AK9BV52G
BS_JRFVST47	NA	BS_MVYA262V	7316-3213	NA	NA	NA	0.479214721077133	NA	NA	NA	NA	NA	NA	NA	NA	NA	NA	NA	NA	NA	NA	NA	NA	NA	NA	NA	NA	NA	NA	NA	NA	NA	NA	NA	NA	NA	NA	NA	1542823182	48278	48-52	182732345	264.200626	932142510	63639	48-52	115430255	551.319929	0.4792147210771334	NA	NA	NA	tumor	non-ALT	HGAT	PT_9GKVQ9QS	C3078690	Midline	A05265	WGS	Tumor	Solid Tissue	Initial CNS Tumor	Pons/Brainstem	Not Reported	Not Reported	Not Reported	2097	Brainstem glioma- Diffuse intrinsic pontine glioma	Diffuse midline glioma, H3 K28-mutant	HGAT	Diffuse astrocytic and oligodendroglial tumor	Updated via OpenPBTA subtyping	Female	NA	171	DECEASED	PNOC	2268	NantOmics	0.36276745	0.63723255	3	7316-3213-T-A05262.WGS	NA	DMG, H3 K28, TP53 loss	Anaplastic Astrocytoma	NA	NA	NA	NA	NA	NA	NA	NA	NA	NA	NA	NA	NA	NA	NA	NA	NA	NA	NA	NA	NA	NA	NA	NA	NA	NA	NA	BS_JRFVST47
BS_RXSBJ929	BS_WJ9H4NZZ	BS_4AM9C504	7316-2091	NA	NA	NA	0.510093411836279	NA	NA	NA	NA	NA	NEG	NA	NA	NA	NA	NA	0	0	0	46.78	0	0.12	21.9	NA	NA	NA	1	Likely pathogenic	TP53	NA	NA	NA	NA	NA	NA	NA	1659970605	45562	48-52	198102105	229.992508	796423206	41584	48-52	92227893	450.883118	0.5100934118362799	96212.2642714849	0.65583074799653	NA	tumor	non-ALT	HGAT	PT_8GN3TQRM	C417831	Hemispheric	577171	WGS	Tumor	Solid Tissue	Progressive	Parietal Lobe;Temporal Lobe	Male	Asian	Not Hispanic or Latino	1885	High-grade glioma/astrocytoma (WHO grade III/IV)	High-grade glioma/astrocytoma, H3 wildtype	HGAT	Diffuse astrocytic and oligodendroglial tumor	Updated via OpenPBTA subtyping	Male	NA	957	DECEASED	CBTN	2842	NantOmics	0.15831234	0.84168766	2	7316-2091-T-407684.WGS	None documented	HGG, H3 wildtype	glioblastoma, who grade iv	NA	NA	NA	NA	NA	NA	NA	NA	NA	NA	NA	NA	NA	NA	NA	NA	NA	NA	NA	NA	NA	NA	NA	NA	NA	NA	NA	BS_RXSBJ929
BS_BFDEZK1C	BS_MB7WN0ZB	BS_85TADN40	7316-1102	NA	NA	NA	0.585997921932766	NA	NA	NA	NA	NA	NEG	NA	NA	NA	NA	NA	0	0	0	41.57	0	0.22	14.84	NA	NA	NA	NA	NA	NA	NA	NA	NA	NA	NA	NA	NA	1466862592	66862	48-52	174914857	382.25455	910357060	70496	48-52	108070681	652.313832	0.5859979219327668	91814.7013819129	0.466744059842248	NA	tumor	non-ALT	HGAT	PT_5BWZA0NT	C292125	Ventricles	549714	WGS	Tumor	Solid Tissue	Initial CNS Tumor	Ventricles	Female	White	Not Hispanic or Latino	4456	Supratentorial or Spinal Cord PNET	Diffuse midline glioma, H3 K28-mutant	HGAT	Diffuse astrocytic and oligodendroglial tumor	Updated via OpenPBTA subtyping	Female	NA	NA	LIVING	CBTN	4456	NantOmics	0.957751917	0.042248083	4	7316-1102-T-353776.WGS	None documented	DMG, H3 K28	spnet	NA	rs1242535815,COSM1716558,COSM1716563	NA	NA	NA	NA	NA	NA	NA	NA	NA	NA	NA	NA	NA	NA	NA	NA	NA	NA	NA	NA	NA	NA	NA	NA	NA	BS_BFDEZK1C
BS_AHAXPFG3	NA	BS_668350EZ	7316-3228	W2001*	6	Nonsense	1.86178885594123	NA	NA	NA	NA	NA	NA	NA	NA	NA	NA	NA	NA	NA	NA	NA	NA	NA	NA	NA	NA	NA	NA	NA	NA	NA	NA	NA	NA	NA	NA	NA	1718390832	211421	48-52	202525617	1043.922261	694610605	46678	48-52	83248134	560.709265	1.8617888559412337	NA	NA	NA	tumor	non-ALT	HGAT	PT_NK8A49X5	C3079428	Midline	A14451	WGS	Tumor	Solid Tissue	Progressive	Pons/Brainstem	Not Reported	Not Reported	Not Reported	4896	Brainstem glioma- Diffuse intrinsic pontine glioma	Diffuse midline glioma, H3 K28-mutant	HGAT	Diffuse astrocytic and oligodendroglial tumor	Updated via OpenPBTA subtyping	Male	NA	704	DECEASED	PNOC	5600	NantOmics	0.679600619	0.320399381	3	7316-3228-T-A14448.WGS	NA	DMG, H3 K28	Diffuse Astrocytoma	NA	NA	NA	NA	NA	NA	NA	NA	NA	NA	p.W2001*	0	0	1	0	NA	NA	NA	NA	NA	NA	NA	NA	NA	NA	NA	NA	BS_AHAXPFG3
BS_RG6JK7ZN	BS_CXVGG342	BS_M4KBSYZ2	7316-2100	X1520_splice	1	Splice	2.44907726867045	NA	NA	NA	NA	NA	POS	NA	Truncating Mut	none (POLE VUS)	NA	NA	0	0	1	16.3099999999998	NA	NA	20.68	NA	NA	NA	NA	NA	NA	NA	NA	NA	NA	NA	NA	NA	1608254577	292084	48-52	187978078	1553.819483	859706630	64151	48-52	101112618	634.450984	2.449077268670451	90065.4433100111	0.391529350274952	NA	tumor	ALT	HGAT	PT_2WVW55DA	C103566	Hemispheric	574338	WGS	Tumor	Solid Tissue	Progressive	Parietal Lobe	Female	White	Not Hispanic or Latino	138	High-grade glioma/astrocytoma (WHO grade III/IV)	High-grade glioma/astrocytoma, H3 wildtype	HGAT	Diffuse astrocytic and oligodendroglial tumor	Updated via OpenPBTA subtyping	Female	NA	1348	DECEASED	CBTN	1486	NantOmics	0.153473813	0.846526187	2	7316-2100-T-407801.WGS	None documented	HGG, H3 wildtype, TP53 loss	recurrent/residual glioblastoma multiforme (who grade iv)	NA	NA	NA	NA	NA	NA	NA	NA	NA	NA	p.X1520_splice	0	1	0	0	0	1	2	1	NA	NA	NA	NA	0	2	1	0	BS_RG6JK7ZN
BS_XGVSX8BX	BS_45J79YTF	BS_N56BGDK6	7316-2610	NA	NA	NA	0.571514974019807	NA	NA	NA	NA	NA	NEG	NA	NA	NA	NA	NA	0	0	0	49.55	0	0.21	12.38	NA	NA	NA	1	Pathogenic	FANCG	NA	NA	NA	NA	NA	NA	NA	1679847588	65415	48-52	198354312	329.78864600000003	863589005	57820	48-52	100200526	577.042879	0.5715149740198077	96076.5934816308	0.649997166765975	NA	tumor	non-ALT	HGAT	PT_6GDPNFA6	C655713	Hemispheric	577174	WGS	Tumor	Solid Tissue	Initial CNS Tumor	Frontal Lobe	Female	Reported Unknown	Not Hispanic or Latino	1820	High-grade glioma/astrocytoma (WHO grade III/IV)	High-grade glioma/astrocytoma, H3 wildtype	HGAT	Diffuse astrocytic and oligodendroglial tumor	Updated via OpenPBTA subtyping	Female	NA	222	DECEASED	CBTN	2042	NantOmics	0.263410656	0.736589344	2	7316-2610-T-467470.WGS	None documented	HGG, H3 wildtype	glioblastoma, who grade iv	NA	NA	NA	NA	NA	NA	NA	NA	NA	NA	NA	NA	NA	NA	NA	NA	NA	NA	NA	NA	0	1	0	NA	NA	NA	NA	BS_XGVSX8BX
BS_EJV0N3BX	BS_M0QYNVK8	BS_0JS89ADT	7316-2217	ATRX--Z83820.1	7	Fusion	2.21840119242882	NA	NA	NA	NA	NA	POS	NA	NA	APC ? Significance	NA	NA	0	0	0	61.65	NA	NA	10.59	ATRX--Z83820.1	NA	NA	NA	NA	NA	NA	NA	NA	NA	NA	NA	NA	1395095910	208931	48-52	172329991	1212.389084	857083192	54359	48-52	99464827	546.5148	2.218401192428823	97121.2036716684	0.694913381998475	NA	tumor	ALT	HGAT	PT_37B5JRP1	C578469	Midline	732130	WGS	Tumor	Solid Tissue	Initial CNS Tumor	Thalamus	Male	Black or African American	Not Hispanic or Latino	5324	High-grade glioma/astrocytoma (WHO grade III/IV)	High-grade glioma/astrocytoma, H3 wildtype	HGAT	Diffuse astrocytic and oligodendroglial tumor	Updated via OpenPBTA subtyping	Male	NA	422	DECEASED	CBTN	5746	NantOmics	0.21813132	0.78186868	2	7316-2217-T-431153.WGS	None documented	HGG, H3 wildtype, TP53 loss	anaplastic astrocytoma, who grade iii.	NA	NA	NA	NA	NA	NA	0	0	0	2	NA	NA	NA	NA	NA	1	3	2	13	NA	0	1	0	0	2	0	5	BS_EJV0N3BX
BS_YB99Q6TN	BS_5965SFPZ	BS_DP925FZV	7316-2557	NA	NA	NA	0.623158042621522	NA	NA	NA	NA	NA	NEG	NA	NA	NA	NA	NA	0	0	0	53.41	0	0.01	15.16	NA	NA	NA	NA	NA	NA	NA	NA	NA	NA	NA	NA	NA	1463902298	34795	48-52	173397500	200.6661	573701216	21858	48-52	67878872	322.01478	0.623158042621522	92846.3312243037	0.511102145263007	NA	tumor	non-ALT	HGAT	PT_A325EYR2	C796794	Mixed	732121	WGS	Tumor	Solid Tissue	Initial CNS Tumor	Brain Stem- Pons;Cerebellum/Posterior Fossa	Female	White	Not Hispanic or Latino	2774	Brainstem glioma- Diffuse intrinsic pontine glioma	Diffuse midline glioma, H3 K28-mutant	HGAT	Diffuse astrocytic and oligodendroglial tumor	Updated via OpenPBTA subtyping	Female	NA	273	DECEASED	CBTN	3047	NantOmics	0.677483162	0.322516838	2	7316-2557-T-460353.WGS	NA	DMG, H3 K28	diffuse midline glioma, h3-k27m mutant who grade iv	NA	NA	NA	NA	NA	NA	NA	NA	NA	NA	NA	NA	NA	NA	NA	NA	NA	NA	NA	NA	NA	NA	NA	NA	NA	NA	NA	BS_YB99Q6TN
BS_79SYEHY3	BS_QWTE1CWR	BS_0KKH9VKP	7316-3022	NA	NA	NA	8.82222841823438	1	POS	ATRX POS	0	1	POS	NA	LOW EXPRESSION	NF1	p.Lys583Arg	NA	0	0	1	15.21	NA	NA	21.12	NA	NA	NA	NA	NA	NA	NA	NA	NA	NA	NA	NA	NA	1616868930	503018	48-52	190798752	2636.379928	607223954	21982	48-52	73559286	298.833787	8.822228418234381	87563.3566919245	0.283944471111307	NA	tumor	ALT	HGAT	PT_1H2REHT2	C53013	Midline	711336	WGS	Tumor	Solid Tissue	Progressive	Basal Ganglia	Male	White	Not Hispanic or Latino	6419	High-grade glioma/astrocytoma (WHO grade III/IV)	High-grade glioma/astrocytoma, H3 wildtype	HGAT	Diffuse astrocytic and oligodendroglial tumor	Updated via OpenPBTA subtyping	Male	NA	3295	DECEASED	CBTN	9714	NantOmics	0.603039875	0.396960125	4	7316-3022-T-541161.WGS	NF-1	HGG, H3 wildtype, TP53 loss	anaplastic pleomorphic xanthoastrocytoma, who grade iii	NA	NA	NA	NA	NA	NA	0	2	0	2	NA	NA	NA	NA	NA	NA	NA	NA	NA	NA	NA	NA	NA	NA	NA	NA	NA	BS_79SYEHY3
BS_ZSH09N84	NA	BS_29YQSB5E	7316-3227	NA	NA	NA	0.635921852838261	NA	NA	NA	NA	NA	NA	NA	NA	NA	NA	NA	NA	NA	NA	NA	NA	NA	NA	NA	NA	NA	NA	NA	NA	NA	NA	NA	NA	NA	NA	NA	1655430426	65557	48-52	193902769	338.092129	825665349	54281	48-52	102097834	531.656724	0.6359218528382611	NA	NA	NA	tumor	non-ALT	HGAT	PT_MNSEJCDM	C3078813	Midline	A14404	WGS	Tumor	Solid Tissue	Initial CNS Tumor	Pons/Brainstem	Not Reported	Not Reported	Not Reported	2190	Brainstem glioma- Diffuse intrinsic pontine glioma	Diffuse midline glioma, H3 K28-mutant	HGAT	Diffuse astrocytic and oligodendroglial tumor	Updated via OpenPBTA subtyping	Male	NA	12	DECEASED	PNOC	2202	NantOmics	0.451405158	0.548594842	2	7316-3227-T-A14402.WGS	NA	DMG, H3 K28, TP53 activated	Diffuse midline glioma, H3K27M mutant, WHO grade IV	NA	NA	0	1	0	0	NA	NA	NA	NA	NA	NA	NA	NA	NA	NA	NA	NA	NA	NA	NA	NA	NA	NA	NA	NA	NA	BS_ZSH09N84
BS_MSB1RDAJ	NA	BS_H17P6WH8	7316-71	NA	NA	NA	0.55041961100777	0	NEG	ATRX POS	0	1	NEG	NA	NA	NA	NA	NA	0	0	0	36.58	0	0.74	10.07	NA	NA	NA	NA	NA	NA	NA	NA	NA	NA	NA	NA	NA	1505893363	52089	48-52	175316941	297.113329	889985763	56215	48-52	104141536	539.794228	0.5504196110077709	91903.275246967	0.470552564511924	NA	tumor	non-ALT	HGAT	PT_VVCN8DXT	C16359	Hemispheric	549738	WGS	Tumor	Solid Tissue	Initial CNS Tumor	Occipital Lobe;Parietal Lobe;Temporal Lobe	Male	White	Not Hispanic or Latino	2668	Gliomatosis Cerebri	High-grade glioma/astrocytoma, H3 wildtype	HGAT	Diffuse astrocytic and oligodendroglial tumor	Updated via OpenPBTA subtyping	Male	NA	375	DECEASED	CBTN	3043	NantOmics	0.995319646	0.004680354	3	7316-71-T-55533.WGS	None documented	HGG, H3 wildtype	anaplastic gliomatosis cerebri (who grade 4)	NA	rs1242535815,COSM1716558,COSM1716563	NA	NA	NA	NA	NA	NA	NA	NA	NA	NA	NA	NA	NA	NA	NA	NA	NA	NA	NA	NA	NA	NA	NA	NA	NA	BS_MSB1RDAJ
BS_23ZE42Q3	BS_WH8G4VFB	BS_2ZKBYF95	7316-3206	NA	NA	NA	1.33760167787809	NA	NA	NA	NA	NA	POS	NA	NA	NA	NA	NA	0	0	0	29.56	0	0.03	17.63	NA	NA	NA	NA	NA	NA	NA	NA	NA	NA	NA	NA	NA	1499334780	88879	48-52	180248288	493.092062	658455709	29164	48-52	79112641	368.638938	1.3376016778780977	93523.8361325519	0.540233544296036	NA	tumor	ALT	HGAT	PT_R4T1V1K4	C832956	Midline	728376	WGS	Tumor	Solid Tissue	Progressive	Brain Stem- Pons	Male	Asian	Not Hispanic or Latino	3578	Brainstem glioma- Diffuse intrinsic pontine glioma	Diffuse midline glioma, H3 K28-mutant	HGAT	Diffuse astrocytic and oligodendroglial tumor	Updated via OpenPBTA subtyping	Male	NA	138	DECEASED	CBTN	3716	NantOmics	0.271896165	0.728103835	2	7316-3206-T-555638.WGS	None documented	DMG, H3 K28, TP53 loss	diffuse midline glioma, h3k27m mutant who grade iv	NA	NA	NA	NA	NA	NA	NA	NA	NA	NA	NA	NA	NA	NA	NA	0	0	0	1	NA	NA	NA	NA	NA	NA	NA	NA	BS_23ZE42Q3
BS_G9MQM1KK	BS_ZD5HN296	BS_XHT3F34T	7316-445	NA	NA	NA	3.04039166135154	NA	NA	NA	NA	NA	NEG	NA	NA	TP53 (hx Li Fraumeni)	p.Pro152fs	NA	0	0	1	17.41	NA	NA	18.54	NA	NA	NA	1	Pathogenic	TP53	Pathogenic	NA	NA	RPS24	NA	NA	NA	1802996211	332720	48-52	214463987	1551.40266	974536822	61027	48-52	119598855	510.264082	3.0403916613515434	85152.9620112106	0.49150485279403	NA	tumor	non-ALT	HGAT	PT_89XRZBSG	C94956	Hemispheric	549715	WGS	Tumor	Solid Tissue	Initial CNS Tumor	Temporal Lobe	Unknown	Reported Unknown	Not Available	2287	High-grade glioma/astrocytoma (WHO grade III/IV)	High-grade glioma/astrocytoma, H3 wildtype	HGAT	Diffuse astrocytic and oligodendroglial tumor	Updated via OpenPBTA subtyping	Male	NA	5100	LIVING	CBTN	7387	NantOmics	0.835363376	0.164636624	2	7316-445-T-317694.WGS	Li-Fraumeni syndrome	HGG, H3 wildtype	anaplastic astrocytoma	NA	NA	NA	NA	NA	NA	NA	NA	NA	NA	NA	NA	NA	NA	NA	NA	NA	NA	NA	NA	NA	NA	NA	NA	NA	NA	NA	BS_G9MQM1KK
BS_682Z7WH6	NA	BS_9TSKXKGH	7316-3222	K1357Dfs*4	3	FS Delete	1.78382011392604	NA	NA	NA	NA	NA	NA	NA	NA	NA	NA	NA	NA	NA	NA	NA	NA	NA	NA	NA	NA	NA	NA	NA	NA	NA	NA	NA	NA	NA	NA	NA	1652476350	221282	48-52	195828610	1129.977892	835956967	62035	48-52	97930483	633.459553	1.7838201139260426	NA	NA	NA	tumor	non-ALT	HGAT	PT_M9XXJ4GR	C3080781	Midline	A09593	WGS	Tumor	Solid Tissue	Initial CNS Tumor	Pons/Brainstem	Not Reported	Not Reported	Not Reported	3893	Brainstem glioma- Diffuse intrinsic pontine glioma	Diffuse midline glioma, H3 K28-mutant	HGAT	Diffuse astrocytic and oligodendroglial tumor	Updated via OpenPBTA subtyping	Male	NA	260	DECEASED	PNOC	4153	NantOmics	0.192127157	0.807872843	3	7316-3222-T-A09576.WGS	NA	DMG, H3 K28, TP53 loss	High Grade Glial Neoplasma	NA	NA	NA	NA	NA	NA	NA	NA	NA	NA	p.K1357Dfs*4	NA	NA	NA	NA	NA	NA	NA	NA	NA	NA	NA	NA	NA	NA	NA	NA	BS_682Z7WH6
BS_79NQJZ09	BS_JS95PE0J	BS_JWETX0BH	7316-1774	NA	NA	NA	0.665158321428582	0	NEG	ATRX POS	0	1	NEG	NA	NA	NA	NA	NA	0	0	0	58.02	0	0.02	22.35	NA	NA	NA	1	Pathogenic	RAD50	NA	NA	NA	NA	NA	NA	NA	1624007252	63435	48-52	192852222	328.930615	952415828	56162	48-52	113569914	494.514771	0.6651583214285828	88961.1732149471	0.344047874660669	NA	tumor	non-ALT	HGAT	PT_KZ04SDDS	C377610	Hemispheric	574336	WGS	Tumor	Solid Tissue	Progressive	Temporal Lobe	Unknown	Reported Unknown	Not Available	2431	High-grade glioma/astrocytoma (WHO grade III/IV)	High-grade glioma/astrocytoma, H3 wildtype	HGAT	Diffuse astrocytic and oligodendroglial tumor	Updated via OpenPBTA subtyping	Male	NA	575	DECEASED	CBTN	3006	NantOmics	0.4161949	0.5838051	4	7316-1774-T-366086.WGS	None documented	HGG, H3 wildtype, TP53 loss	high-grade glioma	NA	NA	NA	NA	NA	NA	NA	NA	NA	NA	NA	NA	NA	NA	NA	NA	NA	NA	NA	NA	NA	NA	NA	NA	NA	NA	NA	BS_79NQJZ09
BS_TRGECFNP	BS_MWWZBQ60	BS_WKD534RB	7316-2756	I1756S	5	Missense	2.12785443188844	NA	No tissue [POS in 2019]	ATRX POS	0	1	NEG	NA	missense mut	MSH2 (likely;high)	NA	NA	0	0	0	33.6	NA	NA	16.45	NA	NA	NA	NA	NA	NA	NA	NA	NA	NA	NA	NA	NA	1116025440	68451	48-52	131377623	521.024802	609746980	17412	48-52	71110245	244.859232	2.127854431888441	93332.0924477591	0.531988937171032	NA	tumor	non-ALT	HGAT	PT_VCD0W8HG	C760140	Mixed	732147	WGS	Tumor	Solid Tissue	Initial CNS Tumor	Brain Stem- Pons;Other locations NOS	Female	White	Not Hispanic or Latino	4320	High-grade glioma/astrocytoma (WHO grade III/IV)	Diffuse midline glioma, H3 K28-mutant	HGAT	Diffuse astrocytic and oligodendroglial tumor	Updated via OpenPBTA subtyping	Female	NA	536	DECEASED	CBTN	4856	NantOmics	0.221276487	0.778723513	2	7316-2756-T-508176.WGS	None documented	DMG, H3 K28	diffuse midline glioma who grade iv	NA	NA	NA	NA	NA	NA	NA	NA	NA	NA	p.I1756S	NA	NA	NA	NA	NA	NA	NA	NA	NA	NA	NA	NA	NA	NA	NA	NA	BS_TRGECFNP
BS_00TRPEQX	BS_91VYM11A	BS_RB3PE7G3	7316-2660	NA	NA	NA	0.759928427362168	NA	NA	NA	NA	NA	NEG	NA	NA	NA	NA	NA	0	0	0	38.38	0	0.04	12.43	NA	NA	NA	NA	NA	NA	NA	NA	NA	NA	NA	NA	NA	1797299498	71160	48-52	212638672	334.652203	861749920	44757	48-52	101634223	440.373318	0.7599284273621681	89250.3203713294	0.356480642437396	NA	tumor	non-ALT	HGAT	PT_MDWPRDBT	C271092	Mixed	577175	WGS	Tumor	Solid Tissue	Recurrence	Cerebellum/Posterior Fossa;Temporal Lobe;Thalamus	Female	White	Not Hispanic or Latino	980	High-grade glioma/astrocytoma (WHO grade III/IV)	High-grade glioma/astrocytoma, H3 wildtype	HGAT	Diffuse astrocytic and oligodendroglial tumor	Updated via OpenPBTA subtyping	Female	NA	1250	DECEASED	CBTN	2230	NantOmics	0.183294859	0.816705141	3	7316-2660-T-479108.WGS	None documented	HGG, H3 wildtype	high-grade glioma	NA	NA	NA	NA	NA	NA	NA	NA	NA	NA	NA	NA	NA	NA	NA	0	0	1	1	NA	NA	NA	NA	NA	NA	NA	NA	BS_00TRPEQX
BS_CGXTFM67	NA	BS_6GS4XT7F	7316-3212	NA	NA	NA	0.892867449440255	NA	NA	NA	NA	NA	NA	NA	NA	NA	NA	NA	NA	NA	NA	NA	NA	NA	NA	NA	NA	NA	NA	NA	NA	NA	NA	NA	NA	NA	NA	NA	1806336358	120811	48-52	213090867	566.945931	941275836	71510	48-52	112619119	634.972113	0.8928674494402559	NA	NA	NA	tumor	non-ALT	HGAT	PT_M23Q0DC3	C956940	Midline	A04015	WGS	Tumor	Solid Tissue	Initial CNS Tumor	Pons/Brainstem	Not Reported	Not Reported	Not Reported	NA	Brainstem glioma- Diffuse intrinsic pontine glioma	Diffuse midline glioma, H3 K28-mutant	HGAT	Diffuse astrocytic and oligodendroglial tumor	Updated via OpenPBTA subtyping	Female	NA	882	DECEASED	PNOC	NA	NantOmics	0	1	2	7316-3212-T-A03940.WGS	NA	DMG, H3 K28	Diffuse Astrocytoma	NA	NA	NA	NA	NA	NA	NA	NA	NA	NA	NA	NA	NA	NA	NA	NA	NA	NA	NA	NA	NA	NA	NA	NA	NA	NA	NA	BS_CGXTFM67
BS_80078QDG	BS_V3Z3DB4N	BS_K4XGEGW0	7316-3765	X199_splice	1	splice	10.844610249943	1	POS	ATRX POS	0	1	POS	NA	NA	none listed	NA	NA	0	0	0	34.9	0	0.01	16.46	NA	NA	NA	1	Likely pathogenic	TP53	NA	NA	NA	NA	NA	NA	NA	1629988312	663371	48-52	195968538	3385.089294	667854616	24414	48-52	78213687	312.144855	10.844610249943091	94436.8821922506	0.579492756704368	NA	tumor	ALT	HGAT	PT_PF9EC93Q	C952635	Hemispheric	728393	WGS	Tumor	Solid Tissue	Initial CNS Tumor	Temporal Lobe	Female	White	Not Hispanic or Latino	2446	High-grade glioma/astrocytoma (WHO grade III/IV)	High-grade glioma/astrocytoma, H3 wildtype	HGAT	Diffuse astrocytic and oligodendroglial tumor	Updated via OpenPBTA subtyping	Female	NA	349	DECEASED	CBTN	2795	NantOmics	0.348876617	0.65112338300000006	2	7316-3765-T-592313.WGS	Li-Fraumeni syndrome	HGG, H3 wildtype, TP53 loss	glioblastoma who grade iv	NA	NA	NA	NA	NA	NA	NA	NA	NA	NA	NA	NA	NA	NA	NA	NA	NA	NA	NA	NA	NA	NA	NA	0	0	1	0	BS_80078QDG
BS_B9QP40ER	BS_XZM79E42	BS_THDBV4G0	7316-409	V1002*	3	FS delete	1.73296055907924	1	POS	ATRX NEG	1	0	POS	NA	Truncating Mut	NA	NA	NA	1	1	1	2.54999999999999	0	0.01	18.41	NA	NA	NA	1	Pathogenic	BRIP1	NA	NA	NA	NA	NA	NA	NA	1811822330	179118	48-52	211391086	847.329958	963917056	56259	48-52	115060995	488.949361	1.7329605590792458	89186.64253723942	0.62407659609205	NA	tumor	ALT	HGAT	PT_2JDDX6TJ	C89052	Midline	549741	WGS	Tumor	Solid Tissue	Initial CNS Tumor	Thalamus	Female	White	Not Hispanic or Latino	4253	High-grade glioma/astrocytoma (WHO grade III/IV)	Diffuse midline glioma, H3 K28-mutant	HGAT	Diffuse astrocytic and oligodendroglial tumor	Updated via OpenPBTA subtyping	Female	NA	611	DECEASED	CBTN	4864	NantOmics	0.418631426	0.581368574	3	7316-409-T-311476.WGS	None documented	DMG, H3 K28, TP53 activated	gbm	NA	NA	NA	NA	NA	NA	NA	NA	NA	NA	p.V1002*	NA	NA	NA	NA	NA	NA	NA	NA	NA	NA	NA	NA	NA	NA	NA	NA	BS_B9QP40ER
BS_T7WMJ08W	BS_0VXZCRJS	BS_DDH5HKJK	7316-466	NA	NA	NA	0.390536916669803	0	NEG	ATRX POS	0	1	NEG	NA	LOW EXPRESSION	NA	NA	NA	0	0	1	13.97	0	0.07	26.76	NA	NA	NA	NA	NA	NA	NA	NA	NA	NA	NA	NA	NA	1511133964	35945	48-52	174707357	205.744055	775629058	47279	48-52	89743516	526.823576	0.3905369166698037	90469.508650807	0.666239527934617	NA	tumor	non-ALT	HGAT	PT_40HTPY49	C99753	Midline	549732	WGS	Tumor	Solid Tissue	Initial CNS Tumor	Thalamus	Male	Native Hawaiian or Other Pacific Islander	Hispanic or Latino	2606	High-grade glioma/astrocytoma (WHO grade III/IV)	Diffuse midline glioma, H3 K28-mutant	HGAT	Diffuse astrocytic and oligodendroglial tumor	Updated via OpenPBTA subtyping	Male	NA	1569	DECEASED	CBTN	4175	NantOmics	0.70533083	0.29466917	3	7316-466-T-323675.WGS	None documented	DMG, H3 K28	anaplastic astrocytoma who grade iii	NA	rs1242535815,COSM1716558,COSM1716563	NA	NA	NA	NA	NA	NA	NA	NA	NA	0	0	1	0	NA	NA	NA	NA	NA	NA	NA	NA	NA	NA	NA	NA	BS_T7WMJ08W
BS_P0QJ1QAH	BS_D29RPBSZ	BS_SGS26NXP	7316-3058	NA	NA	NA	1.72791609930121	1	POS	ATRX POS	0	1	POS	NA	Missense mut	MSH2	p.Ala636Pro	NA	0	0	0	36.14	0	0.17	21.14	NA	NA	NA	1	Pathogenic	MSH2	NA	NA	NA	NA	NA	NA	NA	1598818486	210832	48-52	188684168	1117.380447	900870242	69494	48-52	107465458	646.663601	1.7279160993012193	91227.2909700289	0.44148654968045	NA	tumor	ALT	HGAT	PT_JNEV57VK	C714384	Midline	612631	WGS	Tumor	Solid Tissue	Progressive	Basal Ganglia;Thalamus	Male	White	Not Hispanic or Latino	2869	High-grade glioma/astrocytoma (WHO grade III/IV)	Diffuse midline glioma, H3 K28-mutant	HGAT	Diffuse astrocytic and oligodendroglial tumor	Updated via OpenPBTA subtyping	Male	NA	273	DECEASED	CBTN	3142	NantOmics	0.235433432	0.764566568	2	7316-3058-T-557515.WGS	Other inherited conditions NOS	DMG, H3 K28, TP53 activated	diffuse midline glioma who iv	NA	NA	NA	NA	NA	NA	NA	NA	NA	NA	p.R2197C	NA	NA	NA	NA	NA	NA	NA	NA	NA	NA	NA	NA	0	0	0	1	BS_P0QJ1QAH
BS_AFAHY6HP	NA	BS_W9MBVTYX	7316-46	NA	NA	NA	0.723145899527039	NA	NA	NA	NA	NA	NA	NA	NA	NA	NA	NA	NA	NA	NA	NA	NA	NA	NA	NA	NA	NA	NA	NA	NA	NA	NA	NA	NA	NA	NA	NA	2707290000	165476	48-52	291652344	567.374147	2622420000	216742	48-52	276248203	784.591529	0.7231458995270391	NA	NA	NA	tumor	non-ALT	HGAT	PT_PSX2CSYX	C15375	Mixed	37177	WGS	Tumor	Solid Tissue	Initial CNS Tumor	Brain Stem-Medulla;Brain Stem- Pons;Cerebellum/Posterior Fossa;Thalamus	Female	White	Unavailable/Not Reported	2063	Brainstem glioma- Diffuse intrinsic pontine glioma	Diffuse midline glioma, H3 K28-mutant	HGAT	Diffuse astrocytic and oligodendroglial tumor	Updated via OpenPBTA subtyping	Female	NA	100	DECEASED	CBTN	2190	BGI@CHOP Genome Center	0.14408726	0.85591274	2	7316-46-T-37177.WGS	None documented	DMG, H3 K28, TP53 loss	brainstem glioma- diffuse intrinsic pontine glioma	NA	NA	NA	NA	NA	NA	NA	NA	NA	NA	NA	NA	NA	NA	NA	5	3	0	8	NA	NA	NA	NA	0	0	0	4	BS_AFAHY6HP
BS_7GKF6M85	NA	BS_BKCPNFZ5	7316-3224	NA	NA	NA	0.708349747091901	NA	NA	NA	NA	NA	NA	NA	NA	NA	NA	NA	NA	NA	NA	NA	NA	NA	NA	NA	NA	NA	NA	NA	NA	NA	NA	NA	NA	NA	NA	NA	1766564847	99050	48-52	210218063	471.177398	918607623	74458	48-52	111937257	665.176207	0.708349747091901	NA	NA	NA	tumor	non-ALT	HGAT	PT_1E3E6GMF	C3081150	Midline	A10004	WGS	Tumor	Solid Tissue	Initial CNS Tumor	Pons/Brainstem	Not Reported	Not Reported	Not Reported	2211	Brainstem glioma- Diffuse intrinsic pontine glioma	Diffuse midline glioma, H3 K28-mutant	HGAT	Diffuse astrocytic and oligodendroglial tumor	Updated via OpenPBTA subtyping	Female	NA	394	DECEASED	PNOC	2605	NantOmics	0.729993723	0.270006277	2	7316-3224-T-A09985.WGS	NA	DMG, H3 K28, TP53 loss	Diffuse Astrocytoma	NA	NA	NA	NA	NA	NA	NA	NA	NA	NA	NA	NA	NA	NA	NA	NA	NA	NA	NA	NA	NA	NA	NA	0	1	0	0	BS_7GKF6M85
BS_PPY0EWPG	BS_RXN5T5YT	BS_9BBWSCD6	7316-116	NA	NA	NA	0.330097988969207	NA	NA	NA	NA	NA	NEG	NA	NA	NA	NA	NA	0	0	0	25.4	0	0.13	21.65	NA	NA	NA	NA	NA	NA	NA	NA	NA	NA	NA	NA	NA	1550818508	40428	48-52	184628270	218.969717	944861632	72182	48-52	108814741	663.347625	0.3300979889692075	90900.1961513824	0.427422105913896	NA	tumor	non-ALT	HGAT	PT_PR4YBBH3	C29274	Midline	588009	WGS	Tumor	Solid Tissue	Initial CNS Tumor	Brain Stem- Pons	Female	White	Unavailable/Not Reported	3739	Brainstem glioma- Diffuse intrinsic pontine glioma	Diffuse midline glioma, H3 K28-mutant	HGAT	Diffuse astrocytic and oligodendroglial tumor	Updated via OpenPBTA subtyping	Female	NA	39	DECEASED	CBTN	3778	NantOmics	0.310805018	0.689194982	3	7316-116-T-108048.WGS	None documented	DMG, H3 K28, TP53 loss	malignant astrocytoma iv	NA	NA	NA	NA	NA	NA	NA	NA	NA	NA	NA	0	0	1	0	NA	NA	NA	NA	NA	NA	NA	NA	NA	NA	NA	NA	BS_PPY0EWPG
BS_KXGJ1HMG	NA	BS_R7TZRSZT	7316-870	NA	NA	NA	0.674959180648736	NA	NA	NA	NA	NA	NEG	NA	NA	NA	NA	NA	0	0	1	19.78	0	0.579999999999998	23.23	NA	NA	SLC12A7--TERT	NA	NA	NA	NA	NA	NA	NA	NA	NA	NA	1804213865	84086	48-52	213722752	393.434949	902769954	62337	48-52	106942534	582.901841	0.6749591806487364	91468.2479790274	0.699064292560397	NA	tumor	non-ALT	HGAT	PT_P5HHJJPH	C116727	Hemispheric	549709	WGS	Tumor	Solid Tissue	Progressive	Parietal Lobe;Temporal Lobe	Female	Reported Unknown	Hispanic or Latino	3570	High-grade glioma/astrocytoma (WHO grade III/IV)	High-grade glioma/astrocytoma, H3 wildtype	HGAT	Diffuse astrocytic and oligodendroglial tumor	Updated via OpenPBTA subtyping	Female	NA	855	DECEASED	CBTN	4425	NantOmics	0.403837495	0.596162505	2	7316-870-T-344737.WGS	None documented	HGG, H3 wildtype	high-grade glioma	NA	NA	0	1	0	0	0	3	1	5	NA	0	1	0	0	NA	NA	NA	NA	NA	NA	NA	NA	NA	NA	NA	NA	BS_KXGJ1HMG
BS_ABZ3BK38	BS_JRYJGYC4	BS_0TCRV9AC	7316-3000	NA	NA	NA	0.954150550892822	NA	UNCERTAIN (LIKELY NEG)	ATRX NEG (10-15%pos)	NA	NA	NEG	NA	NA	NA	NA	NA	0	0	0	43.48	0	1.27	20.3	NA	NA	NA	NA	NA	NA	NA	NA	NA	NA	NA	NA	NA	1403174460	94501	48-52	166549417	567.405168	821559248	58231	48-52	97921457	594.670482	0.954150550892822	90219.7418737755	0.398163889710042	NA	tumor	non-ALT	HGAT	PT_S2BEPYQ0	C744765	Mixed	711330	WGS	Tumor	Solid Tissue	Progressive	Basal Ganglia;Occipital Lobe;Parietal Lobe;Temporal Lobe	Female	White	Hispanic or Latino	2242	High-grade glioma/astrocytoma (WHO grade III/IV)	High-grade glioma/astrocytoma, H3 wildtype	HGAT	Diffuse astrocytic and oligodendroglial tumor	Updated via OpenPBTA subtyping	Female	NA	1189	DECEASED	CBTN	3431	NantOmics	0.817771316	0.182228684	2	7316-3000-T-536211.WGS	None documented	HGG, H3 wildtype	metastatic gbm	NA	NA	NA	NA	NA	NA	0	0	1	0	NA	0	1	0	0	NA	NA	NA	NA	NA	NA	NA	NA	0	0	0	2	BS_ABZ3BK38
BS_BQWMQM2Y	BS_TJTEF70D	BS_RB3PE7G3	7316-895	NA	NA	NA	0.647077723269328	NA	NA	NA	NA	NA	NA	NA	NA	NA	NA	NA	0	0	0	39.34	0	0.01	8.75	NA	NA	NA	NA	NA	NA	NA	NA	NA	NA	NA	NA	NA	1649702456	54864	48-52	192535147	284.955764	861749920	44757	48-52	101634223	440.373318	0.6470777232693286	88663.1975543149	0.33123549829804	NA	tumor	non-ALT	HGAT	PT_MDWPRDBT	C271092	Mixed	549724	WGS	Tumor	Solid Tissue	Recurrence	Brain Stem- Pons;Cerebellum/Posterior Fossa;Frontal Lobe;Parietal Lobe	Female	White	Not Hispanic or Latino	980	High-grade glioma/astrocytoma (WHO grade III/IV)	High-grade glioma/astrocytoma, H3 wildtype	HGAT	Diffuse astrocytic and oligodendroglial tumor	Updated via OpenPBTA subtyping	Female	NA	1250	DECEASED	CBTN	2230	NantOmics	0.17679775	0.82320225	3	7316-895-T-345161.WGS	None documented	HGG, H3 wildtype	high grade glioma	NA	NA	NA	NA	NA	NA	NA	NA	NA	NA	NA	NA	NA	NA	NA	0	0	0	1	NA	NA	NA	NA	NA	NA	NA	NA	BS_BQWMQM2Y
BS_EPM623G4	BS_052PZFMK	BS_JJ593ZW7	7316-1099	Splice	1	Splice	2.62558793175661	NA	NA	NA	NA	NA	POS	NA	Truncatimg Mut	none (MSH2 VUS; PTEN)	NA	NA	0	0	1	19.9899999999998	0	0.01	22.74	NA	NA	NA	NA	NA	NA	NA	NA	NA	NA	NA	NA	NA	1811164269	200442	48-52	208996844	959.067114	886908602	37871	48-52	103677458	365.277088	2.6255879317566175	85477.2548602315	0.194246132187537	NA	tumor	ALT	HGAT	PT_N3205P0D	C291756	Hemispheric	549726	WGS	Tumor	Solid Tissue	Initial CNS Tumor	Frontal Lobe;Parietal Lobe	Male	White	Not Hispanic or Latino	6770	High-grade glioma/astrocytoma (WHO grade III/IV)	High-grade glioma/astrocytoma, H3 G35-mutant	HGAT	Diffuse astrocytic and oligodendroglial tumor	Updated via OpenPBTA subtyping	Male	NA	NA	LIVING	CBTN	6770	NantOmics	0.094659507	0.905340493	2	7316-1099-T-353730.WGS	None documented	HGG, H3 G35, TP53 loss	gbm with pnet component	NA	NA	NA	NA	NA	NA	NA	NA	NA	NA	NA	NA	NA	NA	NA	NA	NA	NA	NA	NA	NA	NA	NA	NA	NA	NA	NA	BS_EPM623G4
BS_S791VC80	BS_P0QF87WC	BS_4AM9C504	7316-2737	NA	NA	NA	0.388138255821767	NA	NA	NA	NA	NA	NEG	NA	NA	NA	NA	NA	0	0	0	32.45	0	0.11	20.39	NA	NA	NA	1	Likely pathogenic	TP53	NA	NA	NA	NA	NA	NA	NA	1181914390	25886	48-52	147915785	175.004987	796423206	41584	48-52	92227893	450.883118	0.3881382558217671	94277.5237817518	0.572640653658347	NA	tumor	non-ALT	HGAT	PT_8GN3TQRM	C417831	Hemispheric	711283	WGS	Tumor	Solid Tissue	Progressive	Parietal Lobe;Temporal Lobe	Male	Asian	Not Hispanic or Latino	1885	High-grade glioma/astrocytoma (WHO grade III/IV)	High-grade glioma/astrocytoma, H3 wildtype	HGAT	Diffuse astrocytic and oligodendroglial tumor	Updated via OpenPBTA subtyping	Male	NA	957	DECEASED	CBTN	2842	NantOmics	0.263468201	0.736531799	2	7316-2737-T-506177.WGS	None documented	HGG, H3 wildtype	glioblastoma who grade iv	NA	NA	NA	NA	NA	NA	NA	NA	NA	NA	NA	NA	NA	NA	NA	NA	NA	NA	NA	NA	NA	NA	NA	NA	NA	NA	NA	BS_S791VC80
BS_AYPBAHJ6	BS_4QW2S1Q8	BS_NWXG4ZNS	7316-195	NA	NA	NA	0.662451416600773	0	NEG	ATRX POS	0	1	NEG	NA	NA	NA	NA	NA	0	0	0	34.1599999999998	0	0.01	31.14	NA	NA	NA	NA	NA	NA	NA	NA	NA	NA	NA	NA	NA	1753110276	91243	48-52	222189952	410.653133	790774793	56652	48-52	91389045	619.899245	0.6624514166007737	95383.7152122731	0.620204742976521	NA	tumor	non-ALT	HGAT	PT_Y5KY6KN9	C56826	Posterior fossa	563906	WGS	Tumor	Solid Tissue	Initial CNS Tumor	Cerebellum/Posterior Fossa	Unknown	Reported Unknown	Not Available	3296	High-grade glioma/astrocytoma (WHO grade III/IV)	Diffuse midline glioma, H3 K28-mutant	HGAT	Diffuse astrocytic and oligodendroglial tumor	Updated via OpenPBTA subtyping	Male	NA	276	DECEASED	CBTN	3572	NantOmics	0.377688199	0.622311801	4	7316-195-T-202630.WGS	None documented	DMG, H3 K28, TP53 loss	glioblastoma multiforme	NA	NA	NA	NA	NA	NA	NA	NA	NA	NA	NA	NA	NA	NA	NA	NA	NA	NA	NA	NA	NA	NA	NA	0	1	0	0	BS_AYPBAHJ6
BS_STNH7YSX	BS_5P1TN10Z	BS_GBQ6A3ST	7316-158	NA	NA	NA	2.78010728661349	NA	NA	NA	NA	NA	NA	NA	NA	NA	NA	NA	1	1	1	2.2	NA	NA	22.51	NA	NA	NA	NA	NA	NA	NA	NA	NA	NA	NA	NA	NA	1569158766	224504	48-52	187478884	1197.489526	761836676	36760	48-52	85342495	430.735005	2.780107286613495	96261.9946860079	0.657969059515626	NA	tumor	non-ALT	HGAT	PT_9BZETM0M	C36285	Hemispheric	746056	WGS	Tumor	Solid Tissue	Initial CNS Tumor	Frontal Lobe	Male	White	Not Hispanic or Latino	6523	Supratentorial or Spinal Cord PNET	High-grade glioma/astrocytoma, H3 G35-mutant	HGAT	Diffuse astrocytic and oligodendroglial tumor	Updated via OpenPBTA subtyping	Male	NA	2681	DECEASED	CBTN	9204	NantOmics	0.043363108	0.956636892	2	7316-158-T-150607.WGS	None documented	HGG, H3 G35	pnet with glial and neuronal differentiation and subarachnoid growth	NA	NA	NA	NA	NA	NA	NA	NA	NA	NA	NA	1	0	0	0	0	2	0	0	NA	NA	NA	NA	0	0	0	1	BS_STNH7YSX
BS_QQP17PDQ	BS_WAXJY4XQ	BS_4AM9C504	7316-2069	NA	NA	NA	0.499815153868768	NA	NA	NA	NA	NA	NEG	NA	NA	NA	NA	NA	0	0	0	45.87	0	0.28	16.2399999999998	NA	NA	NA	1	Likely pathogenic	TP53	NA	NA	NA	NA	NA	NA	NA	1808368740	48019	48-52	213078543	225.358215	796423206	41584	48-52	92227893	450.883118	0.49981515386876824	93046.7586878559	0.519720138058094	NA	tumor	non-ALT	HGAT	PT_8GN3TQRM	C417831	Hemispheric	573086	WGS	Tumor	Solid Tissue	Recurrence	Parietal Lobe	Male	Asian	Not Hispanic or Latino	1885	High-grade glioma/astrocytoma (WHO grade III/IV)	High-grade glioma/astrocytoma, H3 wildtype	HGAT	Diffuse astrocytic and oligodendroglial tumor	Updated via OpenPBTA subtyping	Male	NA	957	DECEASED	CBTN	2842	NantOmics	0.328151359	0.671848641	2	7316-2069-T-407398.WGS	None documented	HGG, H3 wildtype	glioblastoma, who grade iv	NA	NA	NA	NA	NA	NA	NA	NA	NA	NA	NA	NA	NA	NA	NA	0	1	0	0	NA	NA	NA	NA	NA	NA	NA	NA	BS_QQP17PDQ
BS_FKQ7F6D1	BS_XG0DBWVT	BS_SKWPQHER	7316-3122	L691Qfs*4	3	FS Delete	2.65534910941504	NA	NA	NA	NA	NA	NA	NA	Truncating Mut	none (Wiskott Aldrich)	NA	NA	0	0	0	26.34	NA	NA	17.63	NA	NA	NA	NA	NA	NA	NA	NA	NA	NA	NA	NA	NA	1595412648	143032	48-52	193198770	740.335976	716879144	23816	48-52	85420399	278.809281	2.6553491094150483	94214.290787827	0.569921757373383	NA	tumor	non-ALT	HGAT	PT_Y660CKCB	C837753	Midline	739789	WGS	Tumor	Solid Tissue	Initial CNS Tumor	Thalamus	Male	White	Not Hispanic or Latino	5769	High-grade glioma/astrocytoma (WHO grade III/IV)	Diffuse midline glioma, H3 K28-mutant	HGAT	Diffuse astrocytic and oligodendroglial tumor	Updated via OpenPBTA subtyping	Male	NA	232	DECEASED	CBTN	6001	NantOmics	0.148800449	0.851199551	4	7316-3122-T-550919.WGS	None documented	DMG, H3 K28, TP53 loss	glioblastoma who grade iv	NA	NA	NA	NA	NA	NA	NA	NA	NA	NA	p.L691Qfs*4	NA	NA	NA	NA	NA	NA	NA	NA	NA	NA	NA	NA	NA	NA	NA	NA	BS_FKQ7F6D1
BS_GKPVZXYP	BS_51RA1PGE	BS_DNRQ0EN0	7316-644	NA	NA	NA	0.466801169472897	NA	NA	NA	NA	NA	NEG	NA	NA	NA	NA	NA	0	0	0	31.87	0	0.01	14.97	NA	NA	NA	NA	NA	NA	NA	NA	NA	NA	NA	NA	NA	1587456926	46955	48-52	198695550	236.316314	892606078	53520	48-52	105719314	506.246191	0.46680116947289785	92333.9854223929	0.48907226796374	NA	tumor	non-ALT	HGAT	PT_HMF8J4EG	C250674	Midline	739782	WGS	Tumor	Solid Tissue	Initial CNS Tumor	Thalamus	Male	Reported Unknown	Hispanic or Latino	2879	High-grade glioma/astrocytoma (WHO grade III/IV)	Diffuse midline glioma, H3 K28-mutant	HGAT	Diffuse astrocytic and oligodendroglial tumor	Updated via OpenPBTA subtyping	Male	NA	358	DECEASED	CBTN	3237	NantOmics	0.175908875	0.824091125	3	7316-644-T-338772.WGS	None documented	DMG, H3 K28, TP53 loss	glioblastoma multiforme (who grade iv)	NA	NA	NA	NA	NA	NA	NA	NA	NA	NA	NA	0	0	1	0	NA	NA	NA	NA	NA	NA	NA	NA	0	1	0	0	BS_GKPVZXYP
BS_TQ0J7WJQ	NA	BS_36YFSGDX	7316-3219	A1812P	5	Missense	1.61098261110918	NA	NA	NA	NA	NA	NA	NA	Missense Mut	NA	NA	NA	NA	NA	NA	NA	NA	NA	NA	NA	NA	NA	NA	NA	NA	NA	NA	NA	NA	NA	NA	NA	1830161148	158689	48-52	214299489	740.501066	928188076	51097	48-52	111163079	459.658013	1.6109826111091858	NA	NA	NA	tumor	non-ALT	HGAT	PT_WGVEF96B	C3080043	Midline	A08970	WGS	Tumor	Solid Tissue	Initial CNS Tumor	Pons/Brainstem	Not Reported	Not Reported	Not Reported	2853	Brainstem glioma- Diffuse intrinsic pontine glioma	Diffuse midline glioma, H3 K28-mutant	HGAT	Diffuse astrocytic and oligodendroglial tumor	Updated via OpenPBTA subtyping	Female	NA	702	DECEASED	PNOC	3555	NantOmics	0.266980175	0.733019825	3	7316-3219-T-A08958.WGS	NA	DMG, H3 K28, TP53 activated	Diffuse Astrocytoma	NA	NA	NA	NA	NA	NA	NA	NA	NA	NA	p.A1812P	NA	NA	NA	NA	NA	NA	NA	NA	NA	NA	NA	NA	NA	NA	NA	NA	BS_TQ0J7WJQ
BS_8AY2GM4G	BS_G3RJTBZD	BS_0754AZX0	7316-2085	E1365, L2409F, D2326Y	6	Nonsense, Missense	1.62567867221301	NA	NA	NA	NA	NA	NEG	NA	Truncating Mut	NA	NA	NA	0	0	0	20.87	NA	NA	22.59	NA	NA	NA	1	Pathogenic	MSH6	NA	NA	NA	NA	NA	NA	NA	1587427526	143424	48-52	186348973	769.652753	832217014	45980	48-52	97120039	473.434736	1.6256786722130163	90561.1168622435	0.412842353124676	NA	tumor	non-ALT	HGAT	PT_3CHB9PK5	C102951	Hemispheric	577166	WGS	Tumor	Solid Tissue	Progressive	Frontal Lobe	Female	White	Not Hispanic or Latino	2908	High-grade glioma/astrocytoma (WHO grade III/IV)	High-grade glioma/astrocytoma, H3 wildtype	HGAT	Diffuse astrocytic and oligodendroglial tumor	Updated via OpenPBTA subtyping	Female	NA	547	DECEASED	CBTN	3455	NantOmics	0.723196066	0.276803934	2	7316-2085-T-407606.WGS	NF-1,Other inherited conditions NOS	HGG, H3 wildtype, TP53 loss	high grade glioma	p.P188T	NA	NA	NA	NA	NA	0	0	0	1	p.L2409F, p.D2326Y, p.E1365*	0	0	1	0	NA	NA	NA	NA	p.D738Y	NA	NA	NA	NA	NA	NA	NA	BS_8AY2GM4G
BS_F064HMTP	BS_9XVACXP0	BS_T77MXWTX	7316-3625	NA	NA	NA	0.828368248951572	NA	NA	NA	NA	NA	NA	NA	NA	NA	NA	NA	0	0	0	64.78	0	0.01	16.5799999999998	NA	NA	NA	1	Pathogenic	BRCA2	NA	NA	NA	NA	NA	NA	NA	1542213245	69479	48-52	181934767	381.889625	782410904	42179	48-52	91491735	461.01432	0.8283682489515728	93728.3820976392	0.549028624681434	NA	tumor	non-ALT	HGAT	PT_387VK1T9	C979572	Hemispheric	725410	WGS	Tumor	Solid Tissue	Initial CNS Tumor	Parietal Lobe	Female	White	Not Hispanic or Latino	70	High-grade glioma/astrocytoma (WHO grade III/IV)	High-grade glioma/astrocytoma, H3 wildtype	HGAT	Diffuse astrocytic and oligodendroglial tumor	Updated via OpenPBTA subtyping	Female	NA	NA	LIVING	CBTN	70	NantOmics	0	1	2	7316-3625-T-584791.WGS	None documented	HGG, H3 wildtype	glioblastoma	NA	NA	NA	NA	NA	NA	NA	NA	NA	NA	NA	NA	NA	NA	NA	NA	NA	NA	NA	NA	NA	NA	NA	NA	NA	NA	NA	BS_F064HMTP
BS_742CDKAS	BS_1EBQ3T20	BS_GKRMQS5W	7316-913	NA	NA	NA	0.929450577157591	0	NEG	ATRX POS	0	1	NEG	NA	NA	NA	NA	NA	0	0	0	50.02	0	0.36	18.92	NA	NA	NA	NA	NA	NA	NA	NA	NA	NA	NA	NA	NA	2020849401	114460	48-52	246126272	465.045844	720762729	41963	48-52	83868150	500.34488700000003	0.9294505771575916	98908.4688682876	0.7717623243259412	NA	tumor	non-ALT	HGAT	PT_4347ZBEX	C216603	Hemispheric	563907	WGS	Tumor	Solid Tissue	Second Malignancy	Temporal Lobe	Female	White	Not Hispanic or Latino	1258	High-grade glioma/astrocytoma (WHO grade III/IV)	High-grade glioma/astrocytoma, H3 wildtype	HGAT	Diffuse astrocytic and oligodendroglial tumor	Updated via OpenPBTA subtyping	Female	NA	7024	DECEASED	CBTN	8282	NantOmics	0.248662349	0.751337651	2	7316-913-T-345467.WGS	None documented	HGG, H3 wildtype	glioblastoma (hgg)	NA	NA	NA	NA	NA	NA	NA	NA	NA	NA	NA	NA	NA	NA	NA	0	0	0	2	NA	NA	NA	NA	0	1	1	0	BS_742CDKAS
BS_9P4NDTKJ	NA	BS_9H6Z0MEG	7316-3232	NA	NA	NA	0.553548750144247	NA	NA	NA	NA	NA	NA	NA	NA	NA	NA	NA	NA	NA	NA	NA	NA	NA	NA	NA	NA	NA	NA	NA	NA	NA	NA	NA	NA	NA	NA	NA	2039494578	79624	48-52	242596368	328.215961	913193345	64168	48-52	108221782	592.930543	0.5535487501442475	NA	NA	NA	tumor	non-ALT	HGAT	PT_KBFM551M	C3079182	Midline	556479	WGS	Tumor	Solid Tissue	Initial CNS Tumor	Pons/Brainstem	Not Reported	Not Reported	Not Reported	3425	Brainstem glioma- Diffuse intrinsic pontine glioma	High-grade glioma/astrocytoma, H3 wildtype	HGAT	Diffuse astrocytic and oligodendroglial tumor	Updated via OpenPBTA subtyping	Male	NA	395	DECEASED	PNOC	3820	NantOmics	0.587088332	0.412911668	4	7316-3232-T.WGS	NA	HGG, H3 wildtype, TP53 loss	Diffuse Astrocytoma	NA	NA	NA	NA	NA	NA	NA	NA	NA	NA	NA	NA	NA	NA	NA	NA	NA	NA	NA	NA	NA	NA	NA	0	0	1	1	BS_9P4NDTKJ
BS_EP25TTAG	BS_A0DYVX9J	BS_35M8GBJ4	7316-2140	X2169_splice	1	Splice	4.85940326913163	1	POS	ATRX NEG	1	0	POS	NA	Truncatimg Mut	none listed	NA	NA	0	0	0	20.36	0	0.01	22.52	NA	NA	NA	NA	NA	NA	NA	NA	NA	NA	NA	NA	NA	1648761010	459940	48-52	199982662	2299.899378	888864492	50358	48-52	106400233	473.288437	4.859403269131631	98837.4666173908	0.768709365036736	NA	tumor	ALT	HGAT	PT_QDGVJKE0	C466170	Hemispheric	549686	WGS	Tumor	Solid Tissue	Progressive	Frontal Lobe	Male	White	Not Hispanic or Latino	7185	High-grade glioma/astrocytoma (WHO grade III/IV)	High-grade glioma/astrocytoma, H3 wildtype	HGAT	Diffuse astrocytic and oligodendroglial tumor	Updated via OpenPBTA subtyping	Male	NA	521	DECEASED	CBTN	7706	NantOmics	0.360167805	0.639832195	2	7316-2140-T-409120.WGS	None documented	HGG, H3 wildtype, TP53 loss	high grade glioma	NA	NA	NA	NA	NA	NA	NA	NA	NA	NA	p.X2169_splice	NA	NA	NA	NA	NA	NA	NA	NA	NA	NA	NA	NA	NA	NA	NA	NA	BS_EP25TTAG
BS_85Q5P8GF	BS_VF5XWFXD	BS_SGS26NXP	7316-2594	R2197C	NA	Missense	1.49313856463679	NA	NA	NA	NA	NA	NA	NA	Missense mut	MSH2	p.Ala636Pro	NA	0	0	0	45.06	0	0.01	22.98	NA	NA	NA	1	Pathogenic	MSH2	NA	NA	NA	NA	NA	NA	NA	1531869824	171881	48-52	178012026	965.558361	900870242	69494	48-52	107465458	646.663601	1.4931385646367934	93260.35541707369	0.528904383773854	NA	tumor	non-ALT	HGAT	PT_JNEV57VK	C714384	Midline	574340	WGS	Tumor	Solid Tissue	Initial CNS Tumor	Thalamus	Male	White	Not Hispanic or Latino	2869	High-grade glioma/astrocytoma (WHO grade III/IV)	Diffuse midline glioma, H3 K28-mutant	HGAT	Diffuse astrocytic and oligodendroglial tumor	Updated via OpenPBTA subtyping	Male	NA	273	DECEASED	CBTN	3142	NantOmics	0.254948862	0.745051138	2	7316-2594-T-463828.WGS	Other inherited conditions NOS	DMG, H3 K28, TP53 loss	anaplastic astrocytoma who grade iii	NA	NA	NA	NA	NA	NA	NA	NA	NA	NA	p.R2197C	NA	NA	NA	NA	NA	NA	NA	NA	NA	NA	NA	NA	0	0	0	1	BS_85Q5P8GF
BS_FK3B5SDH	NA	BS_Z370T42N	7316-3221	NA	NA	NA	0.765076784764917	NA	NA	NA	NA	NA	NA	NA	NA	NA	NA	NA	NA	NA	NA	NA	NA	NA	NA	NA	NA	NA	NA	NA	NA	NA	NA	NA	NA	NA	NA	NA	1697149275	101171	48-52	200973102	503.405675	851370348	70967	48-52	107855765	657.980591	0.7650767847649171	NA	NA	NA	tumor	non-ALT	HGAT	PT_HGM20MW7	C3080289	Midline	A09448	WGS	Tumor	Solid Tissue	Initial CNS Tumor	Pons/Brainstem	Not Reported	Not Reported	Not Reported	3558	Brainstem glioma- Diffuse intrinsic pontine glioma	Diffuse midline glioma, H3 K28-mutant	HGAT	Diffuse astrocytic and oligodendroglial tumor	Updated via OpenPBTA subtyping	Male	NA	244	DECEASED	PNOC	3802	NantOmics	0	1	3	7316-3221-T-A09446.WGS	NA	DMG, H3 K28, TP53 loss	Diffuse Astrocytoma	NA	NA	NA	NA	NA	NA	NA	NA	NA	NA	NA	0	0	1	0	NA	NA	NA	NA	NA	NA	NA	NA	NA	NA	NA	NA	BS_FK3B5SDH
BS_SK4H5MJQ	NA	BS_VNBX1SEV	7316-204	NA	NA	NA	0.911126491571772	0	NEG	ATRX POS	0	1	NEG	NA	LOW EXPRESSION	NA	NA	NA	0	0	1	14.85	0	0.6	24.61	NA	NA	NA	NA	NA	NA	NA	NA	NA	NA	NA	NA	NA	1862525451	92444	48-52	223828906	413.011892	762421054	40061	48-52	88376725	453.298083	0.9111264915717722	93093.3716711312	0.752475929785222	NA	tumor	non-ALT	HGAT	PT_RSDTCFDA	C57441	Hemispheric	549710	WGS	Tumor	Solid Tissue	Initial CNS Tumor	Frontal Lobe	Female	White	Not Hispanic or Latino	4946	High-grade glioma/astrocytoma (WHO grade III/IV)	High-grade glioma/astrocytoma, H3 wildtype	HGAT	Diffuse astrocytic and oligodendroglial tumor	Updated via OpenPBTA subtyping	Female	NA	360	DECEASED	CBTN	5306	NantOmics	0.502291927	0.497708073	2	7316-204-T-211345.WGS	None documented	HGG, H3 wildtype	anaplastic astrocytoma	NA	rs1242535815,COSM1716558,COSM1716563	NA	NA	NA	NA	NA	NA	NA	NA	NA	NA	NA	NA	NA	NA	NA	NA	NA	NA	NA	NA	NA	NA	NA	NA	NA	BS_SK4H5MJQ
BS_8Q8N6AHW	BS_S6S7SK3P	BS_0JS89ADT	7316-2554	NA	NA	NA	3.91068597410353	NA	NA	NA	NA	NA	POS	NA	NA	APC ? Significance	NA	NA	0	0	0	54.39	NA	NA	13.19	NA	NA	NA	NA	NA	NA	NA	NA	NA	NA	NA	NA	NA	1506662968	384294	48-52	179807885	2137.247763	857083192	54359	48-52	99464827	546.5148	3.910685974103537	94369.9097026279	0.576613069346121	NA	tumor	ALT	HGAT	PT_37B5JRP1	C578469	Mixed	563912	WGS	Tumor	Solid Tissue	Progressive	Basal Ganglia;Brain Stem-Medulla;Brain Stem- Midbrain/Tectum;Brain Stem- Pons;Optic Pathway;Suprasellar/Hypothalamic/Pituitary;Thalamus	Male	Black or African American	Not Hispanic or Latino	5324	High-grade glioma/astrocytoma (WHO grade III/IV)	High-grade glioma/astrocytoma, H3 wildtype	HGAT	Diffuse astrocytic and oligodendroglial tumor	Updated via OpenPBTA subtyping	Male	NA	422	DECEASED	CBTN	5746	NantOmics	0.277680781	0.722319219	2	7316-2554-T-472283.WGS	None documented	HGG, H3 wildtype, TP53 loss	glioblastoma	NA	NA	NA	NA	NA	NA	NA	NA	NA	NA	NA	NA	NA	NA	NA	0	1	0	0	NA	NA	NA	NA	0	2	0	5	BS_8Q8N6AHW
BS_Q6GVRAWK	NA	BS_D48QXYW6	7316-3225	NA	NA	NA	0.478672360955709	NA	NA	NA	NA	NA	NA	NA	NA	NA	NA	NA	NA	NA	NA	NA	NA	NA	NA	NA	NA	NA	NA	NA	NA	NA	NA	NA	NA	NA	NA	NA	1709067451	75357	48-52	199525137	377.681735	875115239	84636	48-52	107267337	789.019308	0.4786723609557093	NA	NA	NA	tumor	non-ALT	HGAT	PT_VPEMAQBN	C3078444	Midline	A12762	WGS	Tumor	Solid Tissue	Initial CNS Tumor	Pons/Brainstem	Not Reported	Not Reported	Not Reported	1709	Brainstem glioma- Diffuse intrinsic pontine glioma	Diffuse midline glioma, H3 K28-mutant	HGAT	Diffuse astrocytic and oligodendroglial tumor	Updated via OpenPBTA subtyping	Female	NA	552	DECEASED	PNOC	2261	NantOmics	0.185366238	0.814633762	2	7316-3225-T-A12748.WGS	NA	DMG, H3 K28, TP53 activated	Anaplastic Astrocytoma	NA	NA	NA	NA	NA	NA	NA	NA	NA	NA	NA	NA	NA	NA	NA	NA	NA	NA	NA	NA	NA	NA	NA	NA	NA	NA	NA	BS_Q6GVRAWK
BS_928HWFFM	BS_1EN5V3XW	BS_HT2S4SW0	7316-2561	H2254R	5	Missense	1.42648070753189	NA	NA	NA	NA	NA	POS	NA	missense mut	NA	NA	NA	0	0	0	57.77	NA	NA	20.9	NA	NA	NA	NA	NA	NA	NA	NA	NA	NA	NA	NA	NA	1431594698	168932	48-52	173211249	975.294624	816565712	66244	48-52	96889479	683.706845	1.4264807075318957	91271.9364230539	0.44340621770241107	NA	tumor	ALT	HGAT	PT_RDJ40M73	C621519	Hemispheric	587981	WGS	Tumor	Solid Tissue	Recurrence	Temporal Lobe	Female	White	Not Hispanic or Latino	5754	High-grade glioma/astrocytoma (WHO grade III/IV)	High-grade glioma/astrocytoma, H3 G35-mutant	HGAT	Diffuse astrocytic and oligodendroglial tumor	Updated via OpenPBTA subtyping	Female	NA	728	DECEASED	CBTN	6482	NantOmics	0.067309176	0.932690824	2	7316-2561-T-460404.WGS	None documented	HGG, H3 G35	high grade glioma most consistent with glioblastoma	NA	NA	NA	NA	NA	NA	NA	NA	NA	NA	p.H2254R	NA	NA	NA	NA	NA	NA	NA	NA	NA	NA	NA	NA	NA	NA	NA	NA	BS_928HWFFM
BS_3E5C1PN1	BS_TM9MH0RP	BS_9G82HJFA	7316-1937	R1742G	5	Missense	0.761383218672575	NA	NA	NA	NA	NA	NEG	NA	MISSENSE MUT	NA	NA	NA	0	0	0	29.4	NA	NA	13.47	NA	NA	NA	NA	NA	NA	NA	NA	NA	NA	NA	NA	NA	1618626618	73650	48-52	188695941	390.310462	798146574	48204	48-52	94032111	512.633392	0.7613832186725753	89838.359460862	0.381765184520605	NA	tumor	non-ALT	HGAT	PT_59D00MBQ	C384990	Midline	732127	WGS	Tumor	Solid Tissue	Initial CNS Tumor	Thalamus	Male	Asian	Not Hispanic or Latino	3283	High-grade glioma/astrocytoma (WHO grade III/IV)	Diffuse midline glioma, H3 K28-mutant	HGAT	Diffuse astrocytic and oligodendroglial tumor	Updated via OpenPBTA subtyping	Male	NA	419	DECEASED	CBTN	3702	NantOmics	0.219400156	0.780599844	2	7316-1937-T-386252.WGS	Other inherited conditions NOS	DMG, H3 K28, TP53 loss	residual anaplastic astrocytoma (who grade iii)	NA	NA	0	0	1	0	NA	NA	NA	NA	p.R1742G	NA	NA	NA	NA	NA	NA	NA	NA	NA	NA	NA	NA	NA	NA	NA	NA	BS_3E5C1PN1
BS_DH86PF5A	BS_97M1E2DW	BS_Y63AQ2ZX	7316-3208	NA	NA	NA	0.517582750507117	NA	NA	NA	NA	NA	NA	NA	NA	NA	NA	NA	0	0	0	46.45	0	0.11	16.35	NA	NA	NA	NA	NA	NA	NA	NA	NA	NA	NA	NA	NA	1438127020	45712	48-52	174583562	261.834502	845662832	50266	48-52	99363584	505.879498	0.5175827505071178	95447.386595874	0.62294248916859	NA	tumor	non-ALT	HGAT	PT_B38P3Y5T	C832710	Midline	728375	WGS	Tumor	Solid Tissue	Progressive	Brain Stem- Pons	Female	White	Not Hispanic or Latino	3388	Brainstem glioma- Diffuse intrinsic pontine glioma	Diffuse midline glioma, H3 K28-mutant	HGAT	Diffuse astrocytic and oligodendroglial tumor	Updated via OpenPBTA subtyping	Female	NA	181	DECEASED	CBTN	3567	NantOmics	0.508344187	0.491655813	2	7316-3208-T-555661.WGS	None documented	DMG, H3 K28	brainstem diffuse midline glioma, h3-k27m mutant, who grade iv	NA	NA	NA	NA	NA	NA	NA	NA	NA	NA	NA	NA	NA	NA	NA	0	0	0	1	NA	NA	NA	NA	NA	NA	NA	NA	BS_DH86PF5A
BS_872Q3FK2	BS_S5P8VTN5	BS_AS4CJ75A	7316-903	D1714V	5	Missense	1.19818573822931	NA	UNCERTAIN (VERY FEW CELLS POS)	ATRX POS	0	1	NEG	NA	Missense Mut	NA	NA	NA	0	0	0	42.04	NA	NA	21.59	NA	NA	NA	NA	NA	NA	NA	NA	NA	NA	NA	NA	NA	1598390382	109312	48-52	188134427	581.031349	866788964	51180	48-52	105541889	484.925943	1.1981857382293113	91748.5221554721	0.463898481264628	NA	tumor	non-ALT	HGAT	PT_858H7ABM	C182409	Midline	577169	WGS	Tumor	Solid Tissue	Recurrence	Thalamus	Female	White	Not Hispanic or Latino	6105	High-grade glioma/astrocytoma (WHO grade III/IV)	Diffuse midline glioma, H3 K28-mutant	HGAT	Diffuse astrocytic and oligodendroglial tumor	Updated via OpenPBTA subtyping	Female	NA	706	DECEASED	CBTN	6811	NantOmics	0.365851554	0.634148446	2	7316-903-T-345298.WGS	None documented	DMG, H3 K28	hgg	NA	NA	0	0	1	0	NA	NA	NA	NA	p.D1714V	NA	NA	NA	NA	NA	NA	NA	NA	NA	NA	NA	NA	0	1	1	0	BS_872Q3FK2
BS_QWS88QXE	BS_DS438CXE	BS_65YZYWHD	7316-2857	NA	NA	NA	0.574163528083402	NA	NA	NA	NA	NA	NEG	NA	NA	NA	NA	NA	0	0	0	48.3	0	0.01	18.5599999999998	NA	NA	NA	NA	NA	NA	NA	NA	NA	NA	NA	NA	NA	1703868726	42577	48-52	211154284	201.63929	742937956	31058	48-52	88436985	351.187911	0.5741635280834027	94351.9043407596	0.575838873654051	NA	tumor	non-ALT	HGAT	PT_0DXHDZJR	C789168	Hemispheric	655059	WGS	Tumor	Solid Tissue	Initial CNS Tumor	Frontal Lobe	Male	White	Not Hispanic or Latino	493	High-grade glioma/astrocytoma (WHO grade III/IV)	High-grade glioma/astrocytoma, H3 wildtype	HGAT	Diffuse astrocytic and oligodendroglial tumor	Updated via OpenPBTA subtyping	Male	NA	648	DECEASED	CBTN	1141	NantOmics	0.028169734	0.971830266	2	7316-2857-T-513841.WGS	None documented	HGG, H3 wildtype	glioblastoma, who grade 4	NA	NA	NA	NA	NA	NA	NA	NA	NA	NA	NA	NA	NA	NA	NA	0	1	0	0	NA	NA	NA	NA	NA	NA	NA	NA	BS_QWS88QXE
BS_P8WN8XEQ	BS_C6ZZ3FY5	BS_GWFF9E3C	7316-1105	L413Kfs*20	3	FS Delete	1.31325462645444	NA	NA	NA	NA	NA	POS	NA	FS Deletion	NA	NA	NA	0	0	1	16.76	NA	NA	11.47	NA	NA	NA	NA	NA	NA	NA	NA	NA	NA	NA	NA	NA	1825291189	153929	48-52	215414699	714.57055	897334237	57281	48-52	105272374	544.12186	1.3132546264544491	89677.116718831	0.374832058867787	NA	tumor	ALT	HGAT	PT_X71D7G5S	C334314	Hemispheric	549712	WGS	Tumor	Solid Tissue	Recurrence	Parietal Lobe	Male	White	Not Hispanic or Latino	5422	Supratentorial or Spinal Cord PNET	High-grade glioma/astrocytoma, H3 G35-mutant	HGAT	Diffuse astrocytic and oligodendroglial tumor	Updated via OpenPBTA subtyping	Male	NA	NA	LIVING	CBTN	5422	NantOmics	0.290264582	0.709735418	3	7316-1105-T-353821.WGS	None documented	HGG, H3 G35	recurrent/residual pnet	NA	NA	NA	NA	NA	NA	NA	NA	NA	NA	p.L413Kfs*20	NA	NA	NA	NA	NA	NA	NA	NA	NA	NA	NA	NA	NA	NA	NA	NA	BS_P8WN8XEQ
BS_M28HG0NT	BS_M7HCF7DW	BS_M4KBSYZ2	7316-2092	S2041R	5	Missense	0.873314076221844	NA	NA	NA	NA	NA	POS	NA	NA	NA	NA	NA	0	0	0	40.47	NA	NA	18	NA	NA	NA	NA	NA	NA	NA	NA	NA	NA	NA	NA	NA	1262572086	85587	48-52	154468265	554.074975	859706630	64151	48-52	101112618	634.450984	0.8733140762218442	91239.3559553694	0.44200532068565507	NA	tumor	ALT	HGAT	PT_2WVW55DA	C103566	Hemispheric	711284	WGS	Tumor	Solid Tissue	Progressive	Parietal Lobe	Female	White	Not Hispanic or Latino	138	High-grade glioma/astrocytoma (WHO grade III/IV)	High-grade glioma/astrocytoma, H3 wildtype	HGAT	Diffuse astrocytic and oligodendroglial tumor	Updated via OpenPBTA subtyping	Female	NA	1348	DECEASED	CBTN	1486	NantOmics	0.211024921	0.788975079	2	7316-2092-T-407697.WGS	None documented	HGG, H3 wildtype	glioblastoma multiforme (who grade 4)	NA	NA	NA	NA	NA	NA	NA	NA	NA	NA	p.S2041R	NA	NA	NA	NA	NA	NA	NA	NA	NA	NA	NA	NA	NA	NA	NA	NA	BS_M28HG0NT
BS_KYPMZZSY	BS_Q13FQ8FV	BS_0WDJRMAB	7316-1708	NA	NA	NA	1.65241546603447	NA	NA	NA	NA	NA	POS	NA	DELETION	NA	NA	NA	0	0	0	24.39	NA	NA	17.02	NA	NA	NA	NA	NA	NA	NA	NA	NA	NA	NA	NA	NA	1752720872	188925	48-52	213322560	885.630662	887205215	56410	48-52	105250146	535.961252	1.652415466034474	92102.6757789036	0.479126401236227	NA	tumor	ALT	HGAT	PT_1DSX4VJM	C226935	Midline	549683	WGS	Tumor	Solid Tissue	Progressive	Brain Stem- Pons	Male	White	Not Hispanic or Latino	2296	Brainstem glioma- Diffuse intrinsic pontine glioma	Diffuse midline glioma, H3 K28-mutant	HGAT	Diffuse astrocytic and oligodendroglial tumor	Updated via OpenPBTA subtyping	Male	NA	331	DECEASED	CBTN	2627	NantOmics	0.283567692	0.716432308	3	7316-1708-T-362697.WGS	None documented	DMG, H3 K28, TP53 loss	anaplastic astrocytoma, who grade iii, egfr positive; consistent with diffuse intrinsic pontine glioma (dipg)	NA	NA	NA	NA	NA	NA	NA	NA	NA	NA	NA	NA	NA	NA	NA	0	1	0	0	NA	NA	NA	NA	NA	NA	NA	NA	BS_KYPMZZSY
BS_3VKW5988	NA	BS_SNRF1RKC	7316-3223	NA	NA	NA	0.853386342704958	NA	NA	NA	NA	NA	NA	NA	NA	NA	NA	NA	NA	NA	NA	NA	NA	NA	NA	NA	NA	NA	NA	NA	NA	NA	NA	NA	NA	NA	NA	NA	1661776290	93973	48-52	199000953	472.223869	867828074	58048	48-52	104902301	553.352972	0.8533863427049597	NA	NA	NA	tumor	non-ALT	HGAT	PT_KTRJ8TFY	C3081027	Midline	A09825	WGS	Tumor	Solid Tissue	Initial CNS Tumor	Pons/Brainstem	Not Reported	Not Reported	Not Reported	2079	Brainstem glioma- Diffuse intrinsic pontine glioma	Diffuse midline glioma, H3 K28-mutant	HGAT	Diffuse astrocytic and oligodendroglial tumor	Updated via OpenPBTA subtyping	Male	NA	274	DECEASED	PNOC	2353	NantOmics	0.731291061	0.268708939	2	7316-3223-T-A09689.WGS	NA	DMG, H3 K28, TP53 loss	Infiltrating Diffuse Astrocytoma	NA	NA	NA	NA	NA	NA	NA	NA	NA	NA	NA	NA	NA	NA	NA	NA	NA	NA	NA	NA	NA	NA	NA	NA	NA	NA	NA	BS_3VKW5988
BS_F8K4VQMF	BS_GG9W3J9Y	BS_P1JY6XK5	7316-3817	NA	NA	NA	0.775241276378304	NA	NA	NA	NA	NA	NEG	NA	NA	NA	NA	NA	0	0	0	32.44	0	0.89	12.97	NA	NA	NA	NA	NA	NA	NA	NA	NA	NA	NA	NA	NA	1584059526	53341	48-52	188131871	283.529844	773326205	33755	48-52	92294585	365.731099	0.7752412763783045	95637.8396808098	0.631131602999039	NA	tumor	non-ALT	HGAT	PT_J5NSRW1Y	C992733	Hemispheric	725393	WGS	Tumor	Solid Tissue	Initial CNS Tumor	Frontal Lobe	Male	Black or African American	Not Hispanic or Latino	4599	High-grade glioma/astrocytoma (WHO grade III/IV)	High-grade glioma/astrocytoma, H3 wildtype	HGAT	Diffuse astrocytic and oligodendroglial tumor	Updated via OpenPBTA subtyping	Male	NA	492	DECEASED	CBTN	5091	NantOmics	0.231208976	0.768791024	3	7316-3817-T-601576.WGS	None documented	HGG, H3 wildtype	glioblastoma, idh-1 negative, who grade iv	NA	COSM1716559	NA	NA	NA	NA	NA	NA	NA	NA	NA	0	0	1	0	NA	NA	NA	NA	NA	NA	NA	NA	NA	NA	NA	NA	BS_F8K4VQMF
BS_VW4XN9Y7	BS_FX2P2WEG	BS_6FD0SW6E	7316-2640	N1318Kfs*6	2	FS Insert	1.42688611222043	NA	NA	NA	NA	NA	POS	NA	Truncating Mut	NA	NA	NA	0	0	0	41.18	0	0.05	28.04	NA	NA	NA	NA	NA	NA	NA	NA	NA	NA	NA	NA	NA	1756350006	150937	48-52	205256443	735.358159	897575037	54164	48-52	105099615	515.358691	1.4268861122204302	94227.7317941336	0.570499694615402	NA	tumor	ALT	HGAT	PT_0SPKM4S8	C687324	Hemispheric	573082	WGS	Tumor	Solid Tissue	Initial CNS Tumor	Parietal Lobe	Male	Black or African American	Not Hispanic or Latino	2005	High-grade glioma/astrocytoma (WHO grade III/IV)	High-grade glioma/astrocytoma, H3 wildtype	HGAT	Diffuse astrocytic and oligodendroglial tumor	Updated via OpenPBTA subtyping	Male	NA	334	LIVING	CBTN	2339	NantOmics	0.724251273	0.275748727	2	7316-2640-T-475109.WGS	None documented	HGG, H3 wildtype, TP53 activated	high grade glioneuronal tumor (who gradeiv)	p.L985M	NA	NA	NA	NA	NA	NA	NA	NA	NA	p.N1318Kfs*6	NA	NA	NA	NA	NA	NA	NA	NA	NA	NA	NA	NA	NA	NA	NA	NA	BS_VW4XN9Y7
BS_X1DSETVE	BS_49FQXT2E	BS_XHT3F34T	7316-1789	NA	NA	NA	5.20525783745053	1	POS	ATRX POS	0	1	POS	NA	NA	TP53 (hx Li Fraumeni)	p.Pro152fs	NA	0	0	0	48.75	0	0.01	16.84	NA	NA	NA	1	Pathogenic	TP53	Pathogenic	NA	NA	RPS24	NA	NA	NA	1548890651	485739	48-52	182879796	2656.056112	974536822	61027	48-52	119598855	510.264082	5.205257837450531	90276.7972328979	0.400617159661801	NA	tumor	ALT	HGAT	PT_89XRZBSG	C94956	Hemispheric	612638	WGS	Tumor	Solid Tissue	Recurrence	Temporal Lobe	Unknown	Reported Unknown	Not Available	2287	High-grade glioma/astrocytoma (WHO grade III/IV)	High-grade glioma/astrocytoma, H3 wildtype	HGAT	Diffuse astrocytic and oligodendroglial tumor	Updated via OpenPBTA subtyping	Male	NA	5100	LIVING	CBTN	7387	NantOmics	0.306609752	0.693390248	4	7316-1789-T-366339.WGS	Li-Fraumeni syndrome	HGG, H3 wildtype, TP53 loss	anaplastic astrocytoma	NA	NA	NA	NA	NA	NA	NA	NA	NA	NA	NA	NA	NA	NA	NA	NA	NA	NA	NA	NA	NA	NA	NA	NA	NA	NA	NA	BS_X1DSETVE
BS_SKRY0BJ4	BS_49BQS7Z6	BS_59H6VFJX	7316-2151	NA	NA	NA	0.453305749936207	0	NEG	ATRX POS	0	1	NEG	NA	NA	NA	NA	NA	0	0	0	33.96	NA	NA	13.65	NA	NA	NA	NA	NA	NA	NA	NA	NA	NA	NA	NA	NA	1375025024	38471	48-52	166855680	230.564521	821342140	49732	48-52	97776542	508.629156	0.453305749936207	89260.83535278	0.356932766276989	NA	tumor	non-ALT	HGAT	PT_HNZNZ635	C801468	Midline	711255	WGS	Tumor	Solid Tissue	Progressive	Thalamus	Male	White	Hispanic or Latino	2166	High-grade glioma/astrocytoma (WHO grade III/IV)	High-grade glioma/astrocytoma, H3 wildtype	HGAT	Diffuse astrocytic and oligodendroglial tumor	Updated via OpenPBTA subtyping	Male	NA	515	LIVING	CBTN	2681	NantOmics	0.792416385	0.207583615	2	7316-2151-T-409284.WGS	None documented	HGG, H3 wildtype	anaplastic astrocytoma	NA	NA	NA	NA	NA	NA	NA	NA	NA	NA	NA	NA	NA	NA	NA	NA	NA	NA	NA	NA	NA	NA	NA	NA	NA	NA	NA	BS_SKRY0BJ4
BS_QG6V29H7	BS_ZVWE73JZ	BS_9G82HJFA	7316-1936	R1742G	5	Missense	0.748381398845746	NA	NA	NA	NA	NA	NA	NA	MISSENSE MUT	NA	NA	NA	0	0	0	40.0499999999998	NA	NA	17.7	NA	NA	NA	NA	NA	NA	NA	NA	NA	NA	NA	NA	NA	1566122547	71607	48-52	186648972	383.645295	798146574	48204	48-52	94032111	512.633392	0.7483813988457467	92390.5796316396	0.491505709363873	NA	tumor	non-ALT	HGAT	PT_59D00MBQ	C384990	Midline	732164	WGS	Tumor	Solid Tissue	Initial CNS Tumor	Thalamus	Male	Asian	Not Hispanic or Latino	3283	High-grade glioma/astrocytoma (WHO grade III/IV)	Diffuse midline glioma, H3 K28-mutant	HGAT	Diffuse astrocytic and oligodendroglial tumor	Updated via OpenPBTA subtyping	Male	NA	419	DECEASED	CBTN	3702	NantOmics	0.245676947	0.754323053	2	7316-1936-T-386237.WGS	Other inherited conditions NOS	DMG, H3 K28, TP53 loss	anaplastic astrocytoma (who grade iii)	NA	NA	0	0	1	0	0	0	0	1	p.R1742G	NA	NA	NA	NA	NA	NA	NA	NA	NA	NA	NA	NA	NA	NA	NA	NA	BS_QG6V29H7
BS_W2QCHQ7E	BS_SHJA4MR0	BS_ZY319KJ4	7316-161	NA	NA	NA	0.882805463561211	NA	No results, out of focus	ATRX POS	0	1	NEG	NA	LOW EXPRESSION	NA	NA	NA	0	0	1	10.61	0	0.02	48.37	NA	NA	NA	1	Pathogenic	ATM	NA	NA	NA	NA	NA	NA	NA	1772881793	79357	48-52	209464302	378.856919	938471971	47801	48-52	111385016	429.151081	0.8828054635612115	94797.16582204809	0.808473165895146	NA	tumor	non-ALT	HGAT	PT_Z4BF2NSB	C34809	Hemispheric	549706	WGS	Tumor	Solid Tissue	Initial CNS Tumor	Temporal Lobe	Male	Reported Unknown	Hispanic or Latino	5908	High-grade glioma/astrocytoma (WHO grade III/IV)	High-grade glioma/astrocytoma, H3 wildtype	HGAT	Diffuse astrocytic and oligodendroglial tumor	Updated via OpenPBTA subtyping	Male	NA	2561	DECEASED	CBTN	8469	NantOmics	0.180298816	0.819701184	3	7316-161-T-251673.WGS	None documented	HGG, H3 wildtype, TP53 loss	glioblastome multiforme who iv	NA	NA	NA	NA	NA	NA	NA	NA	NA	NA	NA	0	0	1	0	NA	NA	NA	NA	NA	NA	NA	NA	NA	NA	NA	NA	BS_W2QCHQ7E
BS_9DM8H1RX	NA	BS_CCZZ0NQF	7316-194	NA	NA	NA	0.914171892157005	NA	NA	NA	NA	NA	NA	NA	NA	NA	NA	NA	NA	NA	NA	NA	NA	NA	NA	NA	NA	NA	NA	NA	NA	NA	NA	NA	NA	NA	NA	NA	1803859460	123575	48-52	215592122	573.188848	773936881	56311	48-52	89809726	627.00336	0.9141718921570052	NA	NA	NA	tumor	non-ALT	HGAT	PT_SYHB12RN	C47478	Midline	549717	WGS	Tumor	Solid Tissue	Initial CNS Tumor	Thalamus	Female	White	Not Hispanic or Latino	2520	High-grade glioma/astrocytoma (WHO grade III/IV)	High-grade glioma/astrocytoma, H3 wildtype	HGAT	Diffuse astrocytic and oligodendroglial tumor	Updated via OpenPBTA subtyping	Female	NA	10	DECEASED	CBTN	2530	NantOmics	0.13573025	0.86426975	4	7316-194-T-202199.WGS	None documented	HGG, H3 wildtype	high-grade glioma/astrocytoma (who grade iii/iv)	NA	NA	NA	NA	NA	NA	NA	NA	NA	NA	NA	NA	NA	NA	NA	NA	NA	NA	NA	NA	NA	NA	NA	NA	NA	NA	NA	BS_9DM8H1RX
BS_MW63FCZC	BS_FEV5A0HN	BS_XQ0Y2PMV	7316-535	NA	NA	NA	0.862448544389736	NA	NA	NA	NA	NA	NEG	NA	NA	NA	NA	NA	0	0	0	95.42	NA	NA	16.93	NA	NA	NA	1	Likely pathogenic	CHEK2	NA	NA	NA	NA	NA	NA	NA	1715038755	91470	48-52	202984996	450.624439	965125923	59314	48-52	113520858	522.494289	0.862448544389736	94389.5933252068	0.577459426998706	NA	tumor	non-ALT	HGAT	PT_6SH7PV1N	C113652	Hemispheric	577170	WGS	Tumor	Solid Tissue	Initial CNS Tumor	Temporal Lobe	Male	White	Not Hispanic or Latino	1405	High-grade glioma/astrocytoma (WHO grade III/IV)	High-grade glioma/astrocytoma, H3 wildtype	HGAT	Diffuse astrocytic and oligodendroglial tumor	Updated via OpenPBTA subtyping	Male	NA	2624	LIVING	CBTN	4029	NantOmics	0.633437848	0.366562152	2	7316-535-T-331790.WGS	None documented	HGG, H3 wildtype	anaplastic mixed glioma	NA	NA	NA	NA	NA	NA	NA	NA	NA	NA	NA	NA	NA	NA	NA	NA	NA	NA	NA	NA	NA	NA	NA	NA	NA	NA	NA	BS_MW63FCZC
BS_NNFDFAFM	NA	BS_E5RKHG41	7316-3215	NA	NA	NA	3.95948737822802	NA	NA	NA	NA	NA	NA	NA	HOM DEL	none listed	NA	NA	NA	NA	NA	NA	NA	NA	NA	NA	NA	NA	NA	NA	NA	NA	NA	NA	NA	NA	NA	NA	1529075102	377107	48-52	180980666	2083.686663	936105183	59029	48-52	112168775	526.251624	3.959487378228024	NA	NA	NA	tumor	non-ALT	HGAT	PT_V1HNAC2Q	C3079305	Midline	A07168	WGS	Tumor	Solid Tissue	Initial CNS Tumor	Pons/Brainstem	Not Reported	Not Reported	Not Reported	2786	Brainstem glioma- Diffuse intrinsic pontine glioma	Diffuse midline glioma, H3 K28-mutant	HGAT	Diffuse astrocytic and oligodendroglial tumor	Updated via OpenPBTA subtyping	Male	NA	392	DECEASED	PNOC	3178	NantOmics	0.740856496	0.259143504	3	7316-3215-T-A07150.WGS	NA	DMG, H3 K28, TP53 loss	Infiltrating Dipg	NA	NA	NA	NA	NA	NA	NA	NA	NA	NA	NA	0	0	1	0	0	1	0	0	NA	NA	NA	NA	NA	NA	NA	NA	BS_NNFDFAFM
BS_P3PF53V8	BS_Z8YZ6QGS	BS_S75EZJDW	7316-2307	Q883Rfs*21	3	FS Delete	1.10358853243914	NA	NA	NA	NA	NA	NEG	NA	Truncating mut	NA	NA	NA	0	0	1	18.85	NA	NA	16.8999999999998	NA	NA	NA	NA	NA	NA	NA	NA	NA	NA	NA	NA	NA	1575334202	96870	48-52	188879588	512.86643	923606079	51146	48-52	110056217	464.726132	1.1035885324391443	93744.9523691592	0.549741114267649	NA	tumor	non-ALT	HGAT	PT_S0Q27J13	C621765	Hemispheric	732131	WGS	Tumor	Solid Tissue	Initial CNS Tumor	Parietal Lobe	Female	White	Not Hispanic or Latino	6258	High-grade glioma/astrocytoma (WHO grade III/IV)	High-grade glioma/astrocytoma, H3 wildtype	HGAT	Diffuse astrocytic and oligodendroglial tumor	Updated via OpenPBTA subtyping	Female	NA	1219	DECEASED	CBTN	7477	NantOmics	0.297990703	0.702009297	3	7316-2307-T-458786.WGS	None documented	HGG, H3 wildtype, TP53 activated	anaplastic astrocytoma, who grade iii	p.V826I	NA	NA	NA	NA	NA	NA	NA	NA	NA	p.Q883Rfs*21	NA	NA	NA	NA	NA	NA	NA	NA	NA	NA	NA	NA	NA	NA	NA	NA	BS_P3PF53V8
BS_JB3J82ZK	BS_7327SDAQ	BS_WMVYQREN	7316-2308	NA	NA	NA	0.603105148336911	NA	NA	NA	NA	NA	POS	NA	HOMO DEL	NA	NA	NA	0	0	1	12.75	NA	NA	23.59	NA	NA	NA	NA	NA	NA	NA	NA	NA	NA	NA	NA	NA	1269288698	69013	48-52	151745358	454.794802	918306961	81705	48-52	108349317	754.088741	0.6031051483369116	93459.7516920369	0.537478037456564	NA	tumor	ALT	HGAT	PT_7WT6P5M8	C622134	Posterior fossa	732120	WGS	Tumor	Solid Tissue	Initial CNS Tumor	Cerebellum/Posterior Fossa	Male	White	Not Hispanic or Latino	1422	High-grade glioma/astrocytoma (WHO grade III/IV)	High-grade glioma/astrocytoma, H3 wildtype	HGAT	Diffuse astrocytic and oligodendroglial tumor	Updated via OpenPBTA subtyping	Male	NA	75	DECEASED	CBTN	1497	NantOmics	0.364140815	0.635859185	2	7316-2308-T-458799.WGS	Other inherited conditions NOS	HGG, H3 wildtype, TP53 loss	glioblastoma, who grade iv	NA	NA	NA	NA	NA	NA	NA	NA	NA	NA	NA	1	0	0	0	4	0	0	0	NA	NA	NA	NA	NA	NA	NA	NA	BS_JB3J82ZK
BS_M4E4H6NG	BS_VVTHDRBD	BS_0FE1EFV8	7316-2288	NA	NA	NA	0.665895723080378	NA	NA	NA	NA	NA	NEG	NA	NA	NA	NA	NA	0	0	0	42.09	0	0.41	20.41	NA	NA	NA	NA	NA	NA	NA	NA	NA	NA	NA	NA	NA	1563890063	58600	48-52	185451487	315.985603	889171109	49820	48-52	104988723	474.527155	0.6658957230803789	96530.588533447	0.669518074810286	NA	tumor	non-ALT	HGAT	PT_Y76A7PBA	C608112	Hemispheric	577172	WGS	Tumor	Solid Tissue	Recurrence	Frontal Lobe	Female	White	Not Hispanic or Latino	3288	High-grade glioma/astrocytoma (WHO grade III/IV)	High-grade glioma/astrocytoma, H3 wildtype	HGAT	Diffuse astrocytic and oligodendroglial tumor	Updated via OpenPBTA subtyping	Female	NA	1508	DECEASED	CBTN	4796	NantOmics	0.301382393	0.698617607	2	7316-2288-T-465298.WGS	None documented	HGG, H3 wildtype	glioblastoma, who grade iv	NA	NA	NA	NA	NA	NA	NA	NA	NA	NA	NA	NA	NA	NA	NA	NA	NA	NA	NA	NA	NA	NA	NA	NA	NA	NA	NA	BS_M4E4H6NG
BS_230S192D	BS_GW0GKWMS	BS_Y6D4JQS8	7316-1956	X199_splice	1	Splice	1.45958969808778	NA	NA	NA	NA	NA	POS	NA	Truncating muta	NA	NA	NA	0	0	1	13.53	NA	NA	14.31	NA	NA	NA	NA	NA	NA	NA	NA	NA	NA	NA	NA	NA	1968492713	179429	48-52	233918681	767.057164	783555736	49140	48-52	93505727	525.529308	1.45958969808778	94205.5371837932	0.569545369351711	NA	tumor	ALT	HGAT	PT_P2NGYMG5	C597288	Posterior fossa	563909	WGS	Tumor	Solid Tissue	Initial CNS Tumor	Cerebellum/Posterior Fossa	Female	White	Unavailable/Not Reported	4559	High-grade glioma/astrocytoma (WHO grade III/IV)	Diffuse midline glioma, H3 K28-mutant	HGAT	Diffuse astrocytic and oligodendroglial tumor	Updated via OpenPBTA subtyping	Female	NA	NA	LIVING	CBTN	4559	NantOmics	0.203892931	0.796107069	2	7316-1956-T-389413.WGS	None documented	DMG, H3 K28	high grade glioma (who iv)	NA	NA	NA	NA	NA	NA	NA	NA	NA	NA	p.X199_splice	NA	NA	NA	NA	NA	NA	NA	NA	NA	NA	NA	NA	0	1	2	0	BS_230S192D
BS_1YTHM07J	BS_PKW05VZV	BS_VBB1XSPW	7316-325	NA	NA	NA	0.988855477993911	NA	No results, out of focus [NEG in 2019]	ATRX POS	0	1	NEG	NA	NA	NA	NA	NA	0	0	0	43.51	NA	NA	10.6	NA	NA	NA	NA	NA	NA	NA	NA	NA	NA	NA	NA	NA	1516952280	79493	48-52	174620997	455.231624	992790676	54347	48-52	118052714	460.36214	0.9888554779939116	86933.1693667762	0.256847636518737	NA	tumor	non-ALT	HGAT	PT_279D9QZ8	C17712	Posterior fossa	577165	WGS	Tumor	Solid Tissue	Recurrence	Cerebellum/Posterior Fossa	Female	White	Not Hispanic or Latino	5859	High-grade glioma/astrocytoma (WHO grade III/IV)	High-grade glioma/astrocytoma, H3 wildtype	HGAT	Diffuse astrocytic and oligodendroglial tumor	Updated via OpenPBTA subtyping	Female	NA	3011	LIVING	CBTN	8870	NantOmics	0	1	3	7316-325-T-233387.WGS	None documented	HGG, H3 wildtype	high-grade glioma	NA	NA	NA	NA	NA	NA	NA	NA	NA	NA	NA	NA	NA	NA	NA	NA	NA	NA	NA	NA	NA	NA	NA	NA	NA	NA	NA	BS_1YTHM07J
BS_02YBZSBY	BS_HJRTC9JQ	BS_AYFJ1B57	7316-2189	E1450Rfs*17, A2371V, D1106V, E557K, A364S	2, 5	FS Insert, Missense	1.49438953400914	NA	Uncertain (few cells POS)	ATRX NEG	1	0	NEG	NA	Truncating Mut	NA	NA	NA	0	0	0	22.25	0	0.01	15.08	NA	NA	NA	NA	NA	NA	NA	NA	NA	NA	NA	NA	NA	1553154243	147194	48-52	182304496	807.407405	730988631	45719	48-52	84618985	540.292465	1.4943895340091409	91541.8884902107	0.455013633814672	NA	tumor	non-ALT	HGAT	PT_VTM2STE3	C641691	Hemispheric	711151	WGS	Tumor	Solid Tissue	Progressive	Frontal Lobe;Parietal Lobe;Temporal Lobe	Female	White	Not Hispanic or Latino	3316	High-grade glioma/astrocytoma (WHO grade III/IV)	High-grade glioma/astrocytoma, H3 wildtype	HGAT	Diffuse astrocytic and oligodendroglial tumor	Updated via OpenPBTA subtyping	Female	NA	299	LIVING	CBTN	3615	NantOmics	0.317370561	0.682629439	2	7316-2189-T-425973.WGS	Other inherited conditions NOS	HGG, H3 wildtype, TP53 activated	high grade glioma	NA	NA	NA	NA	NA	NA	NA	NA	NA	NA	p.A2371V, p.E1450Rfs*17, p.D1106V, p.E557K, p.A364S	NA	NA	NA	NA	NA	NA	NA	NA	p.R360H	NA	NA	NA	NA	NA	NA	NA	BS_02YBZSBY
BS_D6XHKZDZ	BS_XQ5SFW35	BS_579DARY4	7316-89	NA	NA	NA	0.895720234771242	0	NEG	ATRX POS	0	1	NEG	NA	NA	NA	NA	NA	0	0	0	37.34	NA	NA	19.12	NA	NA	NA	NA	NA	NA	NA	NA	NA	NA	NA	NA	NA	1699043883	65386	48-52	197646031	330.823744	969020778	41263	48-52	111721437	369.33825	0.8957202347712427	88536.4226081164	0.325784421117444	NA	tumor	non-ALT	HGAT	PT_N32BYY8A	C25461	Hemispheric	577168	WGS	Tumor	Solid Tissue	Progressive	Occipital Lobe	Male	White	Not Hispanic or Latino	1461	High-grade glioma/astrocytoma (WHO grade III/IV)	High-grade glioma/astrocytoma, H3 wildtype	HGAT	Diffuse astrocytic and oligodendroglial tumor	Updated via OpenPBTA subtyping	Male	NA	7111	LIVING	CBTN	8572	NantOmics	0.870959941	0.129040059	2	7316-89-T-63187.WGS	Other inherited conditions NOS	HGG, H3 wildtype	high-grade glioma	NA	NA	NA	NA	NA	NA	NA	NA	NA	NA	NA	NA	NA	NA	NA	NA	NA	NA	NA	NA	NA	NA	NA	NA	NA	NA	NA	BS_D6XHKZDZ
BS_WJB33V17	BS_AWH9757B	BS_6E10DMSJ	7316-3769	NA	NA	NA	0.953363674208554	0	NEG	ATRX POS	0	1	NA	NA	NA	NA	NA	NA	0	0	0	44.94	0	0.34	13.99	NA	NA	NA	NA	NA	NA	NA	NA	NA	NA	NA	NA	NA	1591262953	51372	48-52	190967580	269.009012	661614210	22268	48-52	78917439	282.168305	0.9533636742085544	95797.6749122601	0.638004208422596	NA	tumor	non-ALT	HGAT	PT_59FJRPVX	C952758	Hemispheric	728391	WGS	Tumor	Solid Tissue	Initial CNS Tumor	Frontal Lobe;Other locations NOS;Parietal Lobe;Temporal Lobe	Female	White	Not Hispanic or Latino	3105	High-grade glioma/astrocytoma (WHO grade III/IV)	High-grade glioma/astrocytoma, H3 wildtype	HGAT	Diffuse astrocytic and oligodendroglial tumor	Updated via OpenPBTA subtyping	Female	NA	947	LIVING	CBTN	4052	NantOmics	0.486107316	0.513892684	4	7316-3769-T-646871.WGS	None documented	HGG, H3 wildtype	glioblastoma, who grade iv, idh-1 wild type, with hyperdiploid genome with additional cnvs and sequence variant of ptpn11 gene	NA	NA	NA	NA	NA	NA	NA	NA	NA	NA	NA	NA	NA	NA	NA	NA	NA	NA	NA	NA	NA	NA	NA	NA	NA	NA	NA	BS_WJB33V17
BS_8SYN7GXG	NA	BS_NY9MPC8F	7316-3220	E2279*	6	Nonsense	1.78215908783509	NA	NA	NA	NA	NA	NA	NA	Truncating mut	NA	NA	NA	NA	NA	NA	NA	NA	NA	NA	NA	NA	NA	NA	NA	NA	NA	NA	NA	NA	NA	NA	NA	1846840181	216925	48-52	217712289	996.38381	836565754	54822	48-52	98056115	559.088028	1.7821590878350917	NA	NA	NA	tumor	non-ALT	HGAT	PT_0MXPTTM3	C3080535	Midline	A09416	WGS	Tumor	Solid Tissue	Initial CNS Tumor	Pons/Brainstem	Not Reported	Not Reported	Not Reported	9425	Brainstem glioma- Diffuse intrinsic pontine glioma	High-grade glioma/astrocytoma, IDH-mutant	HGAT	Diffuse astrocytic and oligodendroglial tumor	Updated via OpenPBTA subtyping	Male	NA	1311	DECEASED	PNOC	10736	NantOmics	0.213154902	0.786845098	2	7316-3220-T-A09410.WGS	NA	HGG, IDH, TP53 activated	Anaplastic Astrocytoma	NA	NA	NA	NA	NA	NA	NA	NA	NA	NA	p.E2279*	NA	NA	NA	NA	NA	NA	NA	NA	NA	NA	NA	NA	NA	NA	NA	NA	BS_8SYN7GXG
BS_HJ95JNFN	BS_KP735TJ6	BS_9R1ENMBP	7316-2274	NA	NA	NA	0.935436254064432	NA	NA	NA	NA	NA	POS	NA	NA	NA	NA	NA	0	0	0	36.07	0	0.01	15.72	NA	NA	NA	1	Pathogenic	WRN	NA	NA	NA	NA	NA	NA	NA	1454836175	61067	48-52	175408361	348.1419	596652956	26766	48-52	71918625	372.17063	0.9354362540644328	87085.1665379649	0.263383220529843	NA	tumor	ALT	HGAT	PT_MSQ6GSVP	C946485	Hemispheric	728377	WGS	Tumor	Solid Tissue	Initial CNS Tumor	Frontal Lobe;Parietal Lobe	Female	Reported Unknown	Hispanic or Latino	83	High-grade glioma/astrocytoma (WHO grade III/IV)	High-grade glioma/astrocytoma, H3 wildtype	HGAT	Diffuse astrocytic and oligodendroglial tumor	Updated via OpenPBTA subtyping	Female	NA	1051	LIVING	CBTN	1134	NantOmics	0	1	2	7316-2274-T-445151.WGS	None documented	HGG, H3 wildtype	malignant neoplasm, favor glioblastoma	NA	NA	NA	NA	NA	NA	NA	NA	NA	NA	NA	NA	NA	NA	NA	NA	NA	NA	NA	NA	NA	NA	NA	0	0	0	1	BS_HJ95JNFN
