Tumor_Sample_Barcode	Hugo_Symbol	TERT_MOD_HIGH_mut_strelka2	TERT_MOD_HIGH_mut_mutect2	TERT_MOD_HIGH_mut_consensus	TERT_amplification_consensus	TERT_gain_consensus	TERT_loss_consensus	TERT_amplification_cnvkit	TERT_gain_cnvkit	TERT_loss_cnvkit	TERT_amplification_controlfreec	TERT_gain_controlfreec	TERT_loss_controlfreec	Hugo_Symbol_SV	TERT_BND_manta	TERT_DEL_manta	TERT_DUP_manta	TERT_INV_manta
BS_1135HC0V	TERT	p.Y18S	NA	NA	NA	NA	NA	NA	NA	NA	NA	NA	NA	NA	NA	NA	NA	NA
BS_20TBZG09	TERT	p.R646H	p.R646H	p.R646H	NA	NA	NA	NA	NA	NA	0	1	0	NA	NA	NA	NA	NA
BS_2J4FG4HV	TERT	p.F71V	NA	NA	0	0	1	0	0	1	NA	NA	NA	NA	NA	NA	NA	NA
BS_4RS1SC48	TERT	p.T126P	NA	NA	0	0	1	0	0	1	0	1	0	NA	NA	NA	NA	NA
BS_89RCN9PF	TERT	p.Y18S	NA	NA	0	0	1	0	0	1	NA	NA	NA	NA	NA	NA	NA	NA
BS_8AY2GM4G	TERT	p.P188T	p.P188T	p.P188T	NA	NA	NA	NA	NA	NA	NA	NA	NA	NA	NA	NA	NA	NA
BS_8FSJDG2T	TERT	p.R858Q	p.R858Q	p.R858Q	NA	NA	NA	NA	NA	NA	NA	NA	NA	NA	NA	NA	NA	NA
BS_AG0BZN6F	TERT	p.F809V	NA	NA	NA	NA	NA	NA	NA	NA	0	1	0	NA	NA	NA	NA	NA
BS_FSM39DXA	TERT	p.Y18S	NA	NA	NA	NA	NA	NA	NA	NA	NA	NA	NA	NA	NA	NA	NA	NA
BS_HBAKYKQM	TERT	p.W478C	p.W478C	p.W478C	NA	NA	NA	NA	NA	NA	NA	NA	NA	NA	NA	NA	NA	NA
BS_JCWD4DMA	TERT	p.S957R	p.S957R	NA	NA	NA	NA	NA	NA	NA	NA	NA	NA	NA	NA	NA	NA	NA
BS_JVTQD8HH	TERT	p.F71V	NA	NA	NA	NA	NA	NA	NA	NA	NA	NA	NA	NA	NA	NA	NA	NA
BS_MCM78YPC	TERT	p.Y18S	NA	NA	0	0	1	0	0	1	0	1	0	NA	NA	NA	NA	NA
BS_P3PF53V8	TERT	p.V826I	p.V826I	p.V826I	0	0	1	0	0	1	NA	NA	NA	NA	NA	NA	NA	NA
BS_VQEPFE1P	TERT	p.Y18S	NA	NA	NA	NA	NA	NA	NA	NA	NA	NA	NA	NA	NA	NA	NA	NA
BS_VW4XN9Y7	TERT	p.L985M	p.L985M	p.L985M	NA	NA	NA	NA	NA	NA	NA	NA	NA	NA	NA	NA	NA	NA
BS_WH8KWW5J	TERT	p.Y18S	NA	NA	NA	NA	NA	1	0	0	1	0	0	ADAMTS16/ADCY2/ANKH/ANKRD33B/ATPSCKMT/C5orf38/C5orf49/CCT5/CLPTM1L/CMBL/CTD-2194D22.4/CTD-2297D10.2/CTD-3080P12.3/CTNND2/DAP/DNAH5/FASTKD3/ICE1/IRX1/IRX2/IRX4/LINC01017/LINC01018/LINC01019/LINC01020/LINC01194/LINC01377/LINC01511/LINC02102/LINC02112/LINC02114/LINC02116/LINC02121/LINC02123/LINC02145/LINC02149/LINC02162/LINC02199/LINC02212/LINC02213/LINC02220/LINC02221/LINC02226/LINC02236/LOC100130744/LOC100506858/LOC105374620/LOC442132/LOC728613/LPCAT1/LSINCT5/MARCH6/MED10/MIR4277/MIR4278/MIR4454/MIR4457/MIR4458/MIR4458HG/MIR4636/MIR4637/MIR6075/MIR6131/MRPL36/MTRR/NDUFS6/NSUN2/OTULIN/OTULINL/ROPN1L/ROPN1L-AS1/SDHAP3/SEMA5A/SEMA5A-AS1/SLC6A18/SLC6A19/SLC6A3/SNHG18/SNORD123/SNORD141A/SNORD141B/SNORD170/SRD5A1/TAS2R1/TENT4A/TERT/TRIO/UBE2QL1	0	0	1	0
BS_WH8KWW5J	TERT	p.Y18S	NA	NA	NA	NA	NA	1	0	0	1	0	0	ADAMTS16/ADCY2/ANKH/ANKRD33B/ATPSCKMT/C5orf38/C5orf49/CCT5/CLPTM1L/CMBL/CTD-2194D22.4/CTD-2297D10.2/CTD-3080P12.3/CTNND2/DAP/DNAH5/FASTKD3/ICE1/IRX1/IRX2/IRX4/LINC01017/LINC01018/LINC01019/LINC01020/LINC01194/LINC01377/LINC01511/LINC02102/LINC02112/LINC02114/LINC02116/LINC02121/LINC02123/LINC02145/LINC02162/LINC02199/LINC02212/LINC02213/LINC02220/LINC02221/LINC02226/LINC02236/LOC100130744/LOC100506858/LOC105374620/LOC442132/LOC728613/LPCAT1/LSINCT5/MARCH6/MED10/MIR4277/MIR4278/MIR4454/MIR4457/MIR4458/MIR4458HG/MIR4636/MIR4637/MIR6075/MIR6131/MRPL36/MTRR/NDUFS6/NSUN2/OTULIN/OTULINL/ROPN1L/ROPN1L-AS1/SDHAP3/SEMA5A/SEMA5A-AS1/SLC6A18/SLC6A19/SLC6A3/SNHG18/SNORD123/SNORD141A/SNORD141B/SNORD170/SRD5A1/TAS2R1/TENT4A/TERT/TRIO/UBE2QL1	0	1	0	0
BS_YZ2YNEJJ	TERT	p.T126P	NA	NA	0	0	1	0	0	1	NA	NA	NA	NA	NA	NA	NA	NA
BS_YZD4SSMA	TERT	p.D516G	NA	NA	NA	NA	NA	0	1	0	NA	NA	NA	TERT	0	9	0	0
BS_9X9E86DY	TERT	NA	p.S309A	NA	0	0	1	0	0	2	0	0	1	NA	NA	NA	NA	NA
BS_P8WN8XEQ	TERT	NA	p.V658M	NA	0	0	1	0	0	1	NA	NA	NA	NA	NA	NA	NA	NA
BS_QZPGVNBB	TERT	NA	p.R108_G109insVVLAAR	NA	NA	NA	NA	NA	NA	NA	NA	NA	NA	NA	NA	NA	NA	NA
BS_00TRPEQX	TERT	NA	NA	NA	0	0	1	0	0	1	NA	NA	NA	NA	NA	NA	NA	NA
BS_01DQH017	TERT	NA	NA	NA	0	0	1	0	0	1	0	2	0	NA	NA	NA	NA	NA
BS_02W5H7K5	TERT	NA	NA	NA	0	0	1	0	0	1	NA	NA	NA	NA	NA	NA	NA	NA
BS_03SSN1N2	TERT	NA	NA	NA	0	0	1	0	0	1	0	1	0	NA	NA	NA	NA	NA
BS_05S9WJW6	TERT	NA	NA	NA	0	1	0	0	1	0	0	1	0	NA	NA	NA	NA	NA
BS_060QB7XB	TERT	NA	NA	NA	0	0	1	0	0	1	0	1	0	NA	NA	NA	NA	NA
BS_0ATJ22QA	TERT	NA	NA	NA	0	0	1	0	0	1	NA	NA	NA	NA	NA	NA	NA	NA
BS_0DKPGQWD	TERT	NA	NA	NA	0	0	1	0	0	1	0	1	0	NA	NA	NA	NA	NA
BS_0FQKT8EY	TERT	NA	NA	NA	0	1	0	0	1	0	0	1	0	NA	NA	NA	NA	NA
BS_0Q8G4N8H	TERT	NA	NA	NA	0	0	1	0	0	1	0	1	0	NA	NA	NA	NA	NA
BS_0S617SMM	TERT	NA	NA	NA	0	0	1	0	0	1	NA	NA	NA	NA	NA	NA	NA	NA
BS_10HD18B8	TERT	NA	NA	NA	0	0	1	0	0	1	NA	NA	NA	NA	NA	NA	NA	NA
BS_164KRQJ0	TERT	NA	NA	NA	0	0	1	0	0	1	NA	NA	NA	NA	NA	NA	NA	NA
BS_1EYKDS0Z	TERT	NA	NA	NA	0	0	1	NA	NA	NA	0	1	0	NA	NA	NA	NA	NA
BS_1RFBH1SP	TERT	NA	NA	NA	0	0	1	0	0	1	0	1	0	NA	NA	NA	NA	NA
BS_1S5V7WWC	TERT	NA	NA	NA	0	0	1	0	0	1	NA	NA	NA	NA	NA	NA	NA	NA
BS_1YTHM07J	TERT	NA	NA	NA	0	0	1	0	0	1	NA	NA	NA	NA	NA	NA	NA	NA
BS_2JDVY4F7	TERT	NA	NA	NA	0	0	1	0	0	1	NA	NA	NA	NA	NA	NA	NA	NA
BS_2SG8JNMB	TERT	NA	NA	NA	0	0	1	0	0	1	0	1	0	NA	NA	NA	NA	NA
BS_2W200YK5	TERT	NA	NA	NA	0	0	1	0	0	1	NA	NA	NA	NA	NA	NA	NA	NA
BS_36HCZ3KW	TERT	NA	NA	NA	0	0	1	0	0	1	NA	NA	NA	NA	NA	NA	NA	NA
BS_376Q9QKG	TERT	NA	NA	NA	0	0	1	0	0	1	NA	NA	NA	NA	NA	NA	NA	NA
BS_3E5C1PN1	TERT	NA	NA	NA	0	0	1	0	0	1	0	0	1	NA	NA	NA	NA	NA
BS_3R0KN6Z4	TERT	NA	NA	NA	0	0	1	0	0	1	NA	NA	NA	NA	NA	NA	NA	NA
BS_3Y44RJXS	TERT	NA	NA	NA	0	0	1	0	0	1	NA	NA	NA	NA	NA	NA	NA	NA
BS_41TD9XET	TERT	NA	NA	NA	0	0	1	0	0	1	0	1	0	NA	NA	NA	NA	NA
BS_45913DTA	TERT	NA	NA	NA	0	0	1	0	0	1	NA	NA	NA	NA	NA	NA	NA	NA
BS_4GKH983E	TERT	NA	NA	NA	0	0	1	0	0	1	0	1	0	NA	NA	NA	NA	NA
BS_4P25NNZD	TERT	NA	NA	NA	0	0	1	0	0	1	NA	NA	NA	NA	NA	NA	NA	NA
BS_50XV7CTQ	TERT	NA	NA	NA	0	0	1	0	0	1	NA	NA	NA	NA	NA	NA	NA	NA
BS_5B6XZ7YP	TERT	NA	NA	NA	0	0	1	0	0	1	NA	NA	NA	NA	NA	NA	NA	NA
BS_5BNV7MCF	TERT	NA	NA	NA	0	0	1	0	0	1	NA	NA	NA	NA	NA	NA	NA	NA
BS_5J5VH3X0	TERT	NA	NA	NA	0	0	1	0	0	1	NA	NA	NA	NA	NA	NA	NA	NA
BS_5JC116NM	TERT	NA	NA	NA	0	0	1	0	0	1	0	1	0	NA	NA	NA	NA	NA
BS_5KK9P7XD	TERT	NA	NA	NA	0	0	1	0	0	1	NA	NA	NA	NA	NA	NA	NA	NA
BS_5NAKYS1S	TERT	NA	NA	NA	0	0	1	0	0	1	0	0	1	NA	NA	NA	NA	NA
BS_5TT6TT4K	TERT	NA	NA	NA	0	0	1	0	0	1	NA	NA	NA	NA	NA	NA	NA	NA
BS_5V2XCW17	TERT	NA	NA	NA	0	0	1	0	0	1	0	1	0	NA	NA	NA	NA	NA
BS_5WK2KXYW	TERT	NA	NA	NA	0	0	1	0	0	1	NA	NA	NA	NA	NA	NA	NA	NA
BS_5XZP7F4Q	TERT	NA	NA	NA	0	0	1	0	0	1	0	0	1	NA	NA	NA	NA	NA
BS_682Z7WH6	TERT	NA	NA	NA	0	0	1	0	0	1	NA	NA	NA	NA	NA	NA	NA	NA
BS_6F49F7WH	TERT	NA	NA	NA	0	0	1	0	0	1	0	0	1	NA	NA	NA	NA	NA
BS_6FV7BDE3	TERT	NA	NA	NA	0	0	1	0	0	1	0	1	0	NA	NA	NA	NA	NA
BS_6FYTRKJJ	TERT	NA	NA	NA	0	1	0	0	1	0	0	1	0	NA	NA	NA	NA	NA
BS_6GN1FGTB	TERT	NA	NA	NA	0	0	1	0	0	1	0	1	0	NA	NA	NA	NA	NA
BS_6Q9PMNWY	TERT	NA	NA	NA	0	0	1	0	0	1	NA	NA	NA	NA	NA	NA	NA	NA
BS_79NQJZ09	TERT	NA	NA	NA	0	0	1	0	0	1	NA	NA	NA	NA	NA	NA	NA	NA
BS_79SYEHY3	TERT	NA	NA	NA	0	0	1	0	0	1	NA	NA	NA	ADAMTS16/ADCY2/AHRR/ANKH/ANKRD33B/ATPSCKMT/BASP1/BASP1-AS1/BRD9/C5orf17/C5orf22/C5orf38/C5orf49/CCDC127/CCT5/CDH10/CDH12/CDH18/CDH18-AS1/CDH6/CDH9/CEP72/CLPTM1L/CMBL/CTD-2194D22.4/CTD-2297D10.2/CTD-2350J17.1/CTD-3080P12.3/CTNND2/DAP/DNAH5/DROSHA/EXOC3/EXOC3-AS1/FASTKD3/FBXL7/GOLPH3/GUSBP1/H3.Y/HRAT5/ICE1/IRX1/IRX2/IRX4/LINC01017/LINC01018/LINC01019/LINC01020/LINC01194/LINC01377/LINC01511/LINC02064/LINC02102/LINC02103/LINC02109/LINC02111/LINC02112/LINC02114/LINC02116/LINC02121/LINC02123/LINC02145/LINC02146/LINC02149/LINC02150/LINC02162/LINC02199/LINC02211/LINC02212/LINC02213/LINC02217/LINC02218/LINC02220/LINC02221/LINC02223/LINC02226/LINC02228/LINC02236/LINC02239/LINC02241/LOC100130744/LOC100506688/LOC100506858/LOC100996325/LOC101929524/LOC101929645/LOC105374620/LOC105374704/LOC401176/LOC442132/LOC728613/LPCAT1/LRRC14B/LSINCT5/LSP1P3/MARCH11/MARCH6/MED10/MIR4277/MIR4278/MIR4279/MIR4454/MIR4456/MIR4457/MIR4458/MIR4458HG/MIR4635/MIR4636/MIR4637/MIR579/MIR6075/MIR6131/MIR887/MRPL36/MTMR12/MTRR/MYO10/NDUFS6/NKD2/NSUN2/OTULIN/OTULINL/PDCD6/PDZD2/PLEKHG4B/PMCHL1/PP7080/PRDM9/PURPL/RETREG1/ROPN1L/ROPN1L-AS1/SDHA/SDHAP3/SEMA5A/SEMA5A-AS1/SLC12A7/SLC6A18/SLC6A19/SLC6A3/SLC9A3/SLC9A3-AS1/SNHG18/SNORA105A/SNORA105B/SNORD123/SNORD141A/SNORD141B/SNORD170/SRD5A1/SUB1/TAS2R1/TENT4A/TERT/TPPP/TRIO/TRIP13/UBE2QL1/ZDHHC11/ZDHHC11B/ZFR/ZNF622	0	1	0	0
BS_79SYEHY3	TERT	NA	NA	NA	0	0	1	0	0	1	NA	NA	NA	ADAMTS16/ADCY2/ANKH/ANKRD33B/ATPSCKMT/BRD9/C5orf38/C5orf49/CCT5/CLPTM1L/CMBL/CTD-2194D22.4/CTD-2297D10.2/CTD-2350J17.1/CTD-3080P12.3/CTNND2/DAP/DNAH5/FASTKD3/FBXL7/ICE1/IRX1/IRX2/IRX4/LINC01017/LINC01018/LINC01019/LINC01020/LINC01194/LINC01377/LINC01511/LINC02102/LINC02112/LINC02114/LINC02116/LINC02121/LINC02123/LINC02145/LINC02149/LINC02162/LINC02199/LINC02212/LINC02213/LINC02220/LINC02221/LINC02226/LINC02236/LOC100130744/LOC100506688/LOC100506858/LOC105374620/LOC442132/LOC728613/LPCAT1/LSINCT5/MARCH6/MED10/MIR4277/MIR4278/MIR4454/MIR4457/MIR4458/MIR4458HG/MIR4635/MIR4636/MIR4637/MIR6075/MIR6131/MRPL36/MTRR/NDUFS6/NKD2/NSUN2/OTULIN/OTULINL/ROPN1L/ROPN1L-AS1/SDHAP3/SEMA5A/SEMA5A-AS1/SLC12A7/SLC6A18/SLC6A19/SLC6A3/SNHG18/SNORD123/SNORD141A/SNORD141B/SNORD170/SRD5A1/TAS2R1/TENT4A/TERT/TPPP/TRIO/TRIP13/UBE2QL1/ZDHHC11/ZDHHC11B	0	0	0	1
BS_79SYEHY3	TERT	NA	NA	NA	0	0	1	0	0	1	NA	NA	NA	ADAMTS16/ADCY2/ANKRD33B/ATPSCKMT/BRD9/C5orf38/C5orf49/CCT5/CLPTM1L/CMBL/CTD-2194D22.4/CTD-2297D10.2/CTD-3080P12.3/CTNND2/DAP/FASTKD3/ICE1/IRX1/IRX2/IRX4/LINC01017/LINC01018/LINC01019/LINC01020/LINC01377/LINC01511/LINC02102/LINC02112/LINC02114/LINC02116/LINC02121/LINC02123/LINC02145/LINC02162/LINC02199/LINC02212/LINC02213/LINC02221/LINC02226/LINC02236/LOC100506688/LOC100506858/LOC105374620/LOC442132/LOC728613/LPCAT1/LSINCT5/MARCH6/MED10/MIR4277/MIR4278/MIR4454/MIR4457/MIR4458/MIR4458HG/MIR4635/MIR4636/MIR6075/MIR6131/MRPL36/MTRR/NDUFS6/NKD2/NSUN2/ROPN1L/ROPN1L-AS1/SDHAP3/SEMA5A/SEMA5A-AS1/SLC12A7/SLC6A18/SLC6A19/SLC6A3/SNHG18/SNORD123/SRD5A1/TAS2R1/TENT4A/TERT/TPPP/TRIP13/UBE2QL1/ZDHHC11/ZDHHC11B	0	0	0	1
BS_79SYEHY3	TERT	NA	NA	NA	0	0	1	0	0	1	NA	NA	NA	ADAMTS16/AHRR/BRD9/C5orf38/CCDC127/CEP72/CLPTM1L/CTD-2194D22.4/CTD-2297D10.2/CTD-3080P12.3/EXOC3/EXOC3-AS1/HRAT5/ICE1/IRX1/IRX2/IRX4/LINC01017/LINC01018/LINC01019/LINC01020/LINC01377/LINC01511/LINC02102/LINC02114/LINC02116/LINC02121/LINC02145/LINC02162/LINC02236/LOC100506688/LOC100506858/LOC100996325/LOC105374620/LOC728613/LPCAT1/LRRC14B/LSINCT5/MED10/MIR4277/MIR4278/MIR4456/MIR4457/MIR4635/MIR6075/MRPL36/NDUFS6/NKD2/NSUN2/PDCD6/PLEKHG4B/PP7080/SDHA/SDHAP3/SLC12A7/SLC6A18/SLC6A19/SLC6A3/SLC9A3/SLC9A3-AS1/SRD5A1/TENT4A/TERT/TPPP/TRIP13/UBE2QL1/ZDHHC11/ZDHHC11B	0	1	0	0
BS_7F07M7JG	TERT	NA	NA	NA	0	0	1	0	0	1	NA	NA	NA	NA	NA	NA	NA	NA
BS_7M5272WN	TERT	NA	NA	NA	0	0	1	0	0	1	NA	NA	NA	NA	NA	NA	NA	NA
BS_7M7JNG00	TERT	NA	NA	NA	0	0	1	0	0	1	NA	NA	NA	NA	NA	NA	NA	NA
BS_7XZNDFV4	TERT	NA	NA	NA	0	0	1	0	0	1	0	1	0	NA	NA	NA	NA	NA
BS_823V5X6Z	TERT	NA	NA	NA	0	0	1	0	0	1	0	1	0	NA	NA	NA	NA	NA
BS_83MSWR59	TERT	NA	NA	NA	0	0	1	0	0	1	0	1	0	NA	NA	NA	NA	NA
BS_859AV1DB	TERT	NA	NA	NA	0	0	1	0	0	1	NA	NA	NA	NA	NA	NA	NA	NA
BS_872Q3FK2	TERT	NA	NA	NA	0	0	1	0	0	1	0	0	1	NA	NA	NA	NA	NA
BS_8BD8WD38	TERT	NA	NA	NA	0	0	1	0	0	1	NA	NA	NA	NA	NA	NA	NA	NA
BS_8BS10XE2	TERT	NA	NA	NA	0	0	1	0	0	1	0	0	1	NA	NA	NA	NA	NA
BS_8D52JK1Q	TERT	NA	NA	NA	0	0	1	0	0	1	NA	NA	NA	NA	NA	NA	NA	NA
BS_8H2XX24V	TERT	NA	NA	NA	0	0	1	0	0	1	NA	NA	NA	NA	NA	NA	NA	NA
BS_8S2CZBA6	TERT	NA	NA	NA	0	0	1	0	0	1	NA	NA	NA	NA	NA	NA	NA	NA
BS_8YQGSMDK	TERT	NA	NA	NA	0	0	1	0	0	1	NA	NA	NA	NA	NA	NA	NA	NA
BS_93B38HPS	TERT	NA	NA	NA	0	0	1	0	0	1	NA	NA	NA	NA	NA	NA	NA	NA
BS_96S0VQBN	TERT	NA	NA	NA	0	0	1	0	0	1	NA	NA	NA	ADAMTS16/ADCY2/ANKH/ANKRD33B/ATPSCKMT/BRD9/C5orf38/C5orf49/CCT5/CLPTM1L/CMBL/CTD-2194D22.4/CTD-2297D10.2/CTD-2350J17.1/CTD-3080P12.3/CTNND2/DAP/DNAH5/FASTKD3/FBXL7/ICE1/IRX1/IRX2/IRX4/LINC01017/LINC01018/LINC01019/LINC01020/LINC01194/LINC01377/LINC01511/LINC02102/LINC02112/LINC02114/LINC02116/LINC02121/LINC02123/LINC02145/LINC02149/LINC02162/LINC02199/LINC02212/LINC02213/LINC02220/LINC02221/LINC02226/LINC02236/LOC100130744/LOC100506688/LOC100506858/LOC105374620/LOC442132/LOC728613/LPCAT1/LSINCT5/MARCH6/MED10/MIR4277/MIR4278/MIR4454/MIR4457/MIR4458/MIR4458HG/MIR4635/MIR4636/MIR4637/MIR6075/MIR6131/MRPL36/MTRR/NDUFS6/NKD2/NSUN2/OTULIN/OTULINL/ROPN1L/ROPN1L-AS1/SDHAP3/SEMA5A/SEMA5A-AS1/SLC12A7/SLC6A18/SLC6A19/SLC6A3/SNHG18/SNORD123/SNORD141A/SNORD141B/SNORD170/SRD5A1/TAS2R1/TENT4A/TERT/TPPP/TRIO/TRIP13/UBE2QL1/ZDHHC11/ZDHHC11B	0	0	0	1
BS_9G7ETYHR	TERT	NA	NA	NA	0	0	1	0	0	1	NA	NA	NA	NA	NA	NA	NA	NA
BS_9HDPJT21	TERT	NA	NA	NA	0	0	1	0	0	1	NA	NA	NA	NA	NA	NA	NA	NA
BS_9M49SGAQ	TERT	NA	NA	NA	0	0	1	NA	NA	NA	0	1	0	NA	NA	NA	NA	NA
BS_9PQPZPGM	TERT	NA	NA	NA	0	0	1	0	0	1	0	1	0	NA	NA	NA	NA	NA
BS_A4KYP5H0	TERT	NA	NA	NA	0	0	1	0	0	1	NA	NA	NA	NA	NA	NA	NA	NA
BS_A70G7S2W	TERT	NA	NA	NA	0	0	1	0	0	1	0	1	0	NA	NA	NA	NA	NA
BS_ACE6QKVF	TERT	NA	NA	NA	0	0	1	0	0	1	0	0	1	NA	NA	NA	NA	NA
BS_AF5D41PD	TERT	NA	NA	NA	0	0	1	0	0	1	NA	NA	NA	NA	NA	NA	NA	NA
BS_AHAXPFG3	TERT	NA	NA	NA	0	0	1	0	0	1	0	0	1	NA	NA	NA	NA	NA
BS_AJAH8KG5	TERT	NA	NA	NA	0	1	0	0	1	0	0	1	0	NA	NA	NA	NA	NA
BS_AQMKA8NC	TERT	NA	NA	NA	0	0	1	0	0	1	0	1	0	NA	NA	NA	NA	NA
BS_ASXY97FK	TERT	NA	NA	NA	0	0	1	0	0	1	0	1	0	NA	NA	NA	NA	NA
BS_AWV1EDYB	TERT	NA	NA	NA	0	0	1	0	0	1	NA	NA	NA	NA	NA	NA	NA	NA
BS_AYPBAHJ6	TERT	NA	NA	NA	0	0	1	0	0	1	0	1	0	NA	NA	NA	NA	NA
BS_B3RH9V17	TERT	NA	NA	NA	0	0	1	0	0	1	NA	NA	NA	NA	NA	NA	NA	NA
BS_B6KCJF2B	TERT	NA	NA	NA	0	0	1	0	0	1	NA	NA	NA	NA	NA	NA	NA	NA
BS_B9QP40ER	TERT	NA	NA	NA	0	0	1	0	0	1	NA	NA	NA	NA	NA	NA	NA	NA
BS_BAVWP5JG	TERT	NA	NA	NA	0	0	1	0	0	1	NA	NA	NA	NA	NA	NA	NA	NA
BS_BFDEZK1C	TERT	NA	NA	NA	0	0	1	0	0	1	NA	NA	NA	NA	NA	NA	NA	NA
BS_BNFCXVYZ	TERT	NA	NA	NA	0	0	1	0	0	1	NA	NA	NA	AHRR/BRD9/CEP72/CLPTM1L/CTD-3080P12.3/EXOC3/EXOC3-AS1/LINC01511/LOC100506688/LOC100996325/LOC728613/LPCAT1/MIR4456/MIR4457/MIR4635/MIR6075/NKD2/PDCD6/PP7080/SDHAP3/SLC12A7/SLC6A18/SLC6A19/SLC6A3/SLC9A3/SLC9A3-AS1/TERT/TPPP/TRIP13/ZDHHC11/ZDHHC11B	0	0	0	2
BS_BQWMQM2Y	TERT	NA	NA	NA	0	0	1	0	0	1	NA	NA	NA	NA	NA	NA	NA	NA
BS_BR1X3R68	TERT	NA	NA	NA	0	0	1	0	0	1	0	1	0	NA	NA	NA	NA	NA
BS_BVD7PWP5	TERT	NA	NA	NA	0	0	1	0	0	1	NA	NA	NA	NA	NA	NA	NA	NA
BS_BX8AR74E	TERT	NA	NA	NA	1	0	0	1	0	0	1	0	0	C5orf38/CLPTM1L/CTD-2194D22.4/IRX1/IRX2/IRX4/LINC01017/LINC01019/LINC01377/LINC01511/LINC02116/LINC02162/LOC100506858/LOC105374620/LOC728613/LPCAT1/LSINCT5/MIR4277/MIR4457/MIR6075/MRPL36/NDUFS6/SDHAP3/SLC6A18/SLC6A19/SLC6A3/TERT	0	0	1	0
BS_C1RRDNF5	TERT	NA	NA	NA	0	0	1	0	0	1	0	1	0	NA	NA	NA	NA	NA
BS_C6GBYR17	TERT	NA	NA	NA	0	0	1	0	0	1	NA	NA	NA	NA	NA	NA	NA	NA
BS_C6NB914B	TERT	NA	NA	NA	0	0	1	0	0	1	0	1	0	NA	NA	NA	NA	NA
BS_C9TNGEA0	TERT	NA	NA	NA	0	0	1	0	0	1	NA	NA	NA	NA	NA	NA	NA	NA
BS_CPYV7AHD	TERT	NA	NA	NA	0	0	1	0	0	1	0	1	0	NA	NA	NA	NA	NA
BS_D3KVGMRJ	TERT	NA	NA	NA	0	0	1	0	0	1	NA	NA	NA	NA	NA	NA	NA	NA
BS_D59VEERR	TERT	NA	NA	NA	0	0	1	0	0	1	NA	NA	NA	NA	NA	NA	NA	NA
BS_DAEM3WRX	TERT	NA	NA	NA	0	0	1	0	0	1	NA	NA	NA	NA	NA	NA	NA	NA
BS_DE26D072	TERT	NA	NA	NA	0	0	1	0	0	1	NA	NA	NA	NA	NA	NA	NA	NA
BS_E0AAK0V0	TERT	NA	NA	NA	0	0	1	0	0	1	NA	NA	NA	NA	NA	NA	NA	NA
BS_E1VJCEWB	TERT	NA	NA	NA	1	0	0	1	0	0	1	0	0	C5orf38/CLPTM1L/CTD-2194D22.4/IRX1/IRX2/IRX4/LINC01017/LINC01019/LINC01377/LINC01511/LINC02116/LINC02162/LOC100506858/LOC105374620/LOC728613/LPCAT1/LSINCT5/MIR4277/MIR4457/MIR6075/MRPL36/NDUFS6/SDHAP3/SLC6A18/SLC6A19/SLC6A3/TERT	0	0	1	0
BS_E7HEQZ1K	TERT	NA	NA	NA	0	0	1	0	0	1	NA	NA	NA	NA	NA	NA	NA	NA
BS_E8SJ36A6	TERT	NA	NA	NA	0	0	1	0	0	1	NA	NA	NA	NA	NA	NA	NA	NA
BS_E9ATGWME	TERT	NA	NA	NA	0	0	1	0	0	1	0	0	1	NA	NA	NA	NA	NA
BS_EQE19CB0	TERT	NA	NA	NA	0	1	0	0	1	0	0	1	0	NA	NA	NA	NA	NA
BS_F0GNWEJJ	TERT	NA	NA	NA	0	1	0	0	1	0	0	1	0	NA	NA	NA	NA	NA
BS_F48RA7QF	TERT	NA	NA	NA	0	0	1	0	0	1	NA	NA	NA	NA	NA	NA	NA	NA
BS_F8K4VQMF	TERT	NA	NA	NA	0	0	1	0	0	1	NA	NA	NA	NA	NA	NA	NA	NA
BS_F969DNHD	TERT	NA	NA	NA	0	0	1	0	0	1	0	1	0	NA	NA	NA	NA	NA
BS_FF73TT6D	TERT	NA	NA	NA	0	0	1	NA	NA	NA	NA	NA	NA	NA	NA	NA	NA	NA
BS_FJEBFQHG	TERT	NA	NA	NA	0	0	1	0	0	1	NA	NA	NA	NA	NA	NA	NA	NA
BS_FJEZ3ASV	TERT	NA	NA	NA	0	0	1	0	0	1	0	1	0	NA	NA	NA	NA	NA
BS_FK3B5SDH	TERT	NA	NA	NA	0	0	1	0	0	1	NA	NA	NA	NA	NA	NA	NA	NA
BS_FKQ7F6D1	TERT	NA	NA	NA	0	0	1	0	0	1	NA	NA	NA	NA	NA	NA	NA	NA
BS_FNM4BB83	TERT	NA	NA	NA	0	0	1	0	0	1	NA	NA	NA	NA	NA	NA	NA	NA
BS_FVYBGMG1	TERT	NA	NA	NA	0	0	1	0	0	1	0	1	0	NA	NA	NA	NA	NA
BS_FYJMNRGK	TERT	NA	NA	NA	0	0	1	0	0	1	NA	NA	NA	NA	NA	NA	NA	NA
BS_G4EX0H98	TERT	NA	NA	NA	0	0	1	0	0	1	NA	NA	NA	NA	NA	NA	NA	NA
BS_GCQEB05M	TERT	NA	NA	NA	0	0	1	0	0	1	NA	NA	NA	NA	NA	NA	NA	NA
BS_GKPVZXYP	TERT	NA	NA	NA	0	0	1	0	0	1	0	1	0	NA	NA	NA	NA	NA
BS_GRS3T427	TERT	NA	NA	NA	0	0	1	0	0	1	NA	NA	NA	NA	NA	NA	NA	NA
BS_GWPJKM7G	TERT	NA	NA	NA	0	0	1	0	0	1	NA	NA	NA	NA	NA	NA	NA	NA
BS_GXACEYKB	TERT	NA	NA	NA	0	0	1	0	0	1	0	1	0	NA	NA	NA	NA	NA
BS_H1K33JVK	TERT	NA	NA	NA	0	0	1	0	0	1	NA	NA	NA	NA	NA	NA	NA	NA
BS_H1MNXNHB	TERT	NA	NA	NA	0	0	1	0	0	1	NA	NA	NA	NA	NA	NA	NA	NA
BS_H50HR85Y	TERT	NA	NA	NA	0	0	1	0	0	1	0	1	0	NA	NA	NA	NA	NA
BS_H8MAKDRB	TERT	NA	NA	NA	0	0	1	0	0	1	NA	NA	NA	NA	NA	NA	NA	NA
BS_H8NWA41N	TERT	NA	NA	NA	0	0	1	0	0	1	NA	NA	NA	NA	NA	NA	NA	NA
BS_HEJ72V3F	TERT	NA	NA	NA	0	0	1	0	0	1	NA	NA	NA	NA	NA	NA	NA	NA
BS_HM5GFJN8	TERT	NA	NA	NA	0	0	1	0	0	1	NA	NA	NA	NA	NA	NA	NA	NA
BS_HPMX6CT4	TERT	NA	NA	NA	0	0	1	0	0	1	NA	NA	NA	NA	NA	NA	NA	NA
BS_HQFNQHVW	TERT	NA	NA	NA	0	0	1	0	0	1	NA	NA	NA	NA	NA	NA	NA	NA
BS_HTGDSPQA	TERT	NA	NA	NA	0	0	1	0	0	1	0	1	0	NA	NA	NA	NA	NA
BS_J5J0EA7Y	TERT	NA	NA	NA	0	0	1	0	0	1	0	1	0	TERT	0	1	0	0
BS_J6VRW67C	TERT	NA	NA	NA	0	0	1	NA	NA	NA	NA	NA	NA	NA	NA	NA	NA	NA
BS_JC2187NA	TERT	NA	NA	NA	0	1	0	0	1	0	0	1	0	NA	NA	NA	NA	NA
BS_JJZPY3BG	TERT	NA	NA	NA	0	0	1	0	0	1	NA	NA	NA	NA	NA	NA	NA	NA
BS_JM979K1M	TERT	NA	NA	NA	0	0	1	0	0	1	NA	NA	NA	NA	NA	NA	NA	NA
BS_JRFVST47	TERT	NA	NA	NA	0	0	1	0	0	1	NA	NA	NA	NA	NA	NA	NA	NA
BS_JTBM5TSE	TERT	NA	NA	NA	0	0	1	0	0	1	0	0	1	NA	NA	NA	NA	NA
BS_K07KNTFY	TERT	NA	NA	NA	0	0	1	0	0	1	0	1	0	NA	NA	NA	NA	NA
BS_K3PPH522	TERT	NA	NA	NA	0	0	1	0	0	1	NA	NA	NA	NA	NA	NA	NA	NA
BS_K6A9Z04J	TERT	NA	NA	NA	0	0	1	0	0	1	NA	NA	NA	NA	NA	NA	NA	NA
BS_KAD49R68	TERT	NA	NA	NA	0	0	1	0	0	1	NA	NA	NA	NA	NA	NA	NA	NA
BS_KAZENYZE	TERT	NA	NA	NA	0	0	1	0	0	1	NA	NA	NA	NA	NA	NA	NA	NA
BS_KB9GJDCS	TERT	NA	NA	NA	0	0	1	0	0	1	NA	NA	NA	NA	NA	NA	NA	NA
BS_KCN7NG92	TERT	NA	NA	NA	0	0	1	0	0	1	0	1	0	NA	NA	NA	NA	NA
BS_KP0YNTAK	TERT	NA	NA	NA	0	1	0	0	1	0	0	1	0	NA	NA	NA	NA	NA
BS_KSHETTQC	TERT	NA	NA	NA	0	0	1	0	0	1	0	1	0	NA	NA	NA	NA	NA
BS_KV3XF9WV	TERT	NA	NA	NA	0	0	1	0	0	1	0	1	0	NA	NA	NA	NA	NA
BS_KXGJ1HMG	TERT	NA	NA	NA	0	1	0	0	1	0	0	1	0	ADAMTS16/ADCY2/AHRR/ATPSCKMT/BRD9/C5orf38/C5orf49/CCDC127/CCT5/CEP72/CLPTM1L/CMBL/CTD-2194D22.4/CTD-2297D10.2/CTD-3080P12.3/EXOC3/EXOC3-AS1/FASTKD3/HRAT5/ICE1/IRX1/IRX2/IRX4/LINC01017/LINC01018/LINC01019/LINC01020/LINC01377/LINC01511/LINC02102/LINC02112/LINC02114/LINC02116/LINC02121/LINC02123/LINC02145/LINC02162/LINC02199/LINC02212/LINC02213/LINC02221/LINC02226/LINC02236/LOC100506688/LOC100506858/LOC100996325/LOC105374620/LOC442132/LOC728613/LPCAT1/LRRC14B/LSINCT5/MARCH6/MED10/MIR4277/MIR4278/MIR4454/MIR4456/MIR4457/MIR4458/MIR4458HG/MIR4635/MIR4636/MIR6075/MIR6131/MRPL36/MTRR/NDUFS6/NKD2/NSUN2/PDCD6/PLEKHG4B/PP7080/ROPN1L/ROPN1L-AS1/SDHA/SDHAP3/SEMA5A/SEMA5A-AS1/SLC12A7/SLC6A18/SLC6A19/SLC6A3/SLC9A3/SLC9A3-AS1/SNHG18/SNORD123/SRD5A1/TAS2R1/TENT4A/TERT/TPPP/TRIP13/UBE2QL1/ZDHHC11/ZDHHC11B	0	2	0	0
BS_KXGJ1HMG	TERT	NA	NA	NA	0	1	0	0	1	0	0	1	0	ADAMTS16/ADCY2/AHRR/ATPSCKMT/BRD9/C5orf38/C5orf49/CCDC127/CCT5/CEP72/CLPTM1L/CMBL/CTD-2194D22.4/CTD-2297D10.2/CTD-3080P12.3/EXOC3/EXOC3-AS1/FASTKD3/HRAT5/ICE1/IRX1/IRX2/IRX4/LINC01017/LINC01018/LINC01019/LINC01020/LINC01377/LINC01511/LINC02102/LINC02112/LINC02114/LINC02116/LINC02121/LINC02123/LINC02145/LINC02162/LINC02199/LINC02221/LINC02226/LINC02236/LOC100506688/LOC100506858/LOC100996325/LOC105374620/LOC442132/LOC728613/LPCAT1/LRRC14B/LSINCT5/MED10/MIR4277/MIR4278/MIR4454/MIR4456/MIR4457/MIR4458/MIR4458HG/MIR4635/MIR4636/MIR6075/MRPL36/MTRR/NDUFS6/NKD2/NSUN2/PDCD6/PLEKHG4B/PP7080/SDHA/SDHAP3/SEMA5A/SEMA5A-AS1/SLC12A7/SLC6A18/SLC6A19/SLC6A3/SLC9A3/SLC9A3-AS1/SNHG18/SNORD123/SRD5A1/TAS2R1/TENT4A/TERT/TPPP/TRIP13/UBE2QL1/ZDHHC11/ZDHHC11B	0	0	0	1
BS_KXGJ1HMG	TERT	NA	NA	NA	0	1	0	0	1	0	0	1	0	ADAMTS16/ADCY2/AHRR/BRD9/C5orf38/C5orf49/CCDC127/CEP72/CLPTM1L/CTD-2194D22.4/CTD-2297D10.2/CTD-3080P12.3/EXOC3/EXOC3-AS1/FASTKD3/HRAT5/ICE1/IRX1/IRX2/IRX4/LINC01017/LINC01018/LINC01019/LINC01020/LINC01377/LINC01511/LINC02102/LINC02112/LINC02114/LINC02116/LINC02121/LINC02123/LINC02145/LINC02162/LINC02199/LINC02226/LINC02236/LOC100506688/LOC100506858/LOC100996325/LOC105374620/LOC442132/LOC728613/LPCAT1/LRRC14B/LSINCT5/MED10/MIR4277/MIR4278/MIR4454/MIR4456/MIR4457/MIR4458/MIR4458HG/MIR4635/MIR4636/MIR6075/MRPL36/MTRR/NDUFS6/NKD2/NSUN2/PDCD6/PLEKHG4B/PP7080/SDHA/SDHAP3/SEMA5A/SEMA5A-AS1/SLC12A7/SLC6A18/SLC6A19/SLC6A3/SLC9A3/SLC9A3-AS1/SNHG18/SNORD123/SRD5A1/TAS2R1/TENT4A/TERT/TPPP/TRIP13/UBE2QL1/ZDHHC11/ZDHHC11B	0	0	0	1
BS_KXGJ1HMG	TERT	NA	NA	NA	0	1	0	0	1	0	0	1	0	ADAMTS16/ADCY2/AHRR/BRD9/C5orf38/C5orf49/CCDC127/CEP72/CLPTM1L/CTD-2194D22.4/CTD-2297D10.2/CTD-3080P12.3/EXOC3/EXOC3-AS1/FASTKD3/HRAT5/ICE1/IRX1/IRX2/IRX4/LINC01017/LINC01018/LINC01019/LINC01020/LINC01377/LINC01511/LINC02102/LINC02114/LINC02116/LINC02121/LINC02123/LINC02145/LINC02162/LINC02236/LOC100506688/LOC100506858/LOC100996325/LOC105374620/LOC442132/LOC728613/LPCAT1/LRRC14B/LSINCT5/MED10/MIR4277/MIR4278/MIR4454/MIR4456/MIR4457/MIR4635/MIR6075/MRPL36/MTRR/NDUFS6/NKD2/NSUN2/PDCD6/PLEKHG4B/PP7080/SDHA/SDHAP3/SLC12A7/SLC6A18/SLC6A19/SLC6A3/SLC9A3/SLC9A3-AS1/SRD5A1/TENT4A/TERT/TPPP/TRIP13/UBE2QL1/ZDHHC11/ZDHHC11B	0	0	1	0
BS_KXGJ1HMG	TERT	NA	NA	NA	0	1	0	0	1	0	0	1	0	ADAMTS16/ADCY2/C5orf38/C5orf49/CLPTM1L/CTD-2194D22.4/CTD-2297D10.2/CTD-3080P12.3/FASTKD3/ICE1/IRX1/IRX2/IRX4/LINC01017/LINC01018/LINC01019/LINC01020/LINC01377/LINC01511/LINC02102/LINC02114/LINC02116/LINC02121/LINC02123/LINC02145/LINC02162/LINC02199/LINC02226/LINC02236/LOC100506858/LOC105374620/LOC442132/LOC728613/LPCAT1/LSINCT5/MED10/MIR4277/MIR4278/MIR4454/MIR4457/MIR4458/MIR4458HG/MIR6075/MRPL36/MTRR/NDUFS6/NSUN2/SDHAP3/SLC6A18/SLC6A19/SLC6A3/SRD5A1/TENT4A/TERT/UBE2QL1	0	0	0	1
BS_KXGJ1HMG	TERT	NA	NA	NA	0	1	0	0	1	0	0	1	0	ADAMTS16/ADCY2/C5orf38/C5orf49/CLPTM1L/CTD-2194D22.4/CTD-2297D10.2/CTD-3080P12.3/FASTKD3/ICE1/IRX1/IRX2/IRX4/LINC01017/LINC01018/LINC01019/LINC01020/LINC01377/LINC01511/LINC02102/LINC02114/LINC02116/LINC02121/LINC02123/LINC02145/LINC02162/LINC02226/LINC02236/LOC100506858/LOC105374620/LOC442132/LOC728613/LPCAT1/LSINCT5/MED10/MIR4277/MIR4278/MIR4454/MIR4457/MIR4458/MIR4458HG/MIR4635/MIR6075/MRPL36/MTRR/NDUFS6/NSUN2/SDHAP3/SLC12A7/SLC6A18/SLC6A19/SLC6A3/SRD5A1/TENT4A/TERT/UBE2QL1	0	0	0	1
BS_KXGJ1HMG	TERT	NA	NA	NA	0	1	0	0	1	0	0	1	0	ADAMTS16/ADCY2/C5orf38/C5orf49/CLPTM1L/CTD-2194D22.4/CTD-2297D10.2/CTD-3080P12.3/FASTKD3/ICE1/IRX1/IRX2/IRX4/LINC01017/LINC01018/LINC01019/LINC01020/LINC01377/LINC01511/LINC02102/LINC02114/LINC02116/LINC02121/LINC02123/LINC02145/LINC02162/LINC02226/LINC02236/LOC100506858/LOC105374620/LOC442132/LOC728613/LPCAT1/LSINCT5/MED10/MIR4277/MIR4278/MIR4454/MIR4457/MIR4458/MIR4458HG/MIR6075/MRPL36/MTRR/NDUFS6/NSUN2/SDHAP3/SLC12A7/SLC6A18/SLC6A19/SLC6A3/SRD5A1/TENT4A/TERT/UBE2QL1	0	1	0	0
BS_KXGJ1HMG	TERT	NA	NA	NA	0	1	0	0	1	0	0	1	0	CLPTM1L/CTD-3080P12.3/MIR4457/SLC12A7/SLC6A18/SLC6A19/TERT	0	0	0	1
BS_KYPMZZSY	TERT	NA	NA	NA	0	0	1	0	0	1	NA	NA	NA	NA	NA	NA	NA	NA
BS_M0B42FPR	TERT	NA	NA	NA	0	0	1	0	0	1	NA	NA	NA	NA	NA	NA	NA	NA
BS_M1TDS9CT	TERT	NA	NA	NA	0	0	1	NA	NA	NA	0	1	0	NA	NA	NA	NA	NA
BS_MDVMT75X	TERT	NA	NA	NA	0	0	1	0	0	1	NA	NA	NA	NA	NA	NA	NA	NA
BS_MGY2V5N4	TERT	NA	NA	NA	0	0	1	NA	NA	NA	0	1	0	NA	NA	NA	NA	NA
BS_MJJZJMTK	TERT	NA	NA	NA	0	0	1	0	0	1	NA	NA	NA	NA	NA	NA	NA	NA
BS_MRX1SPFB	TERT	NA	NA	NA	0	0	1	0	0	1	NA	NA	NA	NA	NA	NA	NA	NA
BS_MSB1RDAJ	TERT	NA	NA	NA	0	0	1	0	0	1	NA	NA	NA	NA	NA	NA	NA	NA
BS_MVC1NCZX	TERT	NA	NA	NA	0	1	0	0	1	0	0	1	0	NA	NA	NA	NA	NA
BS_MW16Y7ME	TERT	NA	NA	NA	0	1	0	0	1	0	0	1	0	NA	NA	NA	NA	NA
BS_MW74GF38	TERT	NA	NA	NA	0	0	1	0	0	1	0	1	0	NA	NA	NA	NA	NA
BS_N9BF56FP	TERT	NA	NA	NA	0	0	1	0	0	1	0	1	0	NA	NA	NA	NA	NA
BS_N9SMBR24	TERT	NA	NA	NA	0	0	1	0	0	1	0	1	0	NA	NA	NA	NA	NA
BS_NASADC3P	TERT	NA	NA	NA	0	0	1	0	0	1	NA	NA	NA	NA	NA	NA	NA	NA
BS_NDSWS9TS	TERT	NA	NA	NA	0	0	1	0	0	1	NA	NA	NA	NA	NA	NA	NA	NA
BS_NFT9VHMJ	TERT	NA	NA	NA	0	0	1	0	0	1	NA	NA	NA	NA	NA	NA	NA	NA
BS_NHRNZRQV	TERT	NA	NA	NA	0	0	1	0	0	1	0	1	0	NA	NA	NA	NA	NA
BS_NJFK43N3	TERT	NA	NA	NA	0	0	1	0	0	1	NA	NA	NA	NA	NA	NA	NA	NA
BS_NNFDFAFM	TERT	NA	NA	NA	0	0	1	0	0	1	0	0	1	NA	NA	NA	NA	NA
BS_P3EVK3C2	TERT	NA	NA	NA	0	0	1	0	0	1	NA	NA	NA	NA	NA	NA	NA	NA
BS_P42V737Y	TERT	NA	NA	NA	0	0	1	0	0	1	NA	NA	NA	NA	NA	NA	NA	NA
BS_P4K6WK9Y	TERT	NA	NA	NA	0	1	0	0	1	0	0	1	0	ADAMTS16/ADCY2/AHRR/ANKH/ANKRD33B/ATPSCKMT/BASP1/BASP1-AS1/BRD9/C5orf17/C5orf38/C5orf49/CCT5/CDH10/CDH12/CDH18/CDH18-AS1/CEP72/CLPTM1L/CMBL/CTD-2194D22.4/CTD-2297D10.2/CTD-2350J17.1/CTD-3080P12.3/CTNND2/DAP/DNAH5/EXOC3/EXOC3-AS1/FASTKD3/FBXL7/GUSBP1/H3.Y/ICE1/IRX1/IRX2/IRX4/LINC01017/LINC01018/LINC01019/LINC01020/LINC01194/LINC01377/LINC01511/LINC02102/LINC02111/LINC02112/LINC02114/LINC02116/LINC02121/LINC02123/LINC02145/LINC02146/LINC02149/LINC02150/LINC02162/LINC02199/LINC02211/LINC02212/LINC02213/LINC02217/LINC02218/LINC02220/LINC02221/LINC02223/LINC02226/LINC02228/LINC02236/LINC02239/LINC02241/LOC100130744/LOC100506688/LOC100506858/LOC100996325/LOC101929524/LOC105374620/LOC401176/LOC442132/LOC728613/LPCAT1/LSINCT5/MARCH11/MARCH6/MED10/MIR4277/MIR4278/MIR4454/MIR4456/MIR4457/MIR4458/MIR4458HG/MIR4635/MIR4636/MIR4637/MIR6075/MIR6131/MIR887/MRPL36/MTRR/MYO10/NDUFS6/NKD2/NSUN2/OTULIN/OTULINL/PMCHL1/PP7080/PRDM9/RETREG1/ROPN1L/ROPN1L-AS1/SDHAP3/SEMA5A/SEMA5A-AS1/SLC12A7/SLC6A18/SLC6A19/SLC6A3/SLC9A3/SLC9A3-AS1/SNHG18/SNORA105A/SNORA105B/SNORD123/SNORD141A/SNORD141B/SNORD170/SRD5A1/TAS2R1/TENT4A/TERT/TPPP/TRIO/TRIP13/UBE2QL1/ZDHHC11/ZDHHC11B/ZNF622	0	0	0	1
BS_P4K6WK9Y	TERT	NA	NA	NA	0	1	0	0	1	0	0	1	0	ADAMTS16/ADCY2/AHRR/ANKRD33B/ATPSCKMT/BRD9/C5orf38/C5orf49/CCT5/CEP72/CLPTM1L/CMBL/CTD-2194D22.4/CTD-2297D10.2/CTD-3080P12.3/CTNND2/DAP/DNAH5/EXOC3/EXOC3-AS1/FASTKD3/ICE1/IRX1/IRX2/IRX4/LINC01017/LINC01018/LINC01019/LINC01020/LINC01194/LINC01377/LINC01511/LINC02102/LINC02112/LINC02114/LINC02116/LINC02121/LINC02123/LINC02145/LINC02162/LINC02199/LINC02212/LINC02213/LINC02220/LINC02221/LINC02226/LINC02236/LOC100506688/LOC100506858/LOC100996325/LOC105374620/LOC442132/LOC728613/LPCAT1/LSINCT5/MARCH6/MED10/MIR4277/MIR4278/MIR4454/MIR4456/MIR4457/MIR4458/MIR4458HG/MIR4635/MIR4636/MIR6075/MIR6131/MRPL36/MTRR/NDUFS6/NKD2/NSUN2/PP7080/ROPN1L/ROPN1L-AS1/SDHAP3/SEMA5A/SEMA5A-AS1/SLC12A7/SLC6A18/SLC6A19/SLC6A3/SLC9A3/SLC9A3-AS1/SNHG18/SNORD123/SRD5A1/TAS2R1/TENT4A/TERT/TPPP/TRIP13/UBE2QL1/ZDHHC11/ZDHHC11B	0	1	0	0
BS_P4K6WK9Y	TERT	NA	NA	NA	0	1	0	0	1	0	0	1	0	ADAMTS16/ADCY2/ANKH/ANKRD33B/ATPSCKMT/BASP1/BASP1-AS1/C5orf17/C5orf22/C5orf38/C5orf49/CCT5/CDH10/CDH12/CDH18/CDH18-AS1/CDH6/CDH9/CLPTM1L/CMBL/CTD-2194D22.4/CTD-2297D10.2/CTD-2350J17.1/CTNND2/DAP/DNAH5/DROSHA/FASTKD3/FBXL7/GOLPH3/GUSBP1/H3.Y/ICE1/IRX1/IRX2/IRX4/LINC01017/LINC01018/LINC01019/LINC01020/LINC01194/LINC01377/LINC01511/LINC02064/LINC02102/LINC02103/LINC02109/LINC02111/LINC02112/LINC02114/LINC02116/LINC02120/LINC02121/LINC02123/LINC02145/LINC02146/LINC02149/LINC02150/LINC02162/LINC02199/LINC02211/LINC02212/LINC02213/LINC02217/LINC02218/LINC02220/LINC02221/LINC02223/LINC02226/LINC02228/LINC02236/LINC02239/LINC02241/LOC100130744/LOC100506858/LOC101929524/LOC101929645/LOC105374620/LOC105374704/LOC401176/LOC442132/LOC728613/LPCAT1/LSINCT5/LSP1P3/MARCH11/MARCH6/MED10/MIR4277/MIR4278/MIR4279/MIR4454/MIR4457/MIR4458/MIR4458HG/MIR4636/MIR4637/MIR579/MIR6075/MIR6131/MIR887/MRPL36/MTMR12/MTRR/MYO10/NDUFS6/NPR3/NSUN2/OTULIN/OTULINL/PDZD2/PMCHL1/PRDM9/PURPL/RETREG1/ROPN1L/ROPN1L-AS1/SDHAP3/SEMA5A/SEMA5A-AS1/SLC6A18/SLC6A19/SLC6A3/SNHG18/SNORA105A/SNORA105B/SNORD123/SNORD141A/SNORD141B/SNORD170/SRD5A1/SUB1/TAS2R1/TENT4A/TERT/TRIO/UBE2QL1/ZFR/ZNF622	0	0	0	1
BS_P7CY04E7	TERT	NA	NA	NA	0	0	1	0	0	1	NA	NA	NA	NA	NA	NA	NA	NA
BS_PEFRDKDZ	TERT	NA	NA	NA	0	0	1	0	0	1	0	1	0	NA	NA	NA	NA	NA
BS_PJ08ZW9A	TERT	NA	NA	NA	0	0	1	0	0	1	NA	NA	NA	NA	NA	NA	NA	NA
BS_PKZ1HWNB	TERT	NA	NA	NA	0	0	1	0	0	1	0	1	0	NA	NA	NA	NA	NA
BS_PNXDHDF3	TERT	NA	NA	NA	0	0	1	0	0	1	NA	NA	NA	NA	NA	NA	NA	NA
BS_PP4WJBNR	TERT	NA	NA	NA	0	0	1	0	0	1	NA	NA	NA	NA	NA	NA	NA	NA
BS_PPY0EWPG	TERT	NA	NA	NA	0	0	1	0	0	1	NA	NA	NA	NA	NA	NA	NA	NA
BS_PZDTK87A	TERT	NA	NA	NA	0	0	1	0	0	1	0	1	0	NA	NA	NA	NA	NA
BS_QA0W86WP	TERT	NA	NA	NA	0	0	1	0	0	1	NA	NA	NA	NA	NA	NA	NA	NA
BS_QDGHHS4S	TERT	NA	NA	NA	0	0	1	0	0	1	NA	NA	NA	NA	NA	NA	NA	NA
BS_QE5B0T7R	TERT	NA	NA	NA	0	0	1	0	0	1	NA	NA	NA	NA	NA	NA	NA	NA
BS_QG6V29H7	TERT	NA	NA	NA	0	0	1	0	0	1	0	0	1	NA	NA	NA	NA	NA
BS_QGX93WPF	TERT	NA	NA	NA	0	0	1	0	0	1	NA	NA	NA	NA	NA	NA	NA	NA
BS_QMG7XNEW	TERT	NA	NA	NA	0	0	1	0	0	1	0	1	0	NA	NA	NA	NA	NA
BS_QMHND3QK	TERT	NA	NA	NA	0	0	1	0	0	1	NA	NA	NA	NA	NA	NA	NA	NA
BS_QSDKJM8T	TERT	NA	NA	NA	0	0	1	0	0	1	NA	NA	NA	NA	NA	NA	NA	NA
BS_QWM9BPDY	TERT	NA	NA	NA	0	0	1	0	0	1	0	1	0	NA	NA	NA	NA	NA
BS_QXZTRMWM	TERT	NA	NA	NA	0	1	0	0	1	0	0	1	0	NA	NA	NA	NA	NA
BS_QZRP3NSG	TERT	NA	NA	NA	0	0	1	0	0	1	0	1	0	NA	NA	NA	NA	NA
BS_QZTPJ8YW	TERT	NA	NA	NA	0	0	1	0	0	1	NA	NA	NA	NA	NA	NA	NA	NA
BS_R6CKWZW6	TERT	NA	NA	NA	0	0	1	0	0	1	NA	NA	NA	NA	NA	NA	NA	NA
BS_R922P3XJ	TERT	NA	NA	NA	0	0	1	0	0	1	NA	NA	NA	NA	NA	NA	NA	NA
BS_RA0VCMWC	TERT	NA	NA	NA	0	0	1	0	0	1	NA	NA	NA	NA	NA	NA	NA	NA
BS_RGSJMSRE	TERT	NA	NA	NA	0	0	1	0	0	1	0	1	0	AHRR/BRD9/CEP72/CLPTM1L/CTD-3080P12.3/EXOC3/EXOC3-AS1/HRAT5/LINC01511/LOC100506688/LOC100996325/LPCAT1/MIR4456/MIR4457/MIR4635/MIR6075/NKD2/PDCD6/PP7080/SDHA/SDHAP3/SLC12A7/SLC6A18/SLC6A19/SLC6A3/SLC9A3/SLC9A3-AS1/TERT/TPPP/TRIP13/ZDHHC11/ZDHHC11B	0	0	0	1
BS_SD28E0SC	TERT	NA	NA	NA	0	0	1	0	0	1	NA	NA	NA	NA	NA	NA	NA	NA
BS_SE82EQF8	TERT	NA	NA	NA	0	0	1	0	0	1	NA	NA	NA	NA	NA	NA	NA	NA
BS_SFH8TGKT	TERT	NA	NA	NA	0	0	1	0	0	1	0	1	0	NA	NA	NA	NA	NA
BS_SK949N33	TERT	NA	NA	NA	0	0	1	0	0	1	NA	NA	NA	NA	NA	NA	NA	NA
BS_SQSH5G7A	TERT	NA	NA	NA	0	0	1	0	0	1	NA	NA	NA	NA	NA	NA	NA	NA
BS_SYGKQD8M	TERT	NA	NA	NA	0	0	1	0	0	1	0	1	0	NA	NA	NA	NA	NA
BS_SYWRCE3Z	TERT	NA	NA	NA	0	0	1	0	0	1	NA	NA	NA	NA	NA	NA	NA	NA
BS_T1SNKF50	TERT	NA	NA	NA	0	0	1	0	0	1	NA	NA	NA	NA	NA	NA	NA	NA
BS_T7WMJ08W	TERT	NA	NA	NA	0	0	1	0	0	1	NA	NA	NA	NA	NA	NA	NA	NA
BS_T8TCEBB1	TERT	NA	NA	NA	0	0	1	0	0	1	NA	NA	NA	NA	NA	NA	NA	NA
BS_T9T3R2J0	TERT	NA	NA	NA	0	0	1	0	0	1	NA	NA	NA	NA	NA	NA	NA	NA
BS_TF5TTEXH	TERT	NA	NA	NA	0	0	1	0	0	1	0	1	0	NA	NA	NA	NA	NA
BS_TQ0J7WJQ	TERT	NA	NA	NA	0	0	1	0	0	1	NA	NA	NA	NA	NA	NA	NA	NA
BS_TX8C5VAJ	TERT	NA	NA	NA	0	0	1	0	0	1	NA	NA	NA	NA	NA	NA	NA	NA
BS_TZPJHKQR	TERT	NA	NA	NA	0	1	0	0	1	0	0	1	0	NA	NA	NA	NA	NA
BS_VDSR4X6N	TERT	NA	NA	NA	0	1	0	0	1	0	0	1	0	NA	NA	NA	NA	NA
BS_VHD4ARSG	TERT	NA	NA	NA	0	0	1	0	0	1	NA	NA	NA	NA	NA	NA	NA	NA
BS_VKH9KYDB	TERT	NA	NA	NA	0	0	1	0	0	1	0	1	0	NA	NA	NA	NA	NA
BS_VQC2PE2B	TERT	NA	NA	NA	0	0	1	0	0	1	0	1	0	NA	NA	NA	NA	NA
BS_VTTTQYQA	TERT	NA	NA	NA	0	0	1	0	0	1	NA	NA	NA	NA	NA	NA	NA	NA
BS_VVD8TJNE	TERT	NA	NA	NA	0	0	1	0	0	1	0	0	1	NA	NA	NA	NA	NA
BS_W2QCHQ7E	TERT	NA	NA	NA	0	0	1	0	0	1	NA	NA	NA	NA	NA	NA	NA	NA
BS_W3R2DQ86	TERT	NA	NA	NA	0	0	1	0	0	1	0	1	0	NA	NA	NA	NA	NA
BS_W50WEJE7	TERT	NA	NA	NA	0	0	1	0	0	1	NA	NA	NA	NA	NA	NA	NA	NA
BS_W5P7SPDH	TERT	NA	NA	NA	0	0	1	0	0	1	NA	NA	NA	NA	NA	NA	NA	NA
BS_W6B48DD5	TERT	NA	NA	NA	0	0	1	0	0	1	NA	NA	NA	NA	NA	NA	NA	NA
BS_W74D279Q	TERT	NA	NA	NA	0	0	1	0	0	1	0	1	0	NA	NA	NA	NA	NA
BS_WB8P21ED	TERT	NA	NA	NA	0	0	1	0	0	1	NA	NA	NA	NA	NA	NA	NA	NA
BS_WD37M8SD	TERT	NA	NA	NA	0	0	1	0	0	1	NA	NA	NA	NA	NA	NA	NA	NA
BS_WDTT7PG2	TERT	NA	NA	NA	0	0	1	0	0	1	NA	NA	NA	NA	NA	NA	NA	NA
BS_WEGGXVYA	TERT	NA	NA	NA	0	0	1	0	0	1	NA	NA	NA	NA	NA	NA	NA	NA
BS_WJB33V17	TERT	NA	NA	NA	0	0	1	0	0	1	0	0	1	NA	NA	NA	NA	NA
BS_WP2D11SK	TERT	NA	NA	NA	0	0	1	0	0	1	0	1	0	NA	NA	NA	NA	NA
BS_WPCBK1EG	TERT	NA	NA	NA	0	0	1	0	0	1	NA	NA	NA	NA	NA	NA	NA	NA
BS_WXKCR17Q	TERT	NA	NA	NA	0	0	1	0	0	1	0	1	0	NA	NA	NA	NA	NA
BS_WYF8NGSD	TERT	NA	NA	NA	0	0	1	0	0	1	NA	NA	NA	NA	NA	NA	NA	NA
BS_X1DSETVE	TERT	NA	NA	NA	0	0	1	0	0	1	0	0	1	NA	NA	NA	NA	NA
BS_X7QJCVJB	TERT	NA	NA	NA	0	0	1	0	0	1	NA	NA	NA	NA	NA	NA	NA	NA
BS_XBE002WV	TERT	NA	NA	NA	0	0	1	NA	NA	NA	0	1	0	NA	NA	NA	NA	NA
BS_XCFNEZ8E	TERT	NA	NA	NA	0	0	1	0	0	1	NA	NA	NA	NA	NA	NA	NA	NA
BS_XJZQA3AP	TERT	NA	NA	NA	0	0	1	0	0	1	NA	NA	NA	NA	NA	NA	NA	NA
BS_XM302FF4	TERT	NA	NA	NA	0	0	1	0	0	1	0	1	0	NA	NA	NA	NA	NA
BS_XVNNWN2Z	TERT	NA	NA	NA	0	0	1	0	0	1	NA	NA	NA	NA	NA	NA	NA	NA
BS_YETTZ1NC	TERT	NA	NA	NA	0	0	1	0	0	1	0	0	1	NA	NA	NA	NA	NA
BS_YGQS4660	TERT	NA	NA	NA	0	0	1	0	0	1	NA	NA	NA	NA	NA	NA	NA	NA
BS_Z34PQDYT	TERT	NA	NA	NA	0	0	1	0	0	1	0	1	0	NA	NA	NA	NA	NA
BS_Z4Q8RH5M	TERT	NA	NA	NA	0	0	1	0	0	1	0	1	0	NA	NA	NA	NA	NA
BS_ZBWQG7VR	TERT	NA	NA	NA	0	0	1	0	0	1	NA	NA	NA	NA	NA	NA	NA	NA
BS_ZECKZTFC	TERT	NA	NA	NA	0	0	1	0	0	1	NA	NA	NA	NA	NA	NA	NA	NA
BS_ZPF89720	TERT	NA	NA	NA	0	0	1	0	0	1	0	1	0	NA	NA	NA	NA	NA
BS_ZR75EKKX	TERT	NA	NA	NA	0	0	1	0	0	1	0	0	1	NA	NA	NA	NA	NA
BS_ZSH09N84	TERT	NA	NA	NA	0	1	0	0	1	0	0	1	0	NA	NA	NA	NA	NA
BS_10AD3EFX	TERT	NA	NA	NA	NA	NA	NA	0	0	1	NA	NA	NA	NA	NA	NA	NA	NA
BS_10V9SAG8	TERT	NA	NA	NA	NA	NA	NA	0	0	1	0	1	0	NA	NA	NA	NA	NA
BS_1M63B97V	TERT	NA	NA	NA	NA	NA	NA	0	1	0	NA	NA	NA	NA	NA	NA	NA	NA
BS_1Q524P3B	TERT	NA	NA	NA	NA	NA	NA	0	0	1	NA	NA	NA	NA	NA	NA	NA	NA
BS_22VCR7DF	TERT	NA	NA	NA	NA	NA	NA	0	0	1	NA	NA	NA	NA	NA	NA	NA	NA
BS_3JE2T7AR	TERT	NA	NA	NA	NA	NA	NA	0	1	0	0	1	0	NA	NA	NA	NA	NA
BS_3VKW5988	TERT	NA	NA	NA	NA	NA	NA	0	1	0	NA	NA	NA	NA	NA	NA	NA	NA
BS_40FX713C	TERT	NA	NA	NA	NA	NA	NA	0	1	0	NA	NA	NA	NA	NA	NA	NA	NA
BS_4DQAQFQH	TERT	NA	NA	NA	NA	NA	NA	0	0	1	0	0	1	NA	NA	NA	NA	NA
BS_59FR1NC2	TERT	NA	NA	NA	NA	NA	NA	0	1	0	0	1	0	NA	NA	NA	NA	NA
BS_5KFAEMQJ	TERT	NA	NA	NA	NA	NA	NA	0	1	0	0	1	0	NA	NA	NA	NA	NA
BS_5R0HHQ1Y	TERT	NA	NA	NA	NA	NA	NA	0	1	0	NA	NA	NA	NA	NA	NA	NA	NA
BS_85Y70BHE	TERT	NA	NA	NA	NA	NA	NA	0	0	1	NA	NA	NA	NA	NA	NA	NA	NA
BS_8Q8N6AHW	TERT	NA	NA	NA	NA	NA	NA	0	0	1	0	0	1	NA	NA	NA	NA	NA
BS_9DM8H1RX	TERT	NA	NA	NA	NA	NA	NA	0	0	1	0	1	0	NA	NA	NA	NA	NA
BS_9N3B3HZB	TERT	NA	NA	NA	NA	NA	NA	0	1	0	NA	NA	NA	NA	NA	NA	NA	NA
BS_9P4NDTKJ	TERT	NA	NA	NA	NA	NA	NA	0	0	1	0	1	0	NA	NA	NA	NA	NA
BS_A1DV9T7G	TERT	NA	NA	NA	NA	NA	NA	0	1	0	1	0	0	ADAMTS16/ADCY2/ANKH/ANKRD33B/ATPSCKMT/C5orf38/C5orf49/CCT5/CLPTM1L/CMBL/CTD-2194D22.4/CTD-2297D10.2/CTD-3080P12.3/CTNND2/DAP/DNAH5/FASTKD3/ICE1/IRX1/IRX2/IRX4/LINC01017/LINC01018/LINC01019/LINC01020/LINC01194/LINC01377/LINC01511/LINC02102/LINC02112/LINC02114/LINC02116/LINC02121/LINC02123/LINC02145/LINC02149/LINC02162/LINC02199/LINC02212/LINC02213/LINC02220/LINC02221/LINC02226/LINC02236/LOC100130744/LOC100506858/LOC105374620/LOC442132/LOC728613/LPCAT1/LSINCT5/MARCH6/MED10/MIR4277/MIR4278/MIR4454/MIR4457/MIR4458/MIR4458HG/MIR4636/MIR4637/MIR6075/MIR6131/MRPL36/MTRR/NDUFS6/NSUN2/OTULIN/OTULINL/ROPN1L/ROPN1L-AS1/SDHAP3/SEMA5A/SEMA5A-AS1/SLC6A18/SLC6A19/SLC6A3/SNHG18/SNORD123/SNORD141A/SNORD141B/SNORD170/SRD5A1/TAS2R1/TENT4A/TERT/TRIO/UBE2QL1	0	0	1	0
BS_A3EV6FXK	TERT	NA	NA	NA	NA	NA	NA	0	1	0	NA	NA	NA	NA	NA	NA	NA	NA
BS_ABENB1H2	TERT	NA	NA	NA	NA	NA	NA	0	1	0	0	1	0	NA	NA	NA	NA	NA
BS_AHT9PKVE	TERT	NA	NA	NA	NA	NA	NA	1	0	0	0	1	0	NA	NA	NA	NA	NA
BS_AK9BV52G	TERT	NA	NA	NA	NA	NA	NA	0	0	1	NA	NA	NA	NA	NA	NA	NA	NA
BS_B6K0N6HS	TERT	NA	NA	NA	NA	NA	NA	0	1	0	0	1	0	NA	NA	NA	NA	NA
BS_BQ81D2BP	TERT	NA	NA	NA	NA	NA	NA	0	1	0	NA	NA	NA	NA	NA	NA	NA	NA
BS_C19DFVR5	TERT	NA	NA	NA	NA	NA	NA	0	0	1	0	0	1	SLC6A18/SLC6A19/TERT	0	0	1	1
BS_C19DFVR5	TERT	NA	NA	NA	NA	NA	NA	0	0	1	0	0	1	TERT	2	1	0	1
BS_CXCKHP3Z	TERT	NA	NA	NA	NA	NA	NA	0	0	1	NA	NA	NA	NA	NA	NA	NA	NA
BS_D6STCMQS	TERT	NA	NA	NA	NA	NA	NA	0	0	1	NA	NA	NA	NA	NA	NA	NA	NA
BS_E5H6CFYT	TERT	NA	NA	NA	NA	NA	NA	0	1	0	0	1	0	NA	NA	NA	NA	NA
BS_EE73VE7V	TERT	NA	NA	NA	NA	NA	NA	0	1	0	NA	NA	NA	NA	NA	NA	NA	NA
BS_EFBBP9H3	TERT	NA	NA	NA	NA	NA	NA	0	0	1	NA	NA	NA	NA	NA	NA	NA	NA
BS_EJV0N3BX	TERT	NA	NA	NA	NA	NA	NA	0	0	1	NA	NA	NA	ADAMTS16/ADCY2/ANKH/ANKRD33B/ATPSCKMT/BASP1/BASP1-AS1/BRD9/C5orf17/C5orf38/C5orf49/CCT5/CDH10/CDH12/CDH18/CDH18-AS1/CLPTM1L/CMBL/CTD-2194D22.4/CTD-2297D10.2/CTD-2350J17.1/CTD-3080P12.3/CTNND2/DAP/DNAH5/FASTKD3/FBXL7/GUSBP1/H3.Y/ICE1/IRX1/IRX2/IRX4/LINC01017/LINC01018/LINC01019/LINC01020/LINC01194/LINC01377/LINC01511/LINC02102/LINC02111/LINC02112/LINC02114/LINC02116/LINC02121/LINC02123/LINC02145/LINC02146/LINC02149/LINC02150/LINC02162/LINC02199/LINC02211/LINC02212/LINC02213/LINC02217/LINC02218/LINC02220/LINC02221/LINC02223/LINC02226/LINC02228/LINC02236/LINC02239/LINC02241/LOC100130744/LOC100506688/LOC100506858/LOC101929524/LOC105374620/LOC401176/LOC442132/LOC728613/LPCAT1/LSINCT5/MARCH11/MARCH6/MED10/MIR4277/MIR4278/MIR4454/MIR4457/MIR4458/MIR4458HG/MIR4635/MIR4636/MIR4637/MIR6075/MIR6131/MIR887/MRPL36/MTRR/MYO10/NDUFS6/NKD2/NSUN2/OTULIN/OTULINL/PMCHL1/PRDM9/RETREG1/ROPN1L/ROPN1L-AS1/SDHAP3/SEMA5A/SEMA5A-AS1/SLC12A7/SLC6A18/SLC6A19/SLC6A3/SNHG18/SNORA105A/SNORA105B/SNORD123/SNORD141A/SNORD141B/SNORD170/SRD5A1/TAS2R1/TENT4A/TERT/TRIO/TRIP13/UBE2QL1/ZNF622	0	0	0	1
BS_EJV0N3BX	TERT	NA	NA	NA	NA	NA	NA	0	0	1	NA	NA	NA	CLPTM1L/LINC01511/LOC728613/LPCAT1/MIR4457/MIR6075/SDHAP3/SLC6A3/TERT	0	0	0	1
BS_EP25TTAG	TERT	NA	NA	NA	NA	NA	NA	0	0	1	NA	NA	NA	NA	NA	NA	NA	NA
BS_ERMGD2N5	TERT	NA	NA	NA	NA	NA	NA	0	0	1	0	1	0	NA	NA	NA	NA	NA
BS_F5KRHGKC	TERT	NA	NA	NA	NA	NA	NA	0	0	1	NA	NA	NA	NA	NA	NA	NA	NA
BS_GS9JCK55	TERT	NA	NA	NA	NA	NA	NA	0	1	0	0	1	0	NA	NA	NA	NA	NA
BS_HN8DE43A	TERT	NA	NA	NA	NA	NA	NA	0	1	0	NA	NA	NA	NA	NA	NA	NA	NA
BS_HW4MYBZ2	TERT	NA	NA	NA	NA	NA	NA	0	0	1	NA	NA	NA	NA	NA	NA	NA	NA
BS_J4E9SW51	TERT	NA	NA	NA	NA	NA	NA	0	1	0	0	1	0	NA	NA	NA	NA	NA
BS_J8EH1N7V	TERT	NA	NA	NA	NA	NA	NA	0	0	1	0	1	0	NA	NA	NA	NA	NA
BS_JC8YV5V9	TERT	NA	NA	NA	NA	NA	NA	0	0	1	0	0	1	NA	NA	NA	NA	NA
BS_JGKRN7NA	TERT	NA	NA	NA	NA	NA	NA	0	1	0	0	1	0	NA	NA	NA	NA	NA
BS_KFRBXXV7	TERT	NA	NA	NA	NA	NA	NA	0	1	0	0	1	0	NA	NA	NA	NA	NA
BS_KKWQW01N	TERT	NA	NA	NA	NA	NA	NA	0	1	0	0	1	0	NA	NA	NA	NA	NA
BS_MJ8EGM54	TERT	NA	NA	NA	NA	NA	NA	0	0	1	NA	NA	NA	NA	NA	NA	NA	NA
BS_MZB884N9	TERT	NA	NA	NA	NA	NA	NA	0	0	1	0	1	0	NA	NA	NA	NA	NA
BS_NMQTPVFW	TERT	NA	NA	NA	NA	NA	NA	0	0	2	0	1	0	NA	NA	NA	NA	NA
BS_PC2YQ4F6	TERT	NA	NA	NA	NA	NA	NA	0	1	0	0	1	0	NA	NA	NA	NA	NA
BS_PFXDWV9R	TERT	NA	NA	NA	NA	NA	NA	0	1	0	NA	NA	NA	AHRR/BRD9/CEP72/CLPTM1L/CTD-3080P12.3/EXOC3/EXOC3-AS1/HRAT5/LINC01511/LOC100506688/LOC100996325/LPCAT1/MIR4456/MIR4457/MIR4635/MIR6075/NKD2/PDCD6/PP7080/SDHA/SDHAP3/SLC12A7/SLC6A18/SLC6A19/SLC6A3/SLC9A3/SLC9A3-AS1/TERT/TPPP/TRIP13/ZDHHC11/ZDHHC11B	0	0	0	1
BS_PMFR8NPN	TERT	NA	NA	NA	NA	NA	NA	0	1	0	0	1	0	NA	NA	NA	NA	NA
BS_QM1Z8R38	TERT	NA	NA	NA	NA	NA	NA	0	1	0	0	1	0	NA	NA	NA	NA	NA
BS_QSMFVHSB	TERT	NA	NA	NA	NA	NA	NA	0	1	0	0	1	0	NA	NA	NA	NA	NA
BS_R726FKHP	TERT	NA	NA	NA	NA	NA	NA	0	1	0	NA	NA	NA	NA	NA	NA	NA	NA
BS_V6HKXX1Z	TERT	NA	NA	NA	NA	NA	NA	0	1	0	NA	NA	NA	NA	NA	NA	NA	NA
BS_VMZMGB7B	TERT	NA	NA	NA	NA	NA	NA	0	1	0	NA	NA	NA	NA	NA	NA	NA	NA
BS_XMP9XNR9	TERT	NA	NA	NA	NA	NA	NA	0	1	0	NA	NA	NA	NA	NA	NA	NA	NA
BS_Y74XAFJX	TERT	NA	NA	NA	NA	NA	NA	0	1	0	0	1	0	NA	NA	NA	NA	NA
BS_Z5D6G1S6	TERT	NA	NA	NA	NA	NA	NA	0	0	2	0	1	0	NA	NA	NA	NA	NA
BS_Z5VJCFNP	TERT	NA	NA	NA	NA	NA	NA	0	0	1	NA	NA	NA	NA	NA	NA	NA	NA
BS_ZJSMC22A	TERT	NA	NA	NA	NA	NA	NA	0	1	0	NA	NA	NA	NA	NA	NA	NA	NA
BS_0W8AWY10	TERT	NA	NA	NA	NA	NA	NA	NA	NA	NA	0	1	0	NA	NA	NA	NA	NA
BS_0YVR8Q4E	TERT	NA	NA	NA	NA	NA	NA	NA	NA	NA	0	1	0	NA	NA	NA	NA	NA
BS_1CZPVCXR	TERT	NA	NA	NA	NA	NA	NA	NA	NA	NA	0	1	0	NA	NA	NA	NA	NA
BS_235QEYMQ	TERT	NA	NA	NA	NA	NA	NA	NA	NA	NA	0	1	0	NA	NA	NA	NA	NA
BS_2E81A3FT	TERT	NA	NA	NA	NA	NA	NA	NA	NA	NA	0	1	0	NA	NA	NA	NA	NA
BS_32JF8TPP	TERT	NA	NA	NA	NA	NA	NA	NA	NA	NA	0	1	0	NA	NA	NA	NA	NA
BS_3AERRZQT	TERT	NA	NA	NA	NA	NA	NA	NA	NA	NA	0	1	0	NA	NA	NA	NA	NA
BS_3BMGF6GN	TERT	NA	NA	NA	NA	NA	NA	NA	NA	NA	0	1	0	NA	NA	NA	NA	NA
BS_3MYQP7P5	TERT	NA	NA	NA	NA	NA	NA	NA	NA	NA	0	1	0	NA	NA	NA	NA	NA
BS_3ZASRA3A	TERT	NA	NA	NA	NA	NA	NA	NA	NA	NA	0	1	0	NA	NA	NA	NA	NA
BS_47454JJ6	TERT	NA	NA	NA	NA	NA	NA	NA	NA	NA	0	1	0	NA	NA	NA	NA	NA
BS_4M0ZMCDC	TERT	NA	NA	NA	NA	NA	NA	NA	NA	NA	0	1	0	NA	NA	NA	NA	NA
BS_4NPEMNAD	TERT	NA	NA	NA	NA	NA	NA	NA	NA	NA	0	1	0	NA	NA	NA	NA	NA
BS_55N7KFHW	TERT	NA	NA	NA	NA	NA	NA	NA	NA	NA	0	1	0	NA	NA	NA	NA	NA
BS_5968GBGT	TERT	NA	NA	NA	NA	NA	NA	NA	NA	NA	0	1	0	NA	NA	NA	NA	NA
BS_69VS8PS1	TERT	NA	NA	NA	NA	NA	NA	NA	NA	NA	0	0	1	NA	NA	NA	NA	NA
BS_6T87HSPX	TERT	NA	NA	NA	NA	NA	NA	NA	NA	NA	0	1	0	NA	NA	NA	NA	NA
BS_6X3Z0AVR	TERT	NA	NA	NA	NA	NA	NA	NA	NA	NA	0	1	0	NA	NA	NA	NA	NA
BS_6Z213H2V	TERT	NA	NA	NA	NA	NA	NA	NA	NA	NA	0	1	0	NA	NA	NA	NA	NA
BS_71HPXFE7	TERT	NA	NA	NA	NA	NA	NA	NA	NA	NA	0	1	0	NA	NA	NA	NA	NA
BS_742CDKAS	TERT	NA	NA	NA	NA	NA	NA	NA	NA	NA	0	1	0	NA	NA	NA	NA	NA
BS_7RQCH5Y7	TERT	NA	NA	NA	NA	NA	NA	NA	NA	NA	0	1	0	NA	NA	NA	NA	NA
BS_8CA214YR	TERT	NA	NA	NA	NA	NA	NA	NA	NA	NA	0	1	0	NA	NA	NA	NA	NA
BS_95RRF4NE	TERT	NA	NA	NA	NA	NA	NA	NA	NA	NA	0	1	0	AHRR/BRD9/CEP72/CLPTM1L/CTD-3080P12.3/EXOC3/EXOC3-AS1/HRAT5/LINC01511/LOC100506688/LOC100996325/LPCAT1/MIR4456/MIR4457/MIR4635/MIR6075/NKD2/PDCD6/PP7080/SDHA/SDHAP3/SLC12A7/SLC6A18/SLC6A19/SLC6A3/SLC9A3/SLC9A3-AS1/TERT/TPPP/TRIP13/ZDHHC11/ZDHHC11B	0	0	0	1
BS_969K7ZM1	TERT	NA	NA	NA	NA	NA	NA	NA	NA	NA	0	0	1	NA	NA	NA	NA	NA
BS_9BN45DFK	TERT	NA	NA	NA	NA	NA	NA	NA	NA	NA	0	1	0	NA	NA	NA	NA	NA
BS_9GSWPZ44	TERT	NA	NA	NA	NA	NA	NA	NA	NA	NA	0	1	0	NA	NA	NA	NA	NA
BS_9JVGXA2W	TERT	NA	NA	NA	NA	NA	NA	NA	NA	NA	0	1	0	NA	NA	NA	NA	NA
BS_9QMVZ4C0	TERT	NA	NA	NA	NA	NA	NA	NA	NA	NA	0	1	0	NA	NA	NA	NA	NA
BS_AJ0T7DJ7	TERT	NA	NA	NA	NA	NA	NA	NA	NA	NA	0	1	0	NA	NA	NA	NA	NA
BS_AJFG2QDD	TERT	NA	NA	NA	NA	NA	NA	NA	NA	NA	0	1	0	NA	NA	NA	NA	NA
BS_B1X2SB4P	TERT	NA	NA	NA	NA	NA	NA	NA	NA	NA	0	1	0	NA	NA	NA	NA	NA
BS_B5Z2XV03	TERT	NA	NA	NA	NA	NA	NA	NA	NA	NA	0	1	0	NA	NA	NA	NA	NA
BS_B91XGSA5	TERT	NA	NA	NA	NA	NA	NA	NA	NA	NA	0	1	0	NA	NA	NA	NA	NA
BS_C5RDMCCS	TERT	NA	NA	NA	NA	NA	NA	NA	NA	NA	0	1	0	NA	NA	NA	NA	NA
BS_CBMAWSAR	TERT	NA	NA	NA	NA	NA	NA	NA	NA	NA	0	1	0	NA	NA	NA	NA	NA
BS_CRKBDAYZ	TERT	NA	NA	NA	NA	NA	NA	NA	NA	NA	0	1	0	NA	NA	NA	NA	NA
BS_DT92H1MJ	TERT	NA	NA	NA	NA	NA	NA	NA	NA	NA	0	1	0	NA	NA	NA	NA	NA
BS_DVQYQSVW	TERT	NA	NA	NA	NA	NA	NA	NA	NA	NA	0	1	0	NA	NA	NA	NA	NA
BS_E5B2YZJH	TERT	NA	NA	NA	NA	NA	NA	NA	NA	NA	0	1	0	NA	NA	NA	NA	NA
BS_FCXEAPJ1	TERT	NA	NA	NA	NA	NA	NA	NA	NA	NA	0	1	0	NA	NA	NA	NA	NA
BS_FG649AWK	TERT	NA	NA	NA	NA	NA	NA	NA	NA	NA	0	1	0	NA	NA	NA	NA	NA
BS_GFS9JEE6	TERT	NA	NA	NA	NA	NA	NA	NA	NA	NA	0	1	0	NA	NA	NA	NA	NA
BS_HZHEF797	TERT	NA	NA	NA	NA	NA	NA	NA	NA	NA	0	1	0	NA	NA	NA	NA	NA
BS_J8EK6RNF	TERT	NA	NA	NA	NA	NA	NA	NA	NA	NA	0	1	0	NA	NA	NA	NA	NA
BS_K14VJ1E3	TERT	NA	NA	NA	NA	NA	NA	NA	NA	NA	0	1	0	NA	NA	NA	NA	NA
BS_K3YT05M7	TERT	NA	NA	NA	NA	NA	NA	NA	NA	NA	0	1	0	NA	NA	NA	NA	NA
BS_NB509KST	TERT	NA	NA	NA	NA	NA	NA	NA	NA	NA	0	1	0	NA	NA	NA	NA	NA
BS_NS8G0465	TERT	NA	NA	NA	NA	NA	NA	NA	NA	NA	0	1	0	NA	NA	NA	NA	NA
BS_Q88059DJ	TERT	NA	NA	NA	NA	NA	NA	NA	NA	NA	0	1	0	NA	NA	NA	NA	NA
BS_QHTDJG77	TERT	NA	NA	NA	NA	NA	NA	NA	NA	NA	0	1	0	NA	NA	NA	NA	NA
BS_RB8VSEVG	TERT	NA	NA	NA	NA	NA	NA	NA	NA	NA	0	1	0	NA	NA	NA	NA	NA
BS_S791VC80	TERT	NA	NA	NA	NA	NA	NA	NA	NA	NA	0	1	0	NA	NA	NA	NA	NA
BS_SDT1J3A7	TERT	NA	NA	NA	NA	NA	NA	NA	NA	NA	0	1	0	NA	NA	NA	NA	NA
BS_SK4H5MJQ	TERT	NA	NA	NA	NA	NA	NA	NA	NA	NA	0	1	0	NA	NA	NA	NA	NA
BS_SKRY0BJ4	TERT	NA	NA	NA	NA	NA	NA	NA	NA	NA	0	1	0	NA	NA	NA	NA	NA
BS_SWHQ8FDW	TERT	NA	NA	NA	NA	NA	NA	NA	NA	NA	0	1	0	NA	NA	NA	NA	NA
BS_V2MDX7HG	TERT	NA	NA	NA	NA	NA	NA	NA	NA	NA	0	1	0	NA	NA	NA	NA	NA
BS_W9P0PFDH	TERT	NA	NA	NA	NA	NA	NA	NA	NA	NA	0	1	0	NA	NA	NA	NA	NA
BS_WQ19Z6MD	TERT	NA	NA	NA	NA	NA	NA	NA	NA	NA	0	1	0	NA	NA	NA	NA	NA
BS_WRJNMEX2	TERT	NA	NA	NA	NA	NA	NA	NA	NA	NA	0	1	0	NA	NA	NA	NA	NA
BS_XKP747AS	TERT	NA	NA	NA	NA	NA	NA	NA	NA	NA	0	1	0	NA	NA	NA	NA	NA
BS_XW26N96W	TERT	NA	NA	NA	NA	NA	NA	NA	NA	NA	0	1	0	NA	NA	NA	NA	NA
BS_XWQTX5HH	TERT	NA	NA	NA	NA	NA	NA	NA	NA	NA	0	1	0	NA	NA	NA	NA	NA
BS_YH60H2FS	TERT	NA	NA	NA	NA	NA	NA	NA	NA	NA	0	1	0	NA	NA	NA	NA	NA
BS_YRC54VPP	TERT	NA	NA	NA	NA	NA	NA	NA	NA	NA	0	1	0	NA	NA	NA	NA	NA
BS_YXCVR90M	TERT	NA	NA	NA	NA	NA	NA	NA	NA	NA	0	1	0	NA	NA	NA	NA	NA
BS_Z9PKZ4RT	TERT	NA	NA	NA	NA	NA	NA	NA	NA	NA	0	1	0	NA	NA	NA	NA	NA
BS_ZKFEMJZ8	TERT	NA	NA	NA	NA	NA	NA	NA	NA	NA	0	1	0	NA	NA	NA	NA	NA
BS_ZKZACPVV	TERT	NA	NA	NA	NA	NA	NA	NA	NA	NA	0	1	0	NA	NA	NA	NA	NA
BS_04B8X54S	TERT	NA	NA	NA	NA	NA	NA	NA	NA	NA	NA	NA	NA	AHRR/BRD9/CEP72/CLPTM1L/CTD-3080P12.3/EXOC3/EXOC3-AS1/HRAT5/LINC01511/LOC100506688/LOC100996325/LPCAT1/MIR4456/MIR4457/MIR4635/MIR6075/NKD2/PDCD6/PP7080/SDHA/SDHAP3/SLC12A7/SLC6A18/SLC6A19/SLC6A3/SLC9A3/SLC9A3-AS1/TERT/TPPP/TRIP13/ZDHHC11/ZDHHC11B	0	0	0	1
BS_ABZ3BK38	TERT	NA	NA	NA	NA	NA	NA	NA	NA	NA	NA	NA	NA	ADAMTS16/ADCY2/ANKRD33B/ATPSCKMT/BRD9/C5orf38/C5orf49/CCT5/CEP72/CLPTM1L/CMBL/CTD-2194D22.4/CTD-2297D10.2/CTD-3080P12.3/DAP/FASTKD3/ICE1/IRX1/IRX2/IRX4/LINC01017/LINC01018/LINC01019/LINC01020/LINC01377/LINC01511/LINC02102/LINC02112/LINC02114/LINC02116/LINC02121/LINC02123/LINC02145/LINC02162/LINC02199/LINC02212/LINC02213/LINC02221/LINC02226/LINC02236/LOC100506688/LOC100506858/LOC100996325/LOC105374620/LOC442132/LOC728613/LPCAT1/LSINCT5/MARCH6/MED10/MIR4277/MIR4278/MIR4454/MIR4457/MIR4458/MIR4458HG/MIR4635/MIR4636/MIR6075/MIR6131/MRPL36/MTRR/NDUFS6/NKD2/NSUN2/ROPN1L/ROPN1L-AS1/SDHAP3/SEMA5A/SEMA5A-AS1/SLC12A7/SLC6A18/SLC6A19/SLC6A3/SNHG18/SNORD123/SRD5A1/TAS2R1/TENT4A/TERT/TPPP/TRIP13/UBE2QL1/ZDHHC11/ZDHHC11B	0	0	1	0
BS_K049HVGR	TERT	NA	NA	NA	NA	NA	NA	NA	NA	NA	NA	NA	NA	AHRR/BRD9/CEP72/CLPTM1L/CTD-3080P12.3/EXOC3/EXOC3-AS1/HRAT5/LINC01511/LOC100506688/LOC100996325/LPCAT1/MIR4456/MIR4457/MIR4635/MIR6075/NKD2/PDCD6/PP7080/SDHA/SDHAP3/SLC12A7/SLC6A18/SLC6A19/SLC6A3/SLC9A3/SLC9A3-AS1/TERT/TPPP/TRIP13/ZDHHC11/ZDHHC11B	0	0	0	1
BS_P6NWC51S	TERT	NA	NA	NA	NA	NA	NA	NA	NA	NA	NA	NA	NA	AHRR/BRD9/CEP72/CLPTM1L/CTD-3080P12.3/EXOC3/EXOC3-AS1/HRAT5/LINC01511/LOC100506688/LOC100996325/LPCAT1/MIR4456/MIR4457/MIR4635/MIR6075/NKD2/PDCD6/PP7080/SLC12A7/SLC6A18/SLC6A19/SLC6A3/SLC9A3/SLC9A3-AS1/TERT/TPPP/TRIP13/ZDHHC11/ZDHHC11B	0	0	0	1
BS_VF099E8S	TERT	NA	NA	NA	NA	NA	NA	NA	NA	NA	NA	NA	NA	ACOT12/ACTBL2/ADAMTS12/ADAMTS16/ADAMTS6/ADCY2/ADGRV1/AGGF1/AGXT2/AHRR/AK6/AMACR/ANKDD1B/ANKH/ANKRA2/ANKRD31/ANKRD33B/ANKRD34B/ANKRD55/ANXA2R/AP3B1/AP3S1/APC/ARHGEF28/ARL14EPL/ARL15/ARRDC3/ARRDC3-AS1/ARSB/ARSK/ATG10/ATG12/ATP6AP1L/ATPSCKMT/BASP1/BASP1-AS1/BDP1/BHMT/BHMT2/BRD9/BRIX1/BTF3/C1QTNF3/C1QTNF3-AMACR/C5orf17/C5orf22/C5orf30/C5orf34/C5orf38/C5orf49/C5orf51/C5orf64/C5orf64-AS1/C5orf67/C6/C7/C9/CAMK4/CAPSL/CARD6/CARTPT/CAST/CCDC112/CCDC125/CCDC127/CCDC152/CCL28/CCNB1/CCNH/CCNO/CCT5/CD180/CDC20B/CDH10/CDH12/CDH18/CDH18-AS1/CDH6/CDH9/CDK7/CDO1/CENPH/CENPK/CEP120/CEP72/CETN3/CHD1/CKMT2/CKMT2-AS1/CLPTM1L/CMBL/CMYA5/COL4A3BP/COMMD10/COX7C/CPLANE1/CRHBP/CRSP8P/CSNK1G3/CTD-2194D22.4/CTD-2201I18.1/CTD-2297D10.2/CTD-2350J17.1/CTD-3080P12.3/CTNND2/CWC27/DAB2/DAP/DCP2/DDX4/DEPDC1B/DHFR/DHX29/DIMT1/DMGDH/DMXL1/DNAH5/DNAJC21/DROSHA/DTWD2/EDIL3/EFNA5/EGFLAM/EGFLAM-AS2/EGFLAM-AS4/ELL2/ELOVL7/EMB/ENC1/EPB41L4A/EPB41L4A-AS1/EPB41L4A-DT/ERAP1/ERAP2/ERBIN/ERCC8/ESM1/EXOC3/EXOC3-AS1/F2R/F2RL1/F2RL2/FAM151B/FAM169A/FAM170A/FAM172A/FAM174A/FAM81B/FASTKD3/FBXL17/FBXL7/FBXO4/FCHO2/FEM1C/FER/FGF10/FGF10-AS1/FLJ31104/FLJ32255/FOXD1/FST/FTMT/FYB1/GAPT/GCNT4/GDNF/GDNF-AS1/GFM2/GHR/GIN1/GLRX/GOLPH3/GPBP1/GPR150/GPX8/GTF2H2/GTF2H2B/GTF2H2C/GTF2H2C_2/GUSBP1/GUSBP3/GUSBP9/GZMA/GZMK/H3.Y/HAPLN1/HCN1/HEXB/HMGCR/HMGCS1/HOMER1/HRAT5/HSD17B4/HSPB3/HTR1A/ICE1/IL31RA/IL6ST/IL7R/IPO11/IPO11-LRRC70/IQGAP2/IRX1/IRX2/IRX4/ISL1/ITGA1/ITGA2/JMY/KCNN2/KIAA0825/KIF2A/LHFPL2/LIFR/LIFR-AS1/LINC00461/LINC00491/LINC00492/LINC00603/LINC00992/LINC01017/LINC01018/LINC01019/LINC01020/LINC01023/LINC01033/LINC01170/LINC01194/LINC01265/LINC01331/LINC01333/LINC01335/LINC01337/LINC01338/LINC01339/LINC01340/LINC01377/LINC01386/LINC01455/LINC01511/LINC01554/LINC01846/LINC01848/LINC01948/LINC01949/LINC01950/LINC01957/LINC02056/LINC02057/LINC02059/LINC02060/LINC02062/LINC02064/LINC02065/LINC02101/LINC02102/LINC02103/LINC02104/LINC02105/LINC02106/LINC02107/LINC02108/LINC02109/LINC02110/LINC02111/LINC02112/LINC02113/LINC02114/LINC02115/LINC02116/LINC02118/LINC02119/LINC02120/LINC02121/LINC02123/LINC02145/LINC02146/LINC02147/LINC02148/LINC02149/LINC02150/LINC02160/LINC02162/LINC02197/LINC02198/LINC02199/LINC02200/LINC02201/LINC02208/LINC02211/LINC02212/LINC02213/LINC02214/LINC02215/LINC02217/LINC02218/LINC02219/LINC02220/LINC02221/LINC02223/LINC02224/LINC02225/LINC02226/LINC02228/LINC02229/LINC02230/LINC02234/LINC02236/LINC02239/LINC02241/LINC02242/LINC02488/LINCADL/LINCR-0003/LIX1/LMBRD2/LNPEP/LOC100130744/LOC100132356/LOC100133050/LOC100289230/LOC100303749/LOC100505841/LOC100506406/LOC100506639/LOC100506688/LOC100506858/LOC100996325/LOC101926960/LOC101927023/LOC101927078/LOC101927100/LOC101927190/LOC101927357/LOC101928505/LOC101928651/LOC101928858/LOC101928924/LOC101929109/LOC101929154/LOC101929380/LOC101929524/LOC101929599/LOC101929645/LOC101929710/LOC102467080/LOC102467081/LOC102467216/LOC102467217/LOC102467226/LOC102503427/LOC102724720/LOC102724995/LOC105374620/LOC105374704/LOC105374727/LOC105378979/LOC105379030/LOC105379143/LOC105379152/LOC153684/LOC257396/LOC285638/LOC340090/LOC401176/LOC441081/LOC441086/LOC441087/LOC442132/LOC642366/LOC644285/LOC644936/LOC646652/LOC648987/LOC653080/LOC728613/LOC731157/LOX/LPCAT1/LRRC14B/LRRC70/LSINCT5/LSP1P3/LUCAT1/LVRN/LYSMD3/MAN2A1/MAP1B/MAP3K1/MARCH11/MARCH6/MARVELD2/MAST4/MAST4-AS1/MBLAC2/MCC/MCCC2/MCIDAS/MCTP1/MED10/MEF2C/MEF2C-AS1/MEF2C-AS2/MGC32805/MIER3/MIR1244-1/MIR1244-2/MIR1244-3/MIR1244-4/MIR2277/MIR3650/MIR3660/MIR3977/MIR4277/MIR4278/MIR4279/MIR4280/MIR4454/MIR4456/MIR4457/MIR4458/MIR4458HG/MIR449A/MIR449B/MIR449C/MIR4635/MIR4636/MIR4637/MIR4803/MIR4804/MIR548AE2/MIR548F3/MIR548P/MIR5687/MIR5706/MIR579/MIR580/MIR581/MIR582/MIR583/MIR6075/MIR6131/MIR887/MIR9-2/MOCS2/MROH2B/MRPL36/MRPS27/MRPS30/MRPS30-DT/MRPS36/MSH3/MTMR12/MTREX/MTRNR2L2/MTRR/MTX3/MYO10/NADK2/NAIP/NBPF22P/NCRUPAR/NDUFAF2/NDUFS4/NDUFS6/NIM1K/NIPBL/NIPBL-DT/NKD2/NLN/NNT/NNT-AS1/NPR3/NR2F1/NR2F1-AS1/NREP/NREP-AS1/NSA2/NSUN2/NUDT12/NUP155/OCLN/OCLNP1/OSMR/OSMR-AS1/OTP/OTULIN/OTULINL/OXCT1/OXCT1-AS1/PAIP1/PAM/PARP8/PART1/PCSK1/PDCD6/PDE4D/PDE8B/PDZD2/PELO/PGGT1B/PIK3R1/PJA2/PLCXD3/PLK2/PLPP1/PMCHL1/PMCHL2/POC5/POLK/POLR3G/POU5F2/PP7080/PPIC/PPIP5K2/PPWD1/PRDM6/PRDM9/PRKAA1/PRLR/PRR16/PTCD2/PTGER4/PURPL/RAB3C/RAB9BP1/RAD1/RAD17/RAI14/RANBP3L/RASA1/RASGRF2/RASGRF2-AS1/REEP5/RETREG1/RFESD/RGMB/RGMB-AS1/RGS7BP/RHOBTB3/RICTOR/RIOK2/RNF138P1/RNF180/ROPN1L/ROPN1L-AS1/RPL37/RPS23/RXFP3/S100Z/SCAMP1/SCAMP1-AS1/SCARNA18/SDHA/SDHAP3/SELENOP/SEMA5A/SEMA5A-AS1/SEMA6A/SEMA6A-AS1/SEMA6A-AS2/SERF1A/SERF1B/SERINC5/SETD9/SGTB/SHISAL2B/SHLD3/SKP2/SLC12A7/SLC1A3/SLC25A46/SLC30A5/SLC38A9/SLC45A2/SLC6A18/SLC6A19/SLC6A3/SLC9A3/SLC9A3-AS1/SLCO4C1/SLCO6A1/SLF1/SMA4/SMA5/SMIM15/SMIM15-AS1/SMN1/SMN2/SNCAIP/SNHG18/SNORA105A/SNORA105B/SNORA13/SNORA47/SNORA50D/SNORD123/SNORD138/SNORD13B-1/SNORD13B-2/SNORD141A/SNORD141B/SNORD170/SNORD72/SNX18/SNX2/SNX24/SPATA9/SPEF2/SPZ1/SRD5A1/SREK1/SREK1IP1/SRFBP1/SRP19/SSBP2/ST8SIA4/STARD4/STARD4-AS1/SUB1/SV2C/TAF9/TARS/TAS2R1/TBCA/TENT2/TENT4A/TERT/THBS4/TICAM2/TMED7/TMED7-TICAM2/TMEM161B/TMEM161B-AS1/TMEM167A/TMEM171/TMEM174/TMEM232/TMEM267/TNFAIP8/TNPO1/TPPP/TRAPPC13/TRIM23/TRIM36/TRIO/TRIP13/TSLP/TSSK1B/TTC23L/TTC33/TTC37/UBE2QL1/UGT3A1/UGT3A2/UTP15/VCAN/VCAN-AS1/WDR36/WDR41/WDR70/XRCC4/YTHDC2/ZBED3/ZBED3-AS1/ZCCHC9/ZDHHC11/ZDHHC11B/ZFR/ZFYVE16/ZNF131/ZNF366/ZNF474/ZNF622/ZSWIM6	0	0	1	0
BS_VF099E8S	TERT	NA	NA	NA	NA	NA	NA	NA	NA	NA	NA	NA	NA	ACOT12/ACTBL2/ADAMTS12/ADAMTS16/ADAMTS6/ADCY2/ADGRV1/AGGF1/AGXT2/AK6/ALDH7A1/AMACR/ANKDD1B/ANKH/ANKRA2/ANKRD31/ANKRD33B/ANKRD34B/ANKRD55/ANXA2R/AP3B1/AP3S1/APC/ARHGEF28/ARL14EPL/ARL15/ARRDC3/ARRDC3-AS1/ARSB/ARSK/ATG10/ATG12/ATP6AP1L/ATPSCKMT/BASP1/BASP1-AS1/BDP1/BHMT/BHMT2/BRD9/BRIX1/BTF3/C1QTNF3/C1QTNF3-AMACR/C5orf17/C5orf22/C5orf30/C5orf34/C5orf38/C5orf49/C5orf51/C5orf64/C5orf64-AS1/C5orf67/C6/C7/C9/CAMK4/CAPSL/CARD6/CARTPT/CAST/CCDC112/CCDC125/CCDC152/CCL28/CCNB1/CCNH/CCNO/CCT5/CD180/CDC20B/CDH10/CDH12/CDH18/CDH18-AS1/CDH6/CDH9/CDK7/CDO1/CENPH/CENPK/CEP120/CEP72/CETN3/CHD1/CKMT2/CKMT2-AS1/CLPTM1L/CMBL/CMYA5/COL4A3BP/COMMD10/COX7C/CPLANE1/CRHBP/CRSP8P/CSNK1G3/CTD-2194D22.4/CTD-2201I18.1/CTD-2297D10.2/CTD-2350J17.1/CTD-3080P12.3/CTNND2/CWC27/DAB2/DAP/DCP2/DDX4/DEPDC1B/DHFR/DHX29/DIMT1/DMGDH/DMXL1/DNAH5/DNAJC21/DROSHA/DTWD2/EDIL3/EFNA5/EGFLAM/EGFLAM-AS2/EGFLAM-AS4/ELL2/ELOVL7/EMB/ENC1/EPB41L4A/EPB41L4A-AS1/EPB41L4A-DT/ERAP1/ERAP2/ERBIN/ERCC8/ESM1/F2R/F2RL1/F2RL2/FAM151B/FAM169A/FAM170A/FAM172A/FAM174A/FAM81B/FASTKD3/FBXL17/FBXL7/FBXO4/FCHO2/FEM1C/FER/FGF10/FGF10-AS1/FLJ31104/FLJ32255/FOXD1/FST/FTMT/FYB1/GAPT/GCNT4/GDNF/GDNF-AS1/GFM2/GHR/GIN1/GLRX/GOLPH3/GPBP1/GPR150/GPX8/GRAMD2B/GTF2H2/GTF2H2B/GTF2H2C/GTF2H2C_2/GUSBP1/GUSBP3/GUSBP9/GZMA/GZMK/H3.Y/HAPLN1/HCN1/HEXB/HMGCR/HMGCS1/HOMER1/HSD17B4/HSPB3/HTR1A/ICE1/IL31RA/IL6ST/IL7R/IPO11/IPO11-LRRC70/IQGAP2/IRX1/IRX2/IRX4/ISL1/ITGA1/ITGA2/JMY/KCNN2/KIAA0825/KIF2A/LHFPL2/LIFR/LIFR-AS1/LINC00461/LINC00491/LINC00492/LINC00603/LINC00992/LINC01017/LINC01018/LINC01019/LINC01020/LINC01023/LINC01033/LINC01170/LINC01194/LINC01265/LINC01331/LINC01333/LINC01335/LINC01337/LINC01338/LINC01339/LINC01340/LINC01377/LINC01386/LINC01455/LINC01511/LINC01554/LINC01846/LINC01848/LINC01948/LINC01949/LINC01950/LINC01957/LINC02039/LINC02056/LINC02057/LINC02059/LINC02060/LINC02062/LINC02064/LINC02065/LINC02101/LINC02102/LINC02103/LINC02104/LINC02105/LINC02106/LINC02107/LINC02108/LINC02109/LINC02110/LINC02111/LINC02112/LINC02113/LINC02114/LINC02115/LINC02116/LINC02118/LINC02119/LINC02120/LINC02121/LINC02123/LINC02145/LINC02146/LINC02147/LINC02148/LINC02149/LINC02150/LINC02160/LINC02162/LINC02197/LINC02198/LINC02199/LINC02200/LINC02201/LINC02208/LINC02211/LINC02212/LINC02213/LINC02214/LINC02215/LINC02217/LINC02218/LINC02219/LINC02220/LINC02221/LINC02223/LINC02224/LINC02225/LINC02226/LINC02228/LINC02229/LINC02230/LINC02234/LINC02236/LINC02239/LINC02240/LINC02241/LINC02242/LINC02488/LINCADL/LINCR-0003/LIX1/LMBRD2/LMNB1/LMNB1-DT/LNPEP/LOC100130744/LOC100132356/LOC100133050/LOC100289230/LOC100303749/LOC100505841/LOC100506406/LOC100506639/LOC100506688/LOC100506858/LOC100996325/LOC101926960/LOC101927023/LOC101927078/LOC101927100/LOC101927190/LOC101927357/LOC101927421/LOC101927488/LOC101928505/LOC101928651/LOC101928858/LOC101928924/LOC101929109/LOC101929154/LOC101929380/LOC101929524/LOC101929599/LOC101929645/LOC101929710/LOC102467080/LOC102467081/LOC102467216/LOC102467217/LOC102467226/LOC102503427/LOC102724720/LOC102724995/LOC105374620/LOC105374704/LOC105374727/LOC105378979/LOC105379030/LOC105379143/LOC105379152/LOC153684/LOC257396/LOC285638/LOC340090/LOC401176/LOC441081/LOC441086/LOC441087/LOC442132/LOC642366/LOC644285/LOC644936/LOC646652/LOC648987/LOC653080/LOC728613/LOC731157/LOX/LPCAT1/LRRC70/LSINCT5/LSP1P3/LUCAT1/LVRN/LYSMD3/MAN2A1/MAP1B/MAP3K1/MARCH11/MARCH6/MARVELD2/MAST4/MAST4-AS1/MBLAC2/MCC/MCCC2/MCIDAS/MCTP1/MED10/MEF2C/MEF2C-AS1/MEF2C-AS2/MGC32805/MIER3/MIR1244-1/MIR1244-2/MIR1244-3/MIR1244-4/MIR2277/MIR3650/MIR3660/MIR3977/MIR4277/MIR4278/MIR4279/MIR4280/MIR4454/MIR4456/MIR4457/MIR4458/MIR4458HG/MIR449A/MIR449B/MIR449C/MIR4635/MIR4636/MIR4637/MIR4803/MIR4804/MIR548AE2/MIR548F3/MIR548P/MIR5687/MIR5706/MIR579/MIR580/MIR581/MIR582/MIR583/MIR6075/MIR6131/MIR887/MIR9-2/MOCS2/MROH2B/MRPL36/MRPS27/MRPS30/MRPS30-DT/MRPS36/MSH3/MTMR12/MTREX/MTRNR2L2/MTRR/MTX3/MYO10/NADK2/NAIP/NBPF22P/NCRUPAR/NDUFAF2/NDUFS4/NDUFS6/NIM1K/NIPBL/NIPBL-DT/NKD2/NLN/NNT/NNT-AS1/NPR3/NR2F1/NR2F1-AS1/NREP/NREP-AS1/NSA2/NSUN2/NUDT12/NUP155/OCLN/OCLNP1/OSMR/OSMR-AS1/OTP/OTULIN/OTULINL/OXCT1/OXCT1-AS1/PAIP1/PAM/PARP8/PART1/PCSK1/PDE4D/PDE8B/PDZD2/PELO/PGGT1B/PHAX/PIK3R1/PJA2/PLCXD3/PLK2/PLPP1/PMCHL1/PMCHL2/POC5/POLK/POLR3G/POU5F2/PPIC/PPIP5K2/PPWD1/PRDM6/PRDM9/PRKAA1/PRLR/PRR16/PTCD2/PTGER4/PURPL/RAB3C/RAB9BP1/RAD1/RAD17/RAI14/RANBP3L/RASA1/RASGRF2/RASGRF2-AS1/REEP5/RETREG1/RFESD/RGMB/RGMB-AS1/RGS7BP/RHOBTB3/RICTOR/RIOK2/RNF138P1/RNF180/ROPN1L/ROPN1L-AS1/RPL37/RPS23/RXFP3/S100Z/SCAMP1/SCAMP1-AS1/SCARNA18/SDHAP3/SELENOP/SEMA5A/SEMA5A-AS1/SEMA6A/SEMA6A-AS1/SEMA6A-AS2/SERF1A/SERF1B/SERINC5/SETD9/SGTB/SHISAL2B/SHLD3/SKP2/SLC12A7/SLC1A3/SLC25A46/SLC30A5/SLC38A9/SLC45A2/SLC6A18/SLC6A19/SLC6A3/SLC9A3/SLCO4C1/SLCO6A1/SLF1/SMA4/SMA5/SMIM15/SMIM15-AS1/SMN1/SMN2/SNCAIP/SNHG18/SNORA105A/SNORA105B/SNORA13/SNORA47/SNORA50D/SNORD123/SNORD138/SNORD13B-1/SNORD13B-2/SNORD141A/SNORD141B/SNORD170/SNORD72/SNX18/SNX2/SNX24/SPATA9/SPEF2/SPZ1/SRD5A1/SREK1/SREK1IP1/SRFBP1/SRP19/SSBP2/ST8SIA4/STARD4/STARD4-AS1/SUB1/SV2C/TAF9/TARS/TAS2R1/TBCA/TENT2/TENT4A/TERT/TEX43/THBS4/TICAM2/TMED7/TMED7-TICAM2/TMEM161B/TMEM161B-AS1/TMEM167A/TMEM171/TMEM174/TMEM232/TMEM267/TNFAIP8/TNPO1/TPPP/TRAPPC13/TRIM23/TRIM36/TRIO/TRIP13/TSLP/TSSK1B/TTC23L/TTC33/TTC37/UBE2QL1/UGT3A1/UGT3A2/UTP15/VCAN/VCAN-AS1/WDR36/WDR41/WDR70/XRCC4/YTHDC2/ZBED3/ZBED3-AS1/ZCCHC9/ZDHHC11/ZDHHC11B/ZFR/ZFYVE16/ZNF131/ZNF366/ZNF474/ZNF608/ZNF622/ZSWIM6	0	0	0	1
