Kids_First_Biospecimen_ID	Kids_First_Participant_ID	sample_id	parent_aliquot_id	Hugo_Symbol	ATRX_MOD_HIGH_mut_strelka2	ATRX_MOD_HIGH_mut_mutect2	ATRX_MOD_HIGH_mut_consensus	ATRX_gain_consensus	ATRX_loss_consensus	ATRX_gain_cnvkit	ATRX_loss_cnvkit	ATRX_gain_controlfreec	ATRX_loss_controlfreec	ATRX_BND_manta	ATRX_DEL_manta	ATRX_DUP_manta	INS	ATRX_INV_manta
BS_WJ7GMQTF	PT_FC0EF5ZT	7316-3572	7316-3572-T-580484.WGS	ATRX	NA	NA	NA	NA	NA	0	1	NA	NA	88	55	15	0	18
BS_FWP8ZA4K	PT_KZ56XHJT	A08732	A08732-T.WXS	ATRX	p.L563*	NA	NA	NA	NA	NA	NA	NA	NA	NA	NA	NA	NA	NA
BS_V8G6BZRR	PT_8GW4J4TD	7316-3630	7316-3630-T-584852.WGS	ATRX	NA	NA	NA	NA	NA	0	1	NA	NA	158	25	22	3	15
BS_18NCV5QZ	PT_JEW5HG4W	7316-1703	7316-1703-T-362622.WGS	ATRX	NA	NA	NA	NA	NA	0	1	NA	NA	206	39	27	1	38
BS_JE1DF581	PT_ZZRBX5JT	7316-2661	7316-2661-T-479125.WGS	ATRX	NA	NA	NA	NA	NA	NA	NA	NA	NA	28	14	5	1	9
BS_6Q9PMNWY	PT_KXB1PJV0	7316-206	7316-206-T-212179.WGS	ATRX	NA	NA	NA	NA	NA	0	1	NA	NA	68	8	5	0	2
BS_KSHETTQC	PT_VAJN5QP8	7316-2176	7316-2176-T-425778.WGS	ATRX	NA	NA	NA	0	1	0	1	1	0	188	34	23	0	20
BS_QE5B0T7R	PT_H0HWHRPB	7316-1679	7316-1679-T-361343.WGS	ATRX	NA	NA	NA	0	1	0	1	0	1	198	88	17	0	22
BS_W23ERYW3	PT_TV5DYHNC	7316-1073	7316-1073-T-353340.WGS	ATRX	NA	NA	NA	NA	NA	0	1	NA	NA	442	45	14	0	34
BS_9YPJANGX	PT_CWA1405H	7316-2252	7316-2252-T-435201.WGS	ATRX	NA	NA	NA	NA	NA	NA	NA	NA	NA	122	48	17	0	12
BS_QZT3SPY7	PT_26V72ZXB	7316-3576	7316-3576-T-580540.WGS	ATRX	NA	NA	NA	NA	NA	0	1	NA	NA	211	38	43	2	46
BS_M18CDDGK	PT_NSXP8AWV	7316-94	7316-94-T-65307.WGS	ATRX	NA	NA	NA	NA	NA	NA	NA	NA	NA	324	48	45	0	28
BS_8S2CZBA6	PT_S2SQJVGK	7316-344	7316-344-T-242392.WGS	ATRX	NA	NA	NA	NA	NA	0	1	1	0	162	68	19	0	21
BS_8WJR4AA3	PT_WG2Z95B5	7316-2141	7316-2141-T-446716.WGS	ATRX	NA	NA	NA	NA	NA	0	1	NA	NA	96	28	10	0	11
BS_6XP91JM2	PT_DEYCW197	7316-175	7316-175-T-168637.WGS	ATRX	NA	NA	NA	NA	NA	0	1	NA	NA	100	28	21	0	14
BS_7M5272WN	PT_5VAKED5F	7316-2689	7316-2689-T-485705.WGS	ATRX	NA	NA	NA	0	1	0	1	0	1	122	45	20	0	16
BS_CSY11X7E	PT_EGGY1XC0	7316-2865	7316-2865-T-513937.WGS	ATRX	NA	NA	NA	NA	NA	NA	NA	NA	NA	120	48	23	0	13
BS_PMSZKZP7	PT_DQ3ZCHB6	7316-2195	7316-2195-T-426065.WGS	ATRX	NA	NA	NA	NA	NA	0	1	NA	NA	206	55	30	2	16
BS_682Z7WH6	PT_M9XXJ4GR	7316-3222	7316-3222-T-A09576.WGS	ATRX	p.K1357Dfs*4	p.K1357Dfs*4	p.K1357Dfs*4	NA	NA	0	1	1	0	164	42	28	1	36
BS_T99M7842	PT_MA0J8DSN	7316-39	7316-39-T-34216.WGS	ATRX	NA	NA	NA	NA	NA	0	1	NA	NA	108	61	16	1	16
BS_2RJN5Z4W	PT_ZVV78QP5	7316-117	7316-117-T-108479.WGS	ATRX	NA	NA	NA	NA	NA	0	1	NA	NA	114	18	15	0	7
BS_2Z9JQDPV	PT_CAYBADQC	7316-2641	7316-2641-T-475123.WGS	ATRX	NA	NA	NA	NA	NA	0	1	NA	NA	240	59	31	0	36
BS_VPJ9CARN	PT_AC5SD9AC	7316-2291	7316-2291-T-447766.WGS	ATRX	NA	NA	NA	NA	NA	0	1	NA	NA	100	11	16	0	20
BS_ZHJFX6C9	PT_DEDRCQWH	7316-398	7316-398-T-290417.WGS	ATRX	NA	NA	NA	NA	NA	NA	NA	NA	NA	96	17	20	1	11
BS_85Y70BHE	PT_124TTG01	7316-1960	7316-1960-T-389473.WGS	ATRX	NA	NA	NA	NA	NA	0	1	0	1	152	28	12	0	20
BS_SE82EQF8	PT_TD6ST5MG	7316-235	7316-235-T-232061.WGS	ATRX	NA	NA	NA	NA	NA	0	1	NA	NA	136	94	20	0	22
BS_C3X4AEK5	PT_9YNQJZ5G	7316-1941	7316-1941-T-389189.WGS	ATRX	NA	NA	NA	NA	NA	NA	NA	NA	NA	158	31	20	1	22
BS_YZ0P5E8H	PT_JCECCFPB	7316-479	7316-479-T-347665.WGS	ATRX	NA	NA	NA	NA	NA	0	1	NA	NA	629	103	29	0	50
BS_41TD9XET	PT_JQ45JK94	7316-222	7316-222-T-225384.WGS	ATRX	NA	NA	NA	NA	NA	0	1	NA	NA	144	45	18	0	21
BS_Z5D6G1S6	PT_39HBKSGG	7316-908	7316-908-T-345382.WGS	ATRX	NA	NA	NA	NA	NA	0	1	NA	NA	497	51	38	2	61
BS_F064HMTP	PT_387VK1T9	7316-3625	7316-3625-T-584791.WGS	ATRX	NA	NA	NA	NA	NA	NA	NA	NA	NA	154	46	26	0	10
BS_M8EBKZDG	PT_6MWPJ96F	7316-1928	7316-1928-T-384021.WGS	ATRX	NA	NA	NA	NA	NA	NA	NA	NA	NA	64	41	9	1	11
BS_Y4ZX0YX7	PT_DA2TJAV1	7316-482	7316-482-T-323958.WGS	ATRX	NA	NA	NA	NA	NA	0	1	NA	NA	64	10	15	1	12
BS_MEPW36WF	PT_RJ98S3KZ	7316-556	7316-556-T-332485.WGS	ATRX	NA	NA	NA	NA	NA	0	1	NA	NA	170	102	25	0	25
BS_W8DA9AXT	PT_E3Y5BBSF	7316-3071	7316-3071-T-549122.WGS	ATRX	NA	NA	NA	NA	NA	NA	NA	NA	NA	166	38	27	1	17
BS_02W5H7K5	PT_J06X17XH	7316-1649	7316-1649-T-360895.WGS	ATRX	NA	NA	NA	NA	NA	0	1	NA	NA	122	30	74	0	21
BS_M659G06J	PT_VAJN5QP8	7316-2176	7316-2176-T-425785.WGS	ATRX	NA	NA	NA	NA	NA	NA	NA	NA	NA	68	18	10	1	22
BS_AG0BZN6F	PT_HT4HJXY6	7316-2961	7316-2961-T-534961.WGS	ATRX	NA	NA	NA	NA	NA	NA	NA	NA	NA	86	81	12	0	12
BS_00TRPEQX	PT_MDWPRDBT	7316-2660	7316-2660-T-479108.WGS	ATRX	NA	NA	NA	NA	NA	0	1	NA	NA	532	60	39	0	44
BS_AVS4DSZW	PT_N9W4GT6D	7316-174	7316-174-T-168206.WGS	ATRX	NA	NA	NA	NA	NA	1	0	1	0	186	37	17	0	18
BS_DVDT4VXQ	PT_KZ56XHJT	7316-3234	7316-3234-T-SF10423.WGS	ATRX	NA	NA	NA	NA	NA	NA	NA	NA	NA	138	104	14	0	12
BS_EJ1H9PZY	PT_DNAJYFZT	7316-4035	7316-4035-T-649598.WGS	ATRX	NA	NA	NA	NA	NA	0	1	NA	NA	268	140	27	2	58
BS_MGY2V5N4	PT_Z7YJ7MSM	7316-2864	7316-2864-T-513926.WGS	ATRX	NA	NA	NA	NA	NA	0	1	1	0	194	30	34	0	18
BS_7XZNDFV4	PT_T2M1338J	7316-2588	7316-2588-T-463738.WGS	ATRX	NA	NA	NA	NA	NA	0	1	NA	NA	186	33	20	1	47
BS_6JBE0947	PT_NK8A49X5	7316-4448	7316-4448-T-SF10864.WGS	ATRX	p.W2001*	p.W2001*	p.W2001*	NA	NA	0	1	NA	NA	136	32	22	1	59
BS_CRKBDAYZ	PT_S4YNE17X	7316-4341	7316-4341-T-682315.WGS	ATRX	NA	NA	NA	NA	NA	NA	NA	NA	NA	144	19	26	2	15
BS_P7CY04E7	PT_RRG1V7EP	7316-820	7316-820-T-358442.WGS	ATRX	NA	NA	NA	NA	NA	0	1	NA	NA	130	17	15	0	12
BS_R6CKWZW6	PT_M9XXJ4GR	7316-3222	7316-3222-T-A09577.WGS	ATRX	p.K1357Dfs*4	p.K1357Dfs*4	p.K1357Dfs*4	NA	NA	0	1	1	0	160	61	27	0	35
BS_MT5ZSRG4	PT_ZR8MQRVG	7316-346	7316-346-T-242416.WGS	ATRX	NA	NA	NA	NA	NA	NA	NA	NA	NA	122	34	18	0	9
BS_JK5GTHVG	PT_G1QNGVCZ	7316-1118	7316-1118-T-354015.WGS	ATRX	NA	NA	NA	0	1	0	1	0	1	218	74	30	0	20
BS_HZHEF797	PT_7KBMN6C2	7316-553	7316-553-T-332440.WGS	ATRX	NA	NA	NA	NA	NA	0	1	0	1	196	62	35	1	21
BS_T7WMJ08W	PT_40HTPY49	7316-466	7316-466-T-323675.WGS	ATRX	NA	NA	NA	0	1	0	1	0	1	22	25	14	1	10
BS_AWDQEKK1	PT_M2J30CF7	7316-1747	7316-1747-T-365627.WGS	ATRX	NA	NA	NA	NA	NA	NA	NA	NA	NA	121	19	19	1	9
BS_QG6V29H7	PT_59D00MBQ	7316-1936	7316-1936-T-386237.WGS	ATRX	p.R1742G	p.R1742G	p.R1742G	NA	NA	0	1	NA	NA	222	43	21	1	39
BS_5ZRZC3ZM	PT_WKNKNYHH	7316-1107	7316-1107-T-353850.WGS	ATRX	NA	NA	NA	NA	NA	0	1	NA	NA	84	68	13	2	16
BS_BM95DGCQ	PT_SCBMTG0S	7316-2175	7316-2175-T-425764.WGS	ATRX	NA	NA	NA	NA	NA	0	1	NA	NA	72	128	4	0	5
BS_VK46N40F	PT_QZN7FZER	7316-2757	7316-2757-T-508192.WGS	ATRX	NA	NA	NA	NA	NA	0	1	NA	NA	52	138	9	0	8
BS_0SFXXBQ5	PT_NEB4WEAT	7316-3020	7316-3020-T-541133.WGS	ATRX	NA	NA	NA	NA	NA	0	1	NA	NA	156	41	59	0	16
BS_XMNBSBGN	PT_H876VB6R	7316-1806	7316-1806-T-366727.WGS	ATRX	NA	NA	NA	NA	NA	NA	NA	NA	NA	148	25	19	1	10
BS_RGSJMSRE	PT_RMK36R2E	7316-2275	7316-2275-T-445164.WGS	ATRX	NA	NA	NA	NA	NA	0	1	NA	NA	350	56	55	3	37
BS_VA07453Z	PT_GHHY5AAE	7316-741	7316-741-T-341931.WGS	ATRX	NA	NA	NA	NA	NA	0	1	NA	NA	116	16	23	0	21
BS_W5P7SPDH	PT_NPETR8RY	7316-160	7316-160-T-151455.WGS	ATRX	NA	NA	NA	0	1	0	1	0	1	128	10	18	0	7
BS_83MSWR59	PT_99S5BPE3	7316-292	7316-292-T-458270.WGS	ATRX	NA	NA	NA	NA	NA	0	1	NA	NA	202	59	36	0	43
BS_KJQXZ8GK	PT_FF0MSK4D	7316-2987	7316-2987-T-534987.WGS	ATRX	NA	NA	NA	NA	NA	NA	NA	NA	NA	208	43	37	0	19
BS_Y0DGBKTY	PT_7P6J57H3	A12911	A12911-T.WXS	NA	NA	NA	NA	NA	NA	NA	NA	NA	NA	NA	NA	NA	NA	NA
BS_AJAH8KG5	PT_N8W26H19	7316-177	7316-177-T.WGS	ATRX	NA	NA	NA	NA	NA	NA	NA	NA	NA	1122	79	38	0	95
BS_KYPMZZSY	PT_1DSX4VJM	7316-1708	7316-1708-T-362697.WGS	ATRX	NA	NA	NA	NA	NA	0	1	1	2	178	52	39	0	42
BS_Q9NHTR7G	PT_NBSRQAMS	7316-1079	7316-1079-T-353429.WGS	ATRX	NA	NA	NA	NA	NA	0	1	NA	NA	86	37	13	0	18
BS_HC4T1EEP	PT_WYVMWYVA	7316-257	7316-257-T-232326.WGS	ATRX	NA	NA	NA	NA	NA	0	1	NA	NA	561	92	81	2	33
BS_JRFVST47	PT_9GKVQ9QS	7316-3213	7316-3213-T-A05262.WGS	ATRX	NA	NA	NA	NA	NA	0	1	NA	NA	252	68	37	0	86
BS_5WK2KXYW	PT_E6FTW238	7316-3890	7316-3890-T-608200.WGS	ATRX	NA	NA	NA	NA	NA	0	1	NA	NA	260	54	48	1	30
BS_QMHND3QK	PT_ND34A6PR	7316-122	7316-122-T-110806.WGS	ATRX	NA	NA	NA	NA	NA	0	1	NA	NA	200	108	20	2	32
BS_BMHYK93N	PT_X0FPPTMT	7316-280	7316-280-T-232846.WGS	ATRX	NA	NA	NA	NA	NA	NA	NA	NA	NA	452	62	65	1	46
BS_1Q524P3B	PT_KZ56XHJT	7316-3231	7316-3231-T-SF5599-4.WGS	ATRX	NA	NA	NA	NA	NA	0	1	NA	NA	200	44	17	2	38
BS_MAVSJH2Y	PT_JN3EN2HR	7316-2267	7316-2267-T-445060.WGS	ATRX	NA	NA	NA	NA	NA	0	1	NA	NA	284	55	65	0	30
BS_4P25NNZD	PT_50ZFWMZE	7316-1942	7316-1942-T-389204.WGS	ATRX	NA	NA	NA	0	1	0	1	0	1	84	67	35	0	16
BS_T5T21G7N	PT_KMHGNCNR	7316-944	7316-944-T-345996.WGS	ATRX	NA	NA	NA	NA	NA	0	1	NA	NA	311	65	37	0	42
BS_CPYV7AHD	PT_41QYPSGV	7316-884	7316-884-T-344976.WGS	ATRX	NA	NA	NA	NA	NA	0	1	NA	NA	68	24	15	1	9
BS_80X7AVCP	PT_FMK5VFYW	7316-950	7316-950-T-346096.WGS	ATRX	NA	NA	NA	NA	NA	NA	NA	NA	NA	84	45	5	2	18
BS_AYPBAHJ6	PT_Y5KY6KN9	7316-195	7316-195-T-202630.WGS	ATRX	NA	NA	NA	NA	NA	0	1	NA	NA	532	146	135	2	268
BS_5R0HHQ1Y	PT_3MNY9BRY	7316-2583	7316-2583-T-463662.WGS	ATRX	NA	NA	NA	NA	NA	0	1	NA	NA	100	17	12	0	6
BS_1GK2EMFY	PT_W3FSA7NH	7316-3522	7316-3522-T-576658.WGS	ATRX	NA	NA	NA	NA	NA	NA	NA	NA	NA	110	22	51	1	8
BS_D3XVXF05	PT_S4YNE17X	7316-377	7316-377-T-242804.WGS	ATRX	NA	NA	NA	NA	NA	NA	NA	NA	NA	104	43	14	1	7
BS_1RF75MK2	PT_7F485CXV	7316-1114	7316-1114-T-353956.WGS	ATRX	NA	NA	NA	NA	NA	NA	NA	NA	NA	160	37	21	0	12
BS_154FP4ZQ	PT_NGDW8WVP	7316-1704	7316-1704-T-362637.WGS	ATRX	NA	NA	NA	NA	NA	0	1	NA	NA	95	24	9	0	15
BS_P6NWC51S	PT_ZS2YDFBE	7316-2860	7316-2860-T-513878.WGS	ATRX	NA	NA	NA	NA	NA	1	0	NA	NA	474	81	77	1	47
BS_P8WN8XEQ	PT_X71D7G5S	7316-1105	7316-1105-T-353821.WGS	ATRX	p.L413Kfs*20	p.L413Kfs*20	p.L413Kfs*20	NA	NA	0	1	1	0	224	50	27	1	50
BS_VHD4ARSG	PT_4XWYZYJS	7316-474	7316-474-T-323809.WGS	ATRX	NA	NA	NA	0	1	0	1	0	1	124	110	11	0	11
BS_06GEF6DB	PT_TKWTTRQ7	7316-2971	7316-2971-T-534971.WGS	ATRX	NA	NA	NA	NA	NA	0	1	NA	NA	128	24	18	1	19
BS_3JE2T7AR	PT_04YTK82N	7316-746	7316-746-T-342004.WGS	ATRX	NA	NA	NA	NA	NA	0	1	NA	NA	171	77	30	0	14
BS_VTTTQYQA	PT_5FR2YA6E	7316-109	7316-109-T-104702.WGS	ATRX	NA	NA	NA	NA	NA	0	1	NA	NA	284	29	30	0	50
BS_B4DY7ET3	PT_W17NV5YG	7316-2106	7316-2106-T-407879.WGS	ATRX	NA	NA	NA	NA	NA	NA	NA	NA	NA	86	31	14	1	15
BS_9E6Q11G2	PT_EYZ25B99	7316-470	7316-470-T-323744.WGS	ATRX	NA	NA	NA	NA	NA	0	1	NA	NA	136	55	15	0	17
BS_J8EK6RNF	PT_KBFM551M	7316-3237	7316-3237-T.WGS	ATRX	NA	NA	NA	NA	NA	0	1	NA	NA	158	48	11	1	34
BS_AFAHY6HP	PT_PSX2CSYX	7316-46	7316-46-T-37177.WGS	ATRX	NA	NA	NA	NA	NA	0	1	NA	NA	15146	147	14	0	703
BS_M1TDS9CT	PT_90W4HCNR	7316-2672	7316-2672-T-485484.WGS	ATRX	NA	NA	NA	NA	NA	0	1	1	0	137	19	18	5	20
BS_MFTAVQ5C	PT_T4VKB29K	7316-2125	7316-2125-T-408126.WGS	ATRX	NA	NA	NA	NA	NA	NA	NA	NA	NA	94	47	10	1	7
BS_6X3Z0AVR	PT_VGXHFMND	7316-1643	7316-1643-T-360803.WGS	ATRX	NA	NA	NA	NA	NA	NA	NA	NA	NA	96	24	12	1	12
BS_MBYEK6HV	PT_N8W26H19	7316-3061	7316-3061-T-548439.WGS	ATRX	NA	NA	NA	NA	NA	NA	NA	NA	NA	122	42	14	2	9
BS_R1ZBTEAG	PT_ATS9XDJ5	7316-2159	7316-2159-T-434270.WGS	ATRX	NA	NA	NA	NA	NA	NA	NA	NA	NA	158	22	19	1	24
BS_859AV1DB	PT_3KM9W8S8	7316-1771	7316-1771-T-366034.WGS	ATRX	NA	NA	NA	NA	NA	0	1	NA	NA	394	42	26	0	36
BS_VQEPFE1P	PT_0RN3VSXZ	7316-3073	7316-3073-T-549145.WGS	ATRX	NA	NA	NA	NA	NA	NA	NA	NA	NA	158	332	28	1	28
BS_3AERRZQT	PT_CK41DW03	7316-329	7316-329-T-234369.WGS	ATRX	NA	NA	NA	NA	NA	0	1	NA	NA	94	65	13	0	9
BS_D368BNRD	PT_MDWPRDBT	7316-2146	7316-2146-T-409210.WGS	ATRX	NA	NA	NA	NA	NA	NA	NA	NA	NA	492	25	25	1	33
BS_NCGGFG6H	PT_3T3VGWC6	7316-3923	7316-3923-T-609299.WGS	ATRX	NA	NA	NA	NA	NA	NA	NA	NA	NA	224	75	23	2	52
BS_XEVMEYFS	PT_7TRGHZBK	7316-431	7316-431-T-312975.WGS	ATRX	NA	NA	NA	NA	NA	1	0	1	0	38	29	12	0	17
BS_ZJSMC22A	PT_TGTJECMR	7316-2647	7316-2647-T-478915.WGS	ATRX	NA	NA	NA	NA	NA	0	1	NA	NA	144	29	30	0	13
BS_K6A9Z04J	PT_S4H6KA09	7316-2134	7316-2134-T-408244.WGS	ATRX	NA	NA	NA	NA	NA	0	1	NA	NA	246	25	49	1	45
BS_AQQY8HMR	PT_2BTC5TEN	7316-2183	7316-2183-T-425884.WGS	ATRX	NA	NA	NA	NA	NA	NA	NA	NA	NA	138	11	17	0	10
BS_WCNPE0AC	PT_FYECBRPP	7316-1778	7316-1778-T-366153.WGS	ATRX	NA	NA	NA	NA	NA	0	1	NA	NA	236	38	26	0	23
BS_WQ19Z6MD	PT_FXPJM0MW	7316-207	7316-207-T-212603.WGS	ATRX	NA	NA	NA	NA	NA	NA	NA	NA	NA	216	256	197	0	542
BS_G16NM5WJ	PT_7E3V3JFX	7316-506	7316-506-T-331345.WGS	ATRX	NA	NA	NA	NA	NA	NA	NA	NA	NA	132	55	22	0	17
BS_PVYMDM18	PT_KN25EYMG	7316-2309	7316-2309-T-458812.WGS	ATRX	NA	NA	NA	NA	NA	NA	NA	NA	NA	122	12	12	0	9
BS_5TT6TT4K	PT_02J5CWN5	7316-898	7316-898-T-345214.WGS	ATRX	NA	NA	NA	0	1	0	1	0	1	138	28	17	4	18
BS_2E81A3FT	PT_ZZWYKZZ8	7316-2758	7316-2758-T-532832.WGS	ATRX	NA	NA	NA	NA	NA	0	1	NA	NA	192	62	40	4	28
BS_NHMPQ8Q1	PT_FZHGKJ0H	7316-4033	7316-4033-T-649574.WGS	ATRX	NA	NA	NA	NA	NA	NA	NA	NA	NA	150	32	15	0	17
BS_8W0FNBWF	PT_JYZA0PNV	7316-437	7316-437-T-313099.WGS	ATRX	NA	NA	NA	NA	NA	0	1	NA	NA	104	24	20	0	14
BS_GFS9JEE6	PT_41WETNRC	7316-3065	7316-3065-T-548496.WGS	ATRX	NA	NA	NA	NA	NA	NA	NA	NA	NA	159	50	33	0	38
BS_32HAVF6S	PT_EZEMVRVT	7316-3154	7316-3154-T-555169.WGS	ATRX	NA	NA	NA	NA	NA	0	1	NA	NA	180	21	22	2	23
BS_9W6FK6X4	PT_CGWPWSXM	7316-2005	7316-2005-T-391836.WGS	ATRX	NA	NA	NA	NA	NA	0	1	NA	NA	112	20	10	0	16
BS_79SYEHY3	PT_1H2REHT2	7316-3022	7316-3022-T-541161.WGS	ATRX	NA	NA	NA	NA	NA	0	1	NA	NA	786	219	168	0	246
BS_KCN7NG92	PT_CB1XPA3W	7316-1767	7316-1767-T-365967.WGS	ATRX	NA	NA	NA	NA	NA	0	1	NA	NA	147	30	47	0	24
BS_H50HR85Y	PT_8R00BMHH	7316-1845	7316-1845-T-373205.WGS	ATRX	NA	NA	NA	NA	NA	0	1	NA	NA	194	21	25	0	13
BS_SNC5WMVN	PT_X8SK8120	7316-340	7316-340-T-242343.WGS	ATRX	NA	NA	NA	NA	NA	NA	NA	NA	NA	184	55	23	0	15
BS_B91XGSA5	PT_QD6KKKJH	7316-1765	7316-1765-T-365932.WGS	ATRX	NA	NA	NA	NA	NA	0	1	NA	NA	222	33	33	3	15
BS_8CA214YR	PT_S4YNE17X	7316-3963	7316-3963-T-609858.WGS	ATRX	NA	NA	NA	NA	NA	NA	NA	NA	NA	84	33	9	1	12
BS_ZS1QRMXS	PT_8RB7TPS2	7316-3	7316-3-T-3730.WGS	ATRX	NA	NA	NA	NA	NA	0	1	NA	NA	126	42	25	0	46
BS_NNFDFAFM	PT_V1HNAC2Q	7316-3215	7316-3215-T-A07150.WGS	ATRX	NA	NA	NA	NA	NA	0	1	0	2	154	106	21	1	39
BS_RHEBGZF8	PT_9A6RPJ97	7316-906	7316-906-T-345350.WGS	ATRX	NA	NA	NA	NA	NA	NA	NA	NA	NA	288	58	26	0	21
BS_FJEBFQHG	PT_AWMZ12NP	7316-2216	7316-2216-T-431140.WGS	ATRX	NA	NA	NA	0	1	0	1	0	1	116	20	15	0	14
BS_K89V7JNJ	PT_868QRW9G	7316-3132	7316-3132-T-551070.WGS	ATRX	NA	NA	NA	NA	NA	0	1	NA	NA	178	32	34	0	22
BS_Q88059DJ	PT_AXMVG8QE	7316-2732	7316-2732-T-501647.WGS	ATRX	NA	NA	NA	NA	NA	NA	NA	NA	NA	192	69	19	2	43
BS_SFZ3A07S	PT_6TZR2DH1	7316-100	7316-100-T.WGS	ATRX	NA	NA	NA	NA	NA	NA	NA	NA	NA	1130	37	9	0	135
BS_P3PF53V8	PT_S0Q27J13	7316-2307	7316-2307-T-458786.WGS	ATRX	p.Q883Rfs*21	p.Q883Rfs*21	p.Q883Rfs*21	NA	NA	0	1	NA	NA	158	100	29	0	62
BS_Z34PQDYT	PT_HN0AXSZ0	7316-1103	7316-1103-T-353789.WGS	ATRX	NA	NA	NA	NA	NA	0	1	NA	NA	112	14	23	0	14
BS_J8EH1N7V	PT_MNSEJCDM	7316-3229	7316-3229-T-SF5608-2.WGS	ATRX	NA	NA	NA	NA	NA	0	1	0	1	246	121	46	1	81
BS_WSFB4SA2	PT_CB9PD1YP	7316-97	7316-97-T-66579.WGS	ATRX	NA	NA	NA	NA	NA	NA	NA	NA	NA	112	65	19	0	17
BS_Y43VC4VG	PT_BDNE55YT	7316-1710	7316-1710-T-362727.WGS	ATRX	NA	NA	NA	NA	NA	0	1	NA	NA	90	20	21	2	9
BS_FHE6Z73G	PT_4ADZ9F53	7316-3060	7316-3060-T-548427.WGS	ATRX	NA	NA	NA	NA	NA	NA	NA	NA	NA	116	51	15	0	17
BS_01Y5F4PN	PT_QK4XB83F	7316-663	7316-663-T-339077.WGS	ATRX	NA	NA	NA	NA	NA	NA	NA	NA	NA	160	33	32	2	19
BS_YGQS4660	PT_S2SQJVGK	7316-442	7316-442-T-315526.WGS	ATRX	NA	NA	NA	NA	NA	0	1	1	0	378	45	46	4	27
BS_5D24XV4T	PT_164RNWTT	7316-1078	7316-1078-T-353415.WGS	ATRX	NA	NA	NA	NA	NA	0	1	NA	NA	128	23	22	0	10
BS_5Z4XQC9X	PT_TXFYRDP4	7316-193	7316-193-T.WGS	ATRX	NA	NA	NA	NA	NA	0	1	NA	NA	1988	122	34	3	142
BS_P0KQFXNC	PT_12JTZFC2	7316-3504	7316-3504-T-576441.WGS	ATRX	NA	NA	NA	NA	NA	NA	NA	NA	NA	140	26	19	0	20
BS_5Y2Q63Y4	PT_7YSCM82T	7316-1658	7316-1658-T-361029.WGS	ATRX	NA	NA	NA	NA	NA	NA	NA	NA	NA	110	51	10	1	6
BS_R1RMKH1B	PT_HQ89KPKT	7316-202	7316-202-T-205605.WGS	ATRX	NA	NA	NA	NA	NA	NA	NA	NA	NA	136	50	17	0	14
BS_E5B2YZJH	PT_3A0B29QT	7316-80	7316-80-T-59364.WGS	ATRX	NA	NA	NA	NA	NA	0	1	NA	NA	128	44	17	1	15
BS_74A1TB03	PT_MTE126WM	7316-376	7316-376-T-242792.WGS	ATRX	NA	NA	NA	NA	NA	0	1	NA	NA	550	55	20	0	55
BS_FNF1TCSW	PT_Z9QE51C3	7316-373	7316-373-T-242755.WGS	ATRX	NA	NA	NA	NA	NA	0	1	NA	NA	86	32	30	0	22
BS_5B6XZ7YP	PT_HFQNKP5X	7316-4062	7316-4062-T-651705.WGS	ATRX	NA	NA	NA	NA	NA	0	1	NA	NA	140	32	14	0	28
BS_STNH7YSX	PT_9BZETM0M	7316-158	7316-158-T-150607.WGS	ATRX	NA	NA	NA	NA	NA	0	1	0	1	320	125	63	2	35
BS_6F49F7WH	PT_HFQNKP5X	7316-3295	7316-3295-T-567684.WGS	ATRX	NA	NA	NA	NA	NA	0	1	0	1	152	87	21	2	55
BS_10AD3EFX	PT_3T3VGWC6	7316-375	7316-375-T-242779.WGS	ATRX	NA	NA	NA	NA	NA	NA	NA	NA	NA	202	80	22	4	41
BS_3ZMH8578	PT_GQZ84ACS	7316-487	7316-487-T-324062.WGS	ATRX	NA	NA	NA	NA	NA	0	1	NA	NA	130	40	57	1	19
BS_1YTHM07J	PT_279D9QZ8	7316-325	7316-325-T-233387.WGS	ATRX	NA	NA	NA	NA	NA	0	1	NA	NA	138	28	28	1	20
BS_3Z40EZHD	PT_9GKVQ9QS	7316-3213	7316-3213-T-A05223.WGS	ATRX	NA	NA	NA	NA	NA	NA	NA	NA	NA	228	62	31	0	70
BS_93B38HPS	PT_2ZXR2PDN	7316-1636	7316-1636-T-360698.WGS	ATRX	NA	NA	NA	NA	NA	0	1	0	1	254	55	46	4	24
BS_8SETK1J4	PT_8RB7TPS2	7316-322	7316-322-T-233349.WGS	ATRX	NA	NA	NA	NA	NA	0	1	NA	NA	162	66	46	0	43
BS_9M49SGAQ	PT_4EDBZRM2	7316-1952	7316-1952-T-389352.WGS	ATRX	NA	NA	NA	NA	NA	0	1	1	0	140	15	28	0	14
BS_F5V8CWXT	PT_3PK66TJY	7316-2609	7316-2609-T-467457.WGS	ATRX	NA	NA	NA	NA	NA	NA	NA	NA	NA	110	39	21	1	14
BS_CPZZR2R7	PT_ZZ8SBJJ5	7316-725	7316-725-T-340027.WGS	ATRX	NA	NA	NA	NA	NA	0	1	NA	NA	104	50	28	0	15
BS_R9V82BC1	PT_3J0ASVHN	7316-3622	7316-3622-T-584756.WGS	ATRX	NA	NA	NA	NA	NA	0	1	NA	NA	342	56	120	2	34
BS_VW96PFKQ	PT_3RN24N9X	7316-20	7316-20-T-15915.WGS	ATRX	NA	NA	NA	0	1	0	1	NA	NA	130	45	17	0	14
BS_2HNHCSNB	PT_GCKT4FJX	7316-3919	7316-3919-T-609243.WGS	ATRX	NA	NA	NA	NA	NA	NA	NA	NA	NA	206	43	48	1	17
BS_36HCZ3KW	PT_T5CR5HQZ	7316-33	7316-33-T.WGS	ATRX	NA	NA	NA	NA	NA	0	1	NA	NA	2408	137	74	0	121
BS_872Q3FK2	PT_858H7ABM	7316-903	7316-903-T-345298.WGS	ATRX	p.D1714V	p.D1714V	p.D1714V	NA	NA	NA	NA	NA	NA	140	35	29	0	36
BS_M5FM63EB	PT_KBFM551M	7316-3214	7316-3214-T-A07082.WGS	ATRX	NA	NA	NA	NA	NA	0	1	NA	NA	134	36	41	2	17
BS_2VB8649B	PT_02J5CWN5	7316-2989	7316-2989-T-534989.WGS	ATRX	NA	NA	NA	NA	NA	0	1	NA	NA	56	10	7	0	8
BS_1JMTTKMK	PT_E4ECAFEN	7316-38	7316-38-T-28469.WGS	ATRX	NA	NA	NA	0	1	0	1	0	1	252	118	43	1	24
BS_354DTKHE	PT_0F3RHT8J	7316-2673	7316-2673-T-485496.WGS	ATRX	NA	NA	NA	NA	NA	NA	NA	NA	NA	366	89	49	1	33
BS_BBTT7DH4	PT_7M2PGCBV	7316-3312	7316-3312-T-563666.WGS	ATRX	NA	NA	NA	NA	NA	0	1	NA	NA	244	68	23	0	41
BS_X9PJ715R	PT_S3FJSBJT	7316-1794	7316-1794-T-366549.WGS	ATRX	NA	NA	NA	NA	NA	0	1	NA	NA	138	27	20	0	18
BS_J4E9SW51	PT_T8V9ES93	7316-1106	7316-1106-T-353836.WGS	ATRX	NA	NA	NA	NA	NA	0	1	NA	NA	250	33	25	0	12
BS_0ATJ22QA	PT_KZ56XHJT	7316-3217	7316-3217-T-A12398.WGS	ATRX	NA	NA	NA	NA	NA	0	1	NA	NA	144	35	21	0	29
BS_RQ5Z7KNW	PT_G3AVDN4E	7316-2227	7316-2227-T-431283.WGS	ATRX	NA	NA	NA	NA	NA	0	1	NA	NA	116	29	32	0	20
BS_3BMGF6GN	PT_Y8RNS9JE	7316-1656	7316-1656-T-360998.WGS	ATRX	NA	NA	NA	NA	NA	0	1	NA	NA	300	112	72	3	147
BS_060QB7XB	PT_YGN06RPZ	7316-2208	7316-2208-T-430520.WGS	ATRX	NA	NA	NA	NA	NA	0	1	NA	NA	70	13	10	1	11
BS_F5KRHGKC	PT_92YX7KK9	7316-1785	7316-1785-T-366273.WGS	ATRX	NA	NA	NA	NA	NA	0	1	NA	NA	174	62	20	0	25
BS_95RRF4NE	PT_SRWZDG3N	7316-361	7316-361-T-242595.WGS	ATRX	NA	NA	NA	NA	NA	0	1	NA	NA	216	52	29	1	23
BS_T8TCEBB1	PT_78NQ0QQS	7316-1651	7316-1651-T-360924.WGS	ATRX	NA	NA	NA	NA	NA	0	1	NA	NA	228	44	23	0	16
BS_74TZJTW0	PT_1YQH5NSH	A20091	A20091-T.WXS	ATRX	p.R81T	p.R81T	p.R81T	NA	NA	NA	NA	NA	NA	NA	NA	NA	NA	NA
BS_C1RRDNF5	PT_E3ADF4ZB	7316-2664	7316-2664-T-479169.WGS	ATRX	NA	NA	NA	NA	NA	0	1	NA	NA	282	71	42	0	61
BS_79NQJZ09	PT_KZ04SDDS	7316-1774	7316-1774-T-366086.WGS	ATRX	NA	NA	NA	NA	NA	0	1	1	0	118	21	15	1	16
BS_KVV3G6NP	PT_S2CXXZCF	7316-643	7316-643-T-338757.WGS	ATRX	NA	NA	NA	NA	NA	0	1	NA	NA	106	17	40	0	7
BS_9N3B3HZB	PT_ZZRBX5JT	7316-3319	7316-3319-T-563763.WGS	ATRX	NA	NA	NA	NA	NA	1	0	NA	NA	90	10	92	0	10
BS_9DN4QR6E	PT_KZ56XHJT	A12398	A12398-T.WXS	ATRX	NA	p.L563*	NA	NA	NA	NA	NA	NA	NA	NA	NA	NA	NA	NA
BS_CXDKK6KS	PT_EC8R84NM	7316-341	7316-341-T-242357.WGS	ATRX	NA	NA	NA	NA	NA	NA	NA	NA	NA	244	40	30	1	25
BS_1AZ8YJSH	PT_R6WWH1QX	7316-423	7316-423-T-312855.WGS	ATRX	NA	NA	NA	0	1	0	1	0	1	206	49	34	1	48
BS_Q50P97Y0	PT_S0PBN4M7	7316-1805	7316-1805-T-366712.WGS	ATRX	NA	NA	NA	NA	NA	0	1	NA	NA	76	18	7	2	8
BS_QWS88QXE	PT_0DXHDZJR	7316-2857	7316-2857-T-513841.WGS	ATRX	NA	NA	NA	NA	NA	0	1	NA	NA	168	34	27	1	17
BS_3R0KN6Z4	PT_6E8JYRXM	7316-2729	7316-2729-T-501602.WGS	ATRX	NA	NA	NA	0	1	0	1	0	1	144	20	28	0	19
BS_6Y7FX7QJ	PT_A594A46X	7316-91	7316-91-T-64028.WGS	ATRX	NA	NA	NA	NA	NA	0	1	NA	NA	154	33	20	1	17
BS_E9ATGWME	PT_R1DHB0ZT	7316-2642	7316-2642-T-475135.WGS	ATRX	NA	NA	NA	0	1	0	1	0	1	256	61	81	2	23
BS_TYFD8ZMG	PT_WGVEF96B	A08958	A08958-T.WXS	ATRX	p.A1812P	p.A1812P	p.A1812P	NA	NA	NA	NA	NA	NA	NA	NA	NA	NA	NA
BS_M0B42FPR	PT_KBFM551M	7316-3214	7316-3214-T-A07083.WGS	ATRX	NA	NA	NA	NA	NA	0	1	1	0	168	57	33	0	20
BS_SD28E0SC	PT_N3HVMV06	7316-2075	7316-2075-T-407476.WGS	ATRX	NA	NA	NA	NA	NA	0	1	NA	NA	66	37	17	0	28
BS_RZNNEX1Y	PT_WYF217NZ	7316-345	7316-345-T-242405.WGS	ATRX	NA	NA	NA	NA	NA	0	1	NA	NA	114	24	17	0	15
BS_HEJ72V3F	PT_NK8A49X5	7316-3228	7316-3228-T-A14449.WGS	ATRX	p.W2001*	p.W2001*	p.W2001*	NA	NA	0	1	NA	NA	191	40	33	0	27
BS_KBPBCWA0	PT_0PT33SCF	7316-1100	7316-1100-T-353746.WGS	ATRX	NA	NA	NA	NA	NA	NA	NA	NA	NA	182	32	23	0	16
BS_YEWX69X4	PT_K39HM2JF	7316-1084	7316-1084-T-353504.WGS	ATRX	NA	NA	NA	NA	NA	NA	NA	NA	NA	122	55	17	2	10
BS_85Q5P8GF	PT_JNEV57VK	7316-2594	7316-2594-T-463828.WGS	ATRX	p.R2197C	p.R2197C	p.R2197C	NA	NA	0	1	NA	NA	122	28	19	1	23
BS_YKQP4SBX	PT_57YP9ABV	7316-1070	7316-1070-T-353296.WGS	ATRX	NA	NA	NA	NA	NA	NA	NA	NA	NA	240	74	30	1	45
BS_FVPMPMRJ	PT_W17NV5YG	7316-2079	7316-2079-T-407528.WGS	ATRX	NA	NA	NA	NA	NA	NA	NA	NA	NA	150	42	20	1	32
BS_KB9GJDCS	PT_EB89G70N	7316-2858	7316-2858-T-513853.WGS	ATRX	NA	NA	NA	NA	NA	0	1	0	1	116	34	28	1	7
BS_RB8VSEVG	PT_5P3XJ97K	7316-390	7316-390-T-290265.WGS	ATRX	NA	NA	NA	NA	NA	0	1	NA	NA	88	31	18	2	13
BS_F9ZTZ4YS	PT_QT3MK7BZ	7316-1977	7316-1977-T-389729.WGS	ATRX	NA	NA	NA	NA	NA	NA	NA	NA	NA	60	47	8	0	10
BS_ACE6QKVF	PT_7RMS6K08	7316-1748	7316-1748-T-365644.WGS	ATRX	NA	NA	NA	NA	NA	0	1	0	1	110	19	36	0	12
BS_8D52JK1Q	PT_1NN9AW39	7316-3148	7316-3148-T-555098.WGS	ATRX	NA	NA	NA	NA	NA	0	1	NA	NA	284	95	136	0	118
BS_5NAKYS1S	PT_J0SZ1SX5	7316-2589	7316-2589-T-463752.WGS	ATRX	NA	NA	NA	NA	NA	0	1	0	1	138	19	20	0	16
BS_QQP17PDQ	PT_8GN3TQRM	7316-2069	7316-2069-T-407398.WGS	ATRX	NA	NA	NA	NA	NA	0	1	NA	NA	268	110	84	1	151
BS_N2JD3VX6	PT_3NM45TQ8	7316-1077	7316-1077-T-353400.WGS	ATRX	NA	NA	NA	NA	NA	0	1	NA	NA	86	27	3	0	15
BS_YH60H2FS	PT_B7QRTN72	7316-1802	7316-1802-T-366667.WGS	ATRX	NA	NA	NA	NA	NA	0	1	NA	NA	86	19	13	2	11
BS_M16CDR44	PT_BDM0M83S	7316-3072	7316-3072-T-549133.WGS	ATRX	NA	NA	NA	NA	NA	0	1	NA	NA	86	52	15	0	14
BS_BQWMQM2Y	PT_MDWPRDBT	7316-895	7316-895-T-345161.WGS	ATRX	NA	NA	NA	NA	NA	0	1	NA	NA	409	35	34	0	31
BS_QSMFVHSB	PT_0WKX8Q5X	7316-88	7316-88-T-62763.WGS	ATRX	NA	NA	NA	NA	NA	0	1	NA	NA	124	65	19	2	26
BS_ETTZM63Y	PT_17W3GJPT	7316-2306	7316-2306-T-458773.WGS	ATRX	NA	NA	NA	NA	NA	0	1	NA	NA	40	14	5	0	8
BS_WH8KWW5J	PT_9PJR0ZK7	7316-2576	7316-2576-T-463558.WGS	ATRX	NA	NA	NA	NA	NA	0	1	1	0	1494	253	169	9	406
BS_WYF8NGSD	PT_BBHAD51D	7316-1089	7316-1089-T-353579.WGS	ATRX	NA	NA	NA	NA	NA	0	1	NA	NA	176	45	24	2	18
BS_9GSWPZ44	PT_K30AWQ8A	7316-393	7316-393-T-290301.WGS	ATRX	NA	NA	NA	NA	NA	NA	NA	NA	NA	162	54	13	3	14
BS_HPMX6CT4	PT_CTSQ5FHH	7316-438	7316-438-T-313114.WGS	ATRX	NA	NA	NA	0	1	0	1	0	1	104	75	18	1	16
BS_T5HPW4Z0	PT_ZG4J0EK0	7316-3774	7316-3774-T-592441.WGS	ATRX	NA	NA	NA	0	1	0	1	0	1	339	61	55	3	28
BS_HW4J7JM8	PT_EYHJQQ8E	7316-77	7316-77-T-58084.WGS	ATRX	NA	NA	NA	NA	NA	0	1	NA	NA	168	59	20	0	14
BS_ZV21J6YW	PT_VY45XTT7	7316-1801	7316-1801-T-366653.WGS	ATRX	NA	NA	NA	NA	NA	0	1	NA	NA	265	98	28	2	45
BS_42A66SH4	PT_6R7AE0P3	7316-2653	7316-2653-T-479003.WGS	ATRX	NA	NA	NA	NA	NA	0	1	NA	NA	164	38	19	0	14
BS_0EN5R1AP	PT_M1RYN7B0	7316-1781	7316-1781-T-366204.WGS	ATRX	NA	NA	NA	NA	NA	0	1	NA	NA	1224	56	13	0	37
BS_XKE77TR4	PT_GKWWWJ0X	7316-1071	7316-1071-T-353309.WGS	ATRX	NA	NA	NA	NA	NA	NA	NA	NA	NA	276	45	64	2	23
BS_WYTDVC0Y	PT_KBFM551M	A07082	A07082-T.WXS	NA	NA	NA	NA	NA	NA	NA	NA	NA	NA	NA	NA	NA	NA	NA
BS_QZPGVNBB	PT_RYMG3M91	A18777	A18777-T.WXS	NA	NA	NA	NA	NA	NA	NA	NA	NA	NA	NA	NA	NA	NA	NA
BS_XKP747AS	PT_CGPJY881	7316-891	7316-891-T-345093.WGS	ATRX	NA	NA	NA	NA	NA	NA	NA	NA	NA	108	38	12	0	17
BS_71HPXFE7	PT_41RR5FQD	7316-1115	7316-1115-T-353971.WGS	ATRX	NA	NA	NA	NA	NA	0	1	NA	NA	148	116	27	1	21
BS_HNE6BPMH	PT_V5ASTHRH	7316-3892	7316-3892-T-608224.WGS	ATRX	NA	NA	NA	NA	NA	0	1	NA	NA	294	41	45	0	28
BS_22VCR7DF	PT_KZ56XHJT	7316-3231	7316-3231-T-SF5599-7.WGS	ATRX	NA	NA	NA	NA	NA	0	1	NA	NA	229	131	18	0	53
BS_8YQGSMDK	PT_HM2GMT2H	7316-6	7316-6-T.WGS	ATRX	NA	NA	NA	NA	NA	0	1	1	0	202	44	23	1	10
BS_XM302FF4	PT_SCCDBETQ	7316-2628	7316-2628-T-469161.WGS	ATRX	NA	NA	NA	NA	NA	0	1	1	0	172	31	20	0	14
BS_R3WB0PP7	PT_WP871F5S	7316-1766	7316-1766-T-365950.WGS	ATRX	NA	NA	NA	NA	NA	0	1	NA	NA	126	17	13	0	14
BS_T54TAE3R	PT_E3S6H59E	7316-133	7316-133-T-115470.WGS	ATRX	NA	NA	NA	NA	NA	0	1	NA	NA	70	18	12	0	3
BS_W74D279Q	PT_JP1FDKN9	7316-2959	7316-2959-T-534959.WGS	ATRX	NA	NA	NA	NA	NA	0	1	NA	NA	142	41	16	1	16
BS_XVYRXN8J	PT_BK92NM09	7316-2669	7316-2669-T-479243.WGS	ATRX	NA	NA	NA	NA	NA	NA	NA	NA	NA	96	92	11	1	22
BS_SKRY0BJ4	PT_HNZNZ635	7316-2151	7316-2151-T-409284.WGS	ATRX	NA	NA	NA	NA	NA	0	1	NA	NA	92	56	17	1	23
BS_T1SNKF50	PT_CYBYN18G	7316-2567	7316-2567-T-462556.WGS	ATRX	NA	NA	NA	NA	NA	0	1	NA	NA	202	60	42	1	71
BS_E8MC6R2K	PT_2E552BAR	7316-2719	7316-2719-T-501453.WGS	ATRX	NA	NA	NA	NA	NA	0	1	NA	NA	276	155	47	1	48
BS_75VHXMZN	PT_3R0P995B	7316-873	7316-873-T-344789.WGS	ATRX	NA	NA	NA	NA	NA	0	1	NA	NA	130	18	12	0	5
BS_BZWM455T	PT_44HPG5YT	7316-3067	7316-3067-T-548524.WGS	ATRX	NA	NA	NA	NA	NA	NA	NA	NA	NA	114	56	16	0	21
BS_JA3XXP1Y	PT_Y572BRC1	7316-2147	7316-2147-T-409224.WGS	ATRX	NA	NA	NA	NA	NA	0	1	NA	NA	90	70	7	1	12
BS_C2NH5FDT	PT_PR4YBBH3	7316-126	7316-126-T-112488.WGS	ATRX	NA	NA	NA	NA	NA	0	1	NA	NA	144	77	37	2	54
BS_6Z213H2V	PT_2E552BAR	7316-3066	7316-3066-T-567675.WGS	ATRX	NA	NA	NA	NA	NA	0	1	NA	NA	202	71	33	2	31
BS_CXN0498B	PT_DEKWG1QG	7316-2139	7316-2139-T-409104.WGS	ATRX	NA	NA	NA	NA	NA	NA	NA	NA	NA	170	17	25	2	12
BS_XDY9BYRK	PT_VT6PJVQN	7316-205	7316-205-T-211762.WGS	ATRX	NA	NA	NA	NA	NA	0	1	NA	NA	98	20	16	0	7
BS_T9T3R2J0	PT_T3REPTTC	7316-3488	7316-3488-T-576154.WGS	ATRX	NA	NA	NA	NA	NA	0	1	NA	NA	124	51	11	0	16
BS_PEFRDKDZ	PT_ZRQQC2S9	7316-3139	7316-3139-T-551154.WGS	ATRX	NA	NA	NA	0	1	0	1	0	1	158	46	19	0	22
BS_AEEKJ1QK	PT_QA9WJ679	A08768	A08768-T.WXS	NA	NA	NA	NA	NA	NA	NA	NA	NA	NA	NA	NA	NA	NA	NA
BS_BSM3ZHW4	PT_6TMT65YA	7316-1642	7316-1642-T-360790.WGS	ATRX	NA	NA	NA	NA	NA	0	1	NA	NA	104	24	27	1	16
BS_WXKCR17Q	PT_5GQ76YZJ	7316-168	7316-168-T-165669.WGS	ATRX	NA	NA	NA	NA	NA	0	1	NA	NA	188	30	17	0	11
BS_NHRNZRQV	PT_YXJQGT69	7316-934	7316-934-T-345825.WGS	ATRX	NA	NA	NA	NA	NA	0	1	NA	NA	162	26	20	0	9
BS_0S617SMM	PT_EQ5C5TEA	7316-3922	7316-3922-T-609284.WGS	ATRX	NA	NA	NA	NA	NA	0	1	NA	NA	336	477	39	1	39
BS_16TBX6G5	PT_HV6C0T34	7316-3062	7316-3062-T-548455.WGS	ATRX	NA	NA	NA	NA	NA	NA	NA	NA	NA	328	72	45	0	33
BS_B558FJXC	PT_E8XM8JFZ	7316-324	7316-324-T-233373.WGS	ATRX	NA	NA	NA	NA	NA	0	1	NA	NA	84	46	11	0	14
BS_PFXDWV9R	PT_BTTM2HS5	7316-2287	7316-2287-T-447715.WGS	ATRX	NA	NA	NA	NA	NA	NA	NA	NA	NA	424	59	81	1	25
BS_WP2D11SK	PT_EDWA0XTP	7316-670	7316-670-T-339182.WGS	ATRX	NA	NA	NA	NA	NA	0	1	0	1	124	72	72	2	69
BS_007JTNB8	PT_1MW98VR1	7316-2558	7316-2558-T-460366.WGS	ATRX	NA	NA	NA	NA	NA	0	1	NA	NA	266	69	46	1	22
BS_ZPF89720	PT_AXVH36AM	7316-2180	7316-2180-T-425838.WGS	ATRX	NA	NA	NA	NA	NA	0	1	NA	NA	192	119	30	2	32
BS_YMDPFK0V	PT_KQK98ZVP	7316-1803	7316-1803-T-366682.WGS	ATRX	NA	NA	NA	NA	NA	0	1	NA	NA	104	24	16	0	27
BS_59FR1NC2	PT_YZ8A8A36	7316-723	7316-723-T-339997.WGS	ATRX	NA	NA	NA	NA	NA	NA	NA	NA	NA	34	18	9	0	11
BS_FYJMNRGK	PT_XCCV6CW2	7316-2268	7316-2268-T-445073.WGS	ATRX	NA	NA	NA	NA	NA	0	1	1	0	342	71	55	1	37
BS_5BMNK8SY	PT_M0AP3Z15	7316-14	7316-14-T-8725.WGS	ATRX	NA	NA	NA	NA	NA	0	1	NA	NA	188	56	40	0	25
BS_VVD8TJNE	PT_WWME595X	7316-245	7316-245-T-232182.WGS	ATRX	NA	NA	NA	NA	NA	0	1	0	1	530	79	64	1	52
BS_VXNT1TDB	PT_PGVQ4XRZ	7316-946	7316-946-T-346029.WGS	ATRX	NA	NA	NA	NA	NA	0	1	NA	NA	166	68	18	3	16
BS_FQ2ZBMPA	PT_XSS1ANXD	7316-495	7316-495-T-324198.WGS	ATRX	NA	NA	NA	NA	NA	0	1	NA	NA	210	68	37	0	18
BS_853PNV7P	PT_Z4PJA6KT	7316-1763	7316-1763-T-365902.WGS	ATRX	NA	NA	NA	NA	NA	NA	NA	NA	NA	118	22	18	0	21
BS_M4E4H6NG	PT_Y76A7PBA	7316-2288	7316-2288-T-465298.WGS	ATRX	NA	NA	NA	NA	NA	NA	NA	NA	NA	100	58	25	1	37
BS_62XRDTM6	PT_K2YDNZDA	7316-429	7316-429-T-312945.WGS	ATRX	NA	NA	NA	NA	NA	NA	NA	NA	NA	168	17	21	1	16
BS_2KMB51YF	PT_NWYSD53S	A15170	A15170-T.WXS	NA	NA	NA	NA	NA	NA	NA	NA	NA	NA	NA	NA	NA	NA	NA
BS_N9N1X78X	PT_4JG5KWE8	7316-50	7316-50-T-38880.WGS	ATRX	NA	NA	NA	NA	NA	0	1	NA	NA	1292	14	2	0	54
BS_0DKPGQWD	PT_BQ8BQ01J	7316-183	7316-183-T-171598.WGS	ATRX	NA	NA	NA	NA	NA	0	1	1	0	226	39	23	1	18
BS_M1YHV93N	PT_HBT0C66Y	7316-3149	7316-3149-T-555110.WGS	ATRX	NA	NA	NA	NA	NA	0	1	NA	NA	84	20	23	0	12
BS_KH0NFCWF	PT_TH18S0JQ	7316-3068	7316-3068-T-548538.WGS	ATRX	NA	NA	NA	NA	NA	NA	NA	NA	NA	102	30	19	2	18
BS_ZJT1REVB	PT_7KTAH3RD	7316-2671	7316-2671-T-479274.WGS	ATRX	NA	NA	NA	NA	NA	0	1	NA	NA	69	19	9	1	14
BS_3A0CJMRH	PT_E79807KT	7316-1087	7316-1087-T-353550.WGS	ATRX	NA	NA	NA	NA	NA	0	1	NA	NA	158	28	35	0	17
BS_X5VN0FW0	PT_KZ56XHJT	7316-3231	7316-3231-T-SF5599-11.WGS	ATRX	NA	NA	NA	NA	NA	0	1	NA	NA	188	53	28	1	50
BS_12ZB7R6A	PT_CW0BJE0Y	7316-41	7316-41-T-35057.WGS	ATRX	NA	NA	NA	NA	NA	0	1	NA	NA	744	52	19	2	66
BS_JM979K1M	PT_1TB2V1PH	7316-2608	7316-2608-T-467444.WGS	ATRX	NA	NA	NA	NA	NA	0	1	NA	NA	28	35	8	1	12
BS_FF73TT6D	PT_JP1FDKN9	7316-929	7316-929-T-345739.WGS	ATRX	NA	NA	NA	NA	NA	0	1	0	1	166	67	25	3	21
BS_1MME7FBS	PT_NK8A49X5	7316-3216	7316-3216-T-A08692.WGS	ATRX	p.W2001*	p.W2001*	p.W2001*	NA	NA	0	1	NA	NA	126	17	10	0	13
BS_QMY84KF4	PT_3VCS1PPF	7316-490	7316-490-T-324113.WGS	ATRX	NA	NA	NA	NA	NA	0	1	NA	NA	204	44	25	1	18
BS_AK9BV52G	PT_KZ56XHJT	7316-3231	7316-3231-T-SF5599-14.WGS	ATRX	NA	NA	NA	NA	NA	0	1	NA	NA	252	55	18	1	50
BS_BNFCXVYZ	PT_KHX1WQ4H	7316-186	7316-186-T-172877.WGS	ATRX	NA	NA	NA	NA	NA	0	1	NA	NA	176	27	33	0	18
BS_YVFFHJ1Q	PT_YDWBWTVN	7316-147	7316-147-T-145943.WGS	ATRX	NA	NA	NA	NA	NA	0	1	NA	NA	116	36	26	0	15
BS_6KEYD1S4	PT_NFDHYPGT	7316-3152	7316-3152-T-555145.WGS	ATRX	NA	NA	NA	NA	NA	NA	NA	NA	NA	136	28	16	0	15
BS_6XHDR1WS	PT_H45M7M2T	7316-1652	7316-1652-T-360938.WGS	ATRX	NA	NA	NA	NA	NA	NA	NA	NA	NA	168	47	25	1	37
BS_8FSJDG2T	PT_KVMF5TFW	7316-3030	7316-3030-T-541271.WGS	ATRX	NA	NA	NA	NA	NA	NA	NA	NA	NA	102	34	19	0	13
BS_F8KR1QWE	PT_9YMRNZHH	7316-2178	7316-2178-T-425810.WGS	ATRX	NA	NA	NA	NA	NA	0	1	NA	NA	320	124	92	1	32
BS_MSB1RDAJ	PT_VVCN8DXT	7316-71	7316-71-T-55533.WGS	ATRX	NA	NA	NA	NA	NA	0	1	1	0	68	14	10	0	8
BS_02ZSVZCB	PT_J06X17XH	7316-3628	7316-3628-T-584828.WGS	ATRX	NA	NA	NA	NA	NA	0	1	NA	NA	242	2732	128	0	29
BS_RCAZ62J7	PT_A4KA01ZH	7316-894	7316-894-T-345144.WGS	ATRX	NA	NA	NA	NA	NA	NA	NA	NA	NA	108	24	20	0	9
BS_4GKH983E	PT_FCM7XPVR	7316-2285	7316-2285-T-465290.WGS	ATRX	NA	NA	NA	NA	NA	0	1	NA	NA	84	129	39	1	77
BS_9ZFXXJPK	PT_VBVZ2NAR	7316-2156	7316-2156-T-409359.WGS	ATRX	p.E1464del	NA	NA	NA	NA	0	1	NA	NA	186	1959	21	3	30
BS_S88G7BXH	PT_94EHCMXA	7316-217	7316-217-T-225324.WGS	ATRX	NA	NA	NA	NA	NA	0	1	NA	NA	190	40	29	1	18
BS_W9FW1PAE	PT_4ZSR5DY8	7316-2667	7316-2667-T-479214.WGS	ATRX	NA	NA	NA	NA	NA	0	1	NA	NA	86	25	13	0	9
BS_3P96RT4E	PT_JW6FBEFK	7316-3019	7316-3019-T-541118.WGS	ATRX	NA	NA	NA	NA	NA	0	1	NA	NA	142	31	31	0	19
BS_32JF8TPP	PT_PFA762TK	7316-462	7316-462-T-323607.WGS	ATRX	NA	NA	NA	NA	NA	0	1	NA	NA	92	38	12	1	14
BS_EHBH0NYX	PT_SSE4AH59	7316-1776	7316-1776-T-366118.WGS	ATRX	NA	NA	NA	NA	NA	0	1	NA	NA	74	37	4	0	16
BS_JQNF0FQP	PT_FAD8FQ6S	7316-120	7316-120-T-109958.WGS	ATRX	NA	NA	NA	NA	NA	NA	NA	NA	NA	148	13	12	0	9
BS_K049HVGR	PT_3WA1XB8G	7316-70	7316-70-T-55045.WGS	ATRX	NA	NA	NA	NA	NA	0	1	NA	NA	186	32	19	2	17
BS_EDCQ4M0R	PT_KCTZZA3G	7316-216	7316-216-T-225313.WGS	ATRX	NA	NA	NA	NA	NA	0	1	NA	NA	254	266	36	2	26
BS_5KK9P7XD	PT_16EJ7BZ9	7316-1938	7316-1938-T-386267.WGS	ATRX	NA	NA	NA	NA	NA	0	1	NA	NA	98	53	20	1	15
BS_4QFSH7C4	PT_2YT37G8P	7316-399	7316-399-T-290428.WGS	ATRX	NA	NA	NA	NA	NA	NA	NA	NA	NA	72	90	20	0	55
BS_GAA327FP	PT_0EWY6S6S	7316-3491	7316-3491-T-576192.WGS	ATRX	NA	NA	NA	NA	NA	0	1	NA	NA	204	56	49	0	17
BS_KXGJ1HMG	PT_P5HHJJPH	7316-870	7316-870-T-344737.WGS	ATRX	NA	NA	NA	1	0	1	0	1	0	192	68	36	1	39
BS_HM5N78GV	PT_GYJ97915	7316-1093	7316-1093-T-353639.WGS	ATRX	NA	NA	NA	NA	NA	0	1	NA	NA	106	41	16	0	16
BS_KHSYAB3J	PT_7FZ8SE69	7316-2152	7316-2152-T-409299.WGS	ATRX	NA	NA	NA	0	1	0	1	1	1	538	137	97	3	230
BS_2VHFP7M8	PT_2GPH62JS	7316-1775	7316-1775-T-366103.WGS	ATRX	NA	NA	NA	NA	NA	0	1	NA	NA	140	26	16	1	12
BS_Z9NCH2XA	PT_NBY8PZR9	7316-871	7316-871-T-344754.WGS	ATRX	NA	NA	NA	NA	NA	0	1	NA	NA	116	25	37	1	9
BS_090GV72Q	PT_8WNA6M94	7316-1983	7316-1983-T-389817.WGS	ATRX	NA	NA	NA	NA	NA	NA	NA	NA	NA	116	19	31	0	17
BS_J52D4XQY	PT_J50NZYZF	7316-128	7316-128-T-113336.WGS	ATRX	NA	NA	NA	NA	NA	NA	NA	NA	NA	228	46	40	0	18
BS_1JGQPJH3	PT_HT4HJXY6	7316-901	7316-901-T-345263.WGS	ATRX	NA	NA	NA	NA	NA	NA	NA	NA	NA	178	2101	19	1	35
BS_8TFBNHT0	PT_2FVTD0WR	7316-2897	7316-2897-T-542852.WGS	ATRX	NA	NA	NA	NA	NA	0	1	NA	NA	122	180	12	0	17
BS_ZP89F1JY	PT_MNR94DEV	7316-370	7316-370-T-242720.WGS	ATRX	NA	NA	NA	NA	NA	0	1	NA	NA	208	74	24	2	26
BS_PEDGRK8S	PT_RKECV80K	7316-9	7316-9-T-7029.WGS	ATRX	NA	NA	NA	NA	NA	0	1	NA	NA	150	15	13	0	13
BS_N0Z6V2YG	PT_C2VY5NM6	7316-875	7316-875-T-344821.WGS	ATRX	NA	NA	NA	NA	NA	NA	NA	NA	NA	70	75	15	1	20
BS_4DQAQFQH	PT_WGVEF96B	7316-4446	7316-4446-T-SF10438.WGS	ATRX	p.A1812P	p.A1812P	p.A1812P	NA	NA	0	1	NA	NA	122	35	27	1	22
BS_ERMGD2N5	PT_2ECVKTTQ	7316-2154	7316-2154-T-409331.WGS	ATRX	NA	NA	NA	NA	NA	0	1	1	0	170	45	15	0	30
BS_5JC116NM	PT_XA98HG1C	7316-3023	7316-3023-T-541174.WGS	ATRX	NA	NA	NA	NA	NA	0	1	1	0	478	156	114	5	228
BS_A9S5HT6P	PT_9XAA8PF6	7316-1069	7316-1069-T-353281.WGS	ATRX	NA	NA	NA	NA	NA	0	1	0	1	202	23	16	0	11
BS_DVQYQSVW	PT_WWZ2Q14R	7316-3138	7316-3138-T-551141.WGS	ATRX	NA	NA	NA	NA	NA	0	1	NA	NA	213	29	28	1	34
BS_QZTPJ8YW	PT_3V5GTCJR	7316-1646	7316-1646-T-360850.WGS	ATRX	NA	NA	NA	NA	NA	0	1	NA	NA	84	41	35	2	11
BS_SDT1J3A7	PT_9AHA6KW3	7316-395	7316-395-T-567984.WGS	ATRX	NA	NA	NA	NA	NA	NA	NA	NA	NA	184	39	19	1	24
BS_AEMRNSQX	PT_4TASAQKA	7316-3566	7316-3566-T-592954.WGS	ATRX	NA	NA	NA	NA	NA	0	1	NA	NA	60	28	13	0	8
BS_Z1BBZ01F	PT_QQ9JGEY9	7316-356	7316-356-T-242537.WGS	ATRX	NA	NA	NA	NA	NA	NA	NA	NA	NA	74	23	20	0	23
BS_MS87PMR7	PT_H4H6RD7Y	7316-1072	7316-1072-T-353324.WGS	ATRX	NA	NA	NA	NA	NA	0	1	NA	NA	154	25	23	0	24
BS_K14VJ1E3	PT_6MB6RED3	7316-226	7316-226-T.WGS	ATRX	NA	NA	NA	NA	NA	0	1	NA	NA	9448	153	19	1	791
BS_2HDEZFTW	PT_G16VK7FR	A19649	A19649-T.WXS	NA	NA	NA	NA	NA	NA	NA	NA	NA	NA	NA	NA	NA	NA	NA
BS_GTAJFTTR	PT_J302B8Y5	7316-386	7316-386-T-290215.WGS	ATRX	NA	NA	NA	NA	NA	0	1	NA	NA	212	38	26	0	21
BS_KJTW1RBN	PT_NESAQHB1	7316-3844	7316-3844-T-602450.WGS	ATRX	NA	NA	NA	NA	NA	0	1	NA	NA	412	60	69	2	23
BS_7KR13R3P	PT_V1HNAC2Q	A07150	A07150-T.Panel	NA	NA	NA	NA	NA	NA	NA	NA	NA	NA	NA	NA	NA	NA	NA
BS_1S2BHJ8K	PT_S4A0R1PM	7316-2699	7316-2699-T-488835.WGS	ATRX	NA	NA	NA	NA	NA	NA	NA	NA	NA	112	38	18	0	22
BS_JHGFJR3D	PT_RRT2E7HK	7316-136	7316-136-T-552494.WGS	ATRX	NA	NA	NA	NA	NA	0	1	NA	NA	178	34	22	0	15
BS_9GJHMA3J	PT_MT27S7S4	7316-1969	7316-1969-T-389607.WGS	ATRX	NA	NA	NA	NA	NA	0	1	NA	NA	400	101	76	0	67
BS_2RX2NF1Q	PT_TKWTTRQ7	7316-407	7316-407-T-311454.WGS	ATRX	NA	NA	NA	NA	NA	0	1	NA	NA	110	37	20	4	24
BS_F8K4VQMF	PT_J5NSRW1Y	7316-3817	7316-3817-T-601576.WGS	ATRX	NA	NA	NA	NA	NA	0	1	0	1	202	36	25	1	25
BS_N4B3WB8W	PT_RFB07MZS	7316-2107	7316-2107-T-407892.WGS	ATRX	NA	NA	NA	NA	NA	0	1	NA	NA	180	25	33	2	24
BS_6GV08HTE	PT_6MWPJ96F	7316-1711	7316-1711-T-362742.WGS	ATRX	NA	NA	NA	NA	NA	NA	NA	NA	NA	152	21	22	0	10
BS_P36C0ABE	PT_4Z34K4XB	7316-733	7316-733-T-340147.WGS	ATRX	NA	NA	NA	NA	NA	NA	NA	NA	NA	94	29	21	1	13
BS_WD7AQV83	PT_7JQ24F35	7316-1957	7316-1957-T-389427.WGS	ATRX	NA	NA	NA	NA	NA	0	1	NA	NA	156	22	24	0	19
BS_C3KDA5ZC	PT_YQWG98Z5	7316-2856	7316-2856-T-513830.WGS	ATRX	NA	NA	NA	NA	NA	0	1	NA	NA	230	60	33	1	14
BS_GKN0B47F	PT_M5HDHQNQ	7316-475	7316-475-T-323828.WGS	ATRX	NA	NA	NA	NA	NA	0	1	NA	NA	222	93	64	0	45
BS_AXW0XBH8	PT_CR2YBSPT	7316-359	7316-359-T-242573.WGS	ATRX	NA	NA	NA	NA	NA	0	1	NA	NA	112	21	16	1	11
BS_P3KD5EQG	PT_P9RT6693	7316-2566	7316-2566-T-462544.WGS	ATRX	NA	NA	NA	NA	NA	NA	NA	NA	NA	116	29	17	0	8
BS_AJFG2QDD	PT_2WA5PM32	7316-949	7316-949-T-346079.WGS	ATRX	NA	NA	NA	NA	NA	0	1	NA	NA	166	30	18	0	14
BS_0J5GC803	PT_XX2VW3D9	7316-96	7316-96-T-66155.WGS	ATRX	NA	NA	NA	NA	NA	NA	NA	NA	NA	268	238	54	0	37
BS_NG0CR0EP	PT_DY6QG8QC	7316-2228	7316-2228-T-431296.WGS	ATRX	NA	NA	NA	NA	NA	NA	NA	NA	NA	138	89	16	0	16
BS_KY1CTGJ3	PT_JSFBMK5V	7316-1769	7316-1769-T-366000.WGS	ATRX	NA	NA	NA	NA	NA	0	1	NA	NA	310	75	42	0	26
BS_PZDTK87A	PT_J3B812DT	7316-123	7316-123-T-111230.WGS	ATRX	NA	NA	NA	NA	NA	0	1	NA	NA	180	350	18	3	14
BS_Q0XBZP88	PT_TS0FW57Z	7316-2167	7316-2167-T-425644.WGS	ATRX	NA	NA	NA	NA	NA	0	1	NA	NA	52	12	20	1	6
BS_8Q8N6AHW	PT_37B5JRP1	7316-2554	7316-2554-T-472283.WGS	ATRX	NA	NA	NA	NA	NA	0	1	NA	NA	566	157	91	2	242
BS_6ZP2KRPW	PT_Z4GS3ZQQ	7316-740	7316-740-T-341915.WGS	ATRX	NA	NA	NA	NA	NA	NA	NA	NA	NA	207	43	39	1	23
BS_KFRBXXV7	PT_YBJYA2CD	7316-2244	7316-2244-T-435097.WGS	ATRX	NA	NA	NA	NA	NA	1	0	1	0	160	21	24	0	13
BS_K07KNTFY	PT_00G007DM	7316-272	7316-272-T-357633.WGS	ATRX	NA	NA	NA	NA	NA	0	1	NA	NA	226	153	48	2	34
BS_AJ0T7DJ7	PT_D5KHK0SS	7316-882	7316-882-T-344942.WGS	ATRX	NA	NA	NA	NA	NA	0	1	NA	NA	126	16	16	0	13
BS_230S192D	PT_P2NGYMG5	7316-1956	7316-1956-T-389413.WGS	ATRX	p.X199_splice	p.X199_splice	p.X199_splice	NA	NA	NA	NA	NA	NA	374	97	43	1	65
BS_9R82A3VT	PT_YT70KJ5P	7316-4	7316-4-T-4154.WGS	ATRX	NA	NA	NA	NA	NA	NA	NA	NA	NA	94	45	10	0	9
BS_5J5VH3X0	PT_FZHGKJ0H	7316-4034	7316-4034-T-649586.WGS	ATRX	NA	NA	NA	NA	NA	0	1	NA	NA	104	53	12	0	16
BS_G12HNXYX	PT_5F4N0CAP	7316-219	7316-219-T-225348.WGS	ATRX	NA	NA	NA	NA	NA	NA	NA	NA	NA	232	85	16	1	19
BS_QWM9BPDY	PT_JNEV57VK	7316-3058	7316-3058-T-548405.WGS	ATRX	p.R2197C	p.R2197C	p.R2197C	0	1	0	1	NA	NA	180	47	31	1	35
BS_3QDRWJCF	PT_YKVK5HTK	7316-441	7316-441-T-314920.WGS	ATRX	NA	NA	NA	NA	NA	NA	NA	NA	NA	90	15	12	0	9
BS_A3EV6FXK	PT_1Z015H6V	7316-3516	7316-3516-T-576585.WGS	ATRX	NA	NA	NA	NA	NA	0	1	NA	NA	180	36	32	0	21
BS_1M63B97V	PT_MDWPRDBT	7316-2751	7316-2751-T-533306.WGS	ATRX	NA	NA	NA	NA	NA	NA	NA	NA	NA	396	28	32	0	32
BS_SCQNN2A2	PT_H8Z52K09	7316-2224	7316-2224-T-431244.WGS	ATRX	NA	NA	NA	NA	NA	0	1	NA	NA	180	22	16	0	14
BS_8Q8CAY84	PT_596H0BQF	7316-498	7316-498-T-324254.WGS	ATRX	NA	NA	NA	NA	NA	0	1	NA	NA	62	17	68	1	10
BS_0Q8G4N8H	PT_AYZA2WCW	7316-197	7316-197-T-203485.WGS	ATRX	NA	NA	NA	NA	NA	0	1	1	0	158	27	37	1	20
BS_DAEM3WRX	PT_EYWDFKA7	7316-29	7316-29-T-24639.WGS	ATRX	NA	NA	NA	NA	NA	0	1	NA	NA	102	101	36	0	8
BS_P3P96WCD	PT_D7KMPYTZ	7316-2133	7316-2133-T-408231.WGS	ATRX	NA	NA	NA	NA	NA	NA	NA	NA	NA	168	24	17	0	10
BS_23ZE42Q3	PT_R4T1V1K4	7316-3206	7316-3206-T-555638.WGS	ATRX	NA	NA	NA	NA	NA	0	1	NA	NA	368	150	91	0	120
BS_M28HG0NT	PT_2WVW55DA	7316-2092	7316-2092-T-407697.WGS	ATRX	p.S2041R	p.S2041R	p.S2041R	NA	NA	NA	NA	NA	NA	112	29	26	0	13
BS_JBY9S5D4	PT_VQDNSYXM	7316-1637	7316-1637-T-360714.WGS	ATRX	NA	NA	NA	NA	NA	NA	NA	NA	NA	180	56	25	0	19
BS_JB3J82ZK	PT_7WT6P5M8	7316-2308	7316-2308-T-458799.WGS	ATRX	NA	NA	NA	NA	NA	0	1	0	1	108	78	58	1	69
BS_30W38X77	PT_0CE0HFYB	7316-2581	7316-2581-T-463633.WGS	ATRX	NA	NA	NA	NA	NA	0	1	NA	NA	156	21	36	1	20
BS_9X9E86DY	PT_20ZM6THA	7316-3629	7316-3629-T-584839.WGS	ATRX	NA	NA	NA	NA	NA	0	1	NA	NA	136	85	14	0	21
BS_AF5D41PD	PT_KTRJ8TFY	7316-3230	7316-3230-T-SF5606-7.WGS	ATRX	NA	NA	NA	NA	NA	0	1	NA	NA	194	41	34	0	65
BS_FHFVCQ41	PT_N9SG16EC	7316-1958	7316-1958-T-389443.WGS	ATRX	NA	NA	NA	NA	NA	NA	NA	NA	NA	52	27	10	0	8
BS_922YMFYK	PT_MXASQ2GW	7316-3558	7316-3558-T-590842.WGS	ATRX	NA	NA	NA	NA	NA	NA	NA	NA	NA	500	136	81	1	45
BS_G9MQM1KK	PT_89XRZBSG	7316-445	7316-445-T-317694.WGS	ATRX	NA	NA	NA	NA	NA	0	1	NA	NA	288	98	100	0	153
BS_YB99Q6TN	PT_A325EYR2	7316-2557	7316-2557-T-460353.WGS	ATRX	NA	NA	NA	NA	NA	NA	NA	NA	NA	174	25	28	0	21
BS_J5J0EA7Y	PT_2BJF83GQ	7316-1745	7316-1745-T-365591.WGS	ATRX	NA	NA	NA	NA	NA	0	1	NA	NA	166	77	21	1	28
BS_47X3VAM0	PT_PX4E85V1	7316-1083	7316-1083-T-353489.WGS	ATRX	NA	NA	NA	NA	NA	0	1	NA	NA	146	87	51	1	26
BS_PDRNE606	PT_0FKQ3XGV	7316-1677	7316-1677-T-361313.WGS	ATRX	NA	NA	NA	NA	NA	0	1	NA	NA	276	49	61	0	15
BS_ZZJF26C4	PT_ZA95JQEB	7316-384	7316-384-T-280513.WGS	ATRX	NA	NA	NA	NA	NA	NA	NA	NA	NA	208	32	23	0	21
BS_F48RA7QF	PT_2C63FJAM	7316-3040	7316-3040-T-543985.WGS	ATRX	NA	NA	NA	NA	NA	0	1	NA	NA	146	41	24	1	24
BS_RG6JK7ZN	PT_2WVW55DA	7316-2100	7316-2100-T-407801.WGS	ATRX	p.X1520_splice	p.X1520_splice	p.X1520_splice	1	0	1	0	NA	NA	120	42	24	1	16
BS_FJEZ3ASV	PT_4347ZBEX	7316-913	7316-913-T-345474.WGS	ATRX	NA	NA	NA	NA	NA	0	1	1	0	146	124	19	2	37
BS_20TBZG09	PT_3CHB9PK5	7316-515	7316-515-T-331492.WGS	ATRX	p.D2326Y, p.E1643D, p.E1365*, p.L291F	p.D2326Y, p.E1643D, p.L1612I, p.E1365*, p.L291F	p.D2326Y, p.E1643D, p.E1365*, p.L291F	NA	NA	NA	NA	NA	NA	88	30	15	1	19
BS_N8WXTFN4	PT_AWMZ12NP	7316-2203	7316-2203-T-430455.WGS	ATRX	NA	NA	NA	NA	NA	0	1	NA	NA	82	30	9	0	9
BS_JJZPY3BG	PT_SJEG0MKD	7316-146	7316-146-T-145834.WGS	ATRX	NA	NA	NA	NA	NA	0	1	NA	NA	140	33	24	0	18
BS_RXP2ZRQT	PT_JSFBMK5V	7316-1769	7316-1769-T-366002.WGS	ATRX	NA	NA	NA	NA	NA	0	1	NA	NA	222	32	44	0	35
BS_8JFMP1T1	PT_EYX2CP9F	7316-1749	7316-1749-T-365660.WGS	ATRX	NA	NA	NA	NA	NA	NA	NA	NA	NA	192	23	8	0	12
BS_8EB1S8MK	PT_XNMKQ4MR	7316-2006	7316-2006-T-391850.WGS	ATRX	NA	NA	NA	NA	NA	0	1	NA	NA	108	30	14	0	8
BS_9KDA3HG6	PT_5CKDR2SF	7316-525	7316-525-T-331640.WGS	ATRX	NA	NA	NA	NA	NA	NA	NA	NA	NA	466	38	32	1	29
BS_KPG4WCHS	PT_Y74CVASJ	A16538	A16538-T.WXS	NA	NA	NA	NA	NA	NA	NA	NA	NA	NA	NA	NA	NA	NA	NA
BS_XPSD2NRJ	PT_AKQZZPH8	7316-2782	7316-2782-T-513449.WGS	ATRX	NA	NA	NA	NA	NA	0	1	NA	NA	332	79	52	0	55
BS_Q3ANJDVG	PT_962TCBVR	7316-896	7316-896-T-345178.WGS	ATRX	NA	NA	NA	NA	NA	0	1	NA	NA	158	48	22	0	11
BS_JGKRN7NA	PT_Y5KY6KN9	7316-195	7316-195-T-203029.WGS	ATRX	NA	NA	NA	NA	NA	0	1	NA	NA	422	116	97	0	157
BS_GWPJKM7G	PT_1DRAVX4S	7316-1968	7316-1968-T-389592.WGS	ATRX	NA	NA	NA	NA	NA	0	1	NA	NA	148	65	32	0	53
BS_2F70R10Z	PT_V07ZH5JS	7316-472	7316-472-T-323777.WGS	ATRX	NA	NA	NA	NA	NA	NA	NA	NA	NA	82	6	13	1	5
BS_KRYYDC2X	PT_RH59ET3M	7316-1655	7316-1655-T-360984.WGS	ATRX	NA	NA	NA	NA	NA	NA	NA	NA	NA	108	19	19	1	19
BS_W9P0PFDH	PT_S7WJ99PC	7316-677	7316-677-T-339287.WGS	ATRX	NA	NA	NA	NA	NA	0	1	NA	NA	56	8	18	2	11
BS_7RQCH5Y7	PT_V3Q78E6F	7316-455	7316-455-T-323488.WGS	ATRX	NA	NA	NA	NA	NA	NA	NA	NA	NA	40	22	7	0	7
BS_10V9SAG8	PT_YFS3AWC0	7316-153	7316-153-T-148480.WGS	ATRX	NA	NA	NA	NA	NA	0	1	NA	NA	6730	119	32	2	202
BS_FK3B5SDH	PT_HGM20MW7	7316-3221	7316-3221-T-A09446.WGS	ATRX	NA	NA	NA	NA	NA	0	1	0	1	222	55	58	1	32
BS_CGXTFM67	PT_M23Q0DC3	7316-3212	7316-3212-T-A03940.WGS	ATRX	NA	NA	NA	NA	NA	NA	NA	NA	NA	170	139	24	0	28
BS_FNM4BB83	PT_VHS5RM2K	7316-364	7316-364-T-291960.WGS	ATRX	NA	NA	NA	0	1	0	1	0	1	106	21	19	0	13
BS_AHT9PKVE	PT_0T2EWNYR	7316-1981	7316-1981-T-389787.WGS	ATRX	NA	NA	NA	NA	NA	NA	NA	NA	NA	222	31	38	0	9
BS_KPWRDRFP	PT_F822DBA0	7316-458	7316-458-T-323539.WGS	ATRX	NA	NA	NA	NA	NA	0	1	NA	NA	124	21	15	0	10
BS_3NX3RBCX	PT_3X3MF8ZD	7316-114	7316-114-T-106822.WGS	ATRX	NA	NA	NA	NA	NA	NA	NA	NA	NA	232	89	68	0	139
BS_MZJJRDZF	PT_1BV6ND1D	7316-3203	7316-3203-T-555602.WGS	ATRX	NA	NA	NA	NA	NA	NA	NA	NA	NA	360	268	210	2	50
BS_CFPWSZB5	PT_6BX46NVR	7316-3893	7316-3893-T-608236.WGS	ATRX	NA	NA	NA	NA	NA	0	1	NA	NA	250	43	42	1	21
BS_D59VEERR	PT_ER1C7KPB	7316-2691	7316-2691-T-485730.WGS	ATRX	NA	NA	NA	NA	NA	0	1	1	0	106	25	10	0	12
BS_JCWD4DMA	PT_DMAF1J4A	A18552	A18552-T.WXS	NA	NA	NA	NA	NA	NA	NA	NA	NA	NA	NA	NA	NA	NA	NA
BS_3VKW5988	PT_KTRJ8TFY	7316-3223	7316-3223-T-A09689.WGS	ATRX	NA	NA	NA	NA	NA	0	1	NA	NA	176	31	26	0	39
BS_4PAE19ZC	PT_67R1AF5R	7316-889	7316-889-T-345060.WGS	ATRX	NA	NA	NA	NA	NA	0	1	NA	NA	82	7	15	0	7
BS_3ZASRA3A	PT_D7FS86D8	7316-1862	7316-1862-T-373301.WGS	ATRX	NA	NA	NA	NA	NA	NA	NA	NA	NA	273	58	89	0	27
BS_R82MYPKB	PT_FHDZNN40	7316-405	7316-405-T-311428.WGS	ATRX	NA	NA	NA	NA	NA	NA	NA	NA	NA	182	66	36	4	24
BS_H0638GZT	PT_JSFBMK5V	7316-392	7316-392-T-290287.WGS	ATRX	NA	NA	NA	NA	NA	0	1	NA	NA	178	45	28	0	16
BS_JNS7Q60A	PT_M0FVZ88D	7316-1986	7316-1986-T-389864.WGS	ATRX	NA	NA	NA	NA	NA	0	1	NA	NA	120	48	11	1	12
BS_4RS1SC48	PT_CWD717Q0	7316-101	7316-101-T-68282.WGS	ATRX	NA	NA	NA	NA	NA	0	1	NA	NA	128	19	11	0	17
BS_1135HC0V	PT_7JQ24F35	7316-1674	7316-1674-T-361270.WGS	ATRX	NA	NA	NA	NA	NA	0	1	NA	NA	110	44	17	0	16
BS_541KKASA	PT_1E3E6GMF	A09985	A09985-T.WXS	NA	NA	NA	NA	NA	NA	NA	NA	NA	NA	NA	NA	NA	NA	NA
BS_4DTX295Z	PT_1ZAWNGWT	7316-3345	7316-3345-T-568372.WGS	ATRX	p.R1426*	p.R1426*	p.R1426*	NA	NA	NA	NA	NA	NA	138	66	38	0	56
BS_FVYBGMG1	PT_9DMMZ08D	7316-1676	7316-1676-T-361298.WGS	ATRX	NA	NA	NA	NA	NA	NA	NA	1	0	146	30	21	4	21
BS_NMJPX8VQ	PT_EJ8TKG2Z	7316-3571	7316-3571-T-580471.WGS	ATRX	NA	NA	NA	NA	NA	0	1	NA	NA	92	27	16	0	11
BS_CHAFNK64	PT_T2M1338J	7316-258	7316-258-T-246907.WGS	ATRX	NA	NA	NA	NA	NA	NA	NA	NA	NA	100	18	15	0	11
BS_JSMAT49K	PT_V2F0865M	7316-642	7316-642-T-338742.WGS	ATRX	NA	NA	NA	NA	NA	0	1	NA	NA	148	21	12	0	16
BS_QE7WAAKC	PT_KDW5HHWQ	7316-2237	7316-2237-T-431398.WGS	ATRX	NA	NA	NA	NA	NA	0	1	NA	NA	237	63	25	0	34
BS_TF5TTEXH	PT_Z4PJA6KT	7316-1763	7316-1763-T-365902.WGS	ATRX	NA	NA	NA	NA	NA	0	1	NA	NA	150	49	42	0	38
BS_6B62YT97	PT_9GKVQ9QS	A05262	A05262-T.WXS	NA	NA	NA	NA	NA	NA	NA	NA	NA	NA	NA	NA	NA	NA	NA
BS_0ZR4XA69	PT_7VSY72EK	7316-1855	7316-1855-T-373251.WGS	ATRX	NA	NA	NA	NA	NA	0	1	NA	NA	184	47	33	1	28
BS_BVD7PWP5	PT_203ZY782	7316-2668	7316-2668-T-479228.WGS	ATRX	NA	NA	NA	NA	NA	0	1	NA	NA	98	16	8	1	9
BS_94AP61Q5	PT_DDFAZ345	7316-321	7316-321-T-233339.WGS	ATRX	NA	NA	NA	NA	NA	NA	NA	NA	NA	120	25	12	0	7
BS_KAZENYZE	PT_0WMP712K	7316-922	7316-922-T-345621.WGS	ATRX	NA	NA	NA	NA	NA	0	1	NA	NA	154	61	14	0	20
BS_P7VR731D	PT_W5GP3F6B	A16915	A16915-T.WXS	NA	NA	NA	NA	NA	NA	NA	NA	NA	NA	NA	NA	NA	NA	NA
BS_B73JK7T1	PT_CMB6TASJ	7316-505	7316-505-T-331330.WGS	ATRX	NA	NA	NA	NA	NA	NA	NA	NA	NA	40	25	18	0	53
BS_VQC2PE2B	PT_9B6KWJT2	7316-1226	7316-1226-T-356777.WGS	ATRX	NA	NA	NA	NA	NA	0	1	1	0	118	27	20	0	12
BS_0XD58YD9	PT_E66N7YBN	7316-35	7316-35-T-27190.WGS	ATRX	NA	NA	NA	NA	NA	0	1	NA	NA	600	7	1	0	60
BS_BS5X4H0Y	PT_K5KH69Q1	7316-2670	7316-2670-T-479259.WGS	ATRX	NA	NA	NA	NA	NA	NA	NA	NA	NA	122	37	12	2	12
BS_FKQ7F6D1	PT_Y660CKCB	7316-3122	7316-3122-T-550919.WGS	ATRX	p.L691Qfs*4	p.L691Qfs*4	p.L691Qfs*4	NA	NA	0	1	NA	NA	196	131	63	0	66
BS_EQE19CB0	PT_K63972GG	7316-666	7316-666-T-339122.WGS	ATRX	NA	NA	NA	NA	NA	0	1	NA	NA	178	34	22	1	7
BS_DMBNB0EP	PT_7T13FDWK	7316-1082	7316-1082-T-353474.WGS	ATRX	NA	NA	NA	NA	NA	NA	NA	NA	NA	114	8	16	0	10
BS_6SA5B35V	PT_XY404K0D	7316-1782	7316-1782-T-366220.WGS	ATRX	NA	NA	NA	NA	NA	0	1	NA	NA	136	90	16	0	23
BS_VF099E8S	PT_ZCXS29JJ	7316-2153	7316-2153-T-429732.WGS	ATRX	p.Q539Rfs*23	p.Q539Rfs*23	p.Q539Rfs*23	NA	NA	0	1	NA	NA	586	113	79	2	111
BS_XPZAD9PP	PT_A06JR0E5	A17096	A17096-T.WXS	NA	NA	NA	NA	NA	NA	NA	NA	NA	NA	NA	NA	NA	NA	NA
BS_ARE4EM81	PT_FAPEH6R1	7316-1660	7316-1660-T-361058.WGS	ATRX	NA	NA	NA	NA	NA	0	1	NA	NA	268	67	43	0	25
BS_DC7XYYG8	PT_66XN3MT1	7316-936	7316-936-T-345860.WGS	ATRX	NA	NA	NA	NA	NA	NA	NA	NA	NA	148	135	17	2	14
BS_ZX1YPQ88	PT_W6CW60K9	7316-380	7316-380-T-242841.WGS	ATRX	NA	NA	NA	NA	NA	0	1	NA	NA	2328	45	16	1	235
BS_NEX92KQH	PT_WGWMA5AZ	7316-148	7316-148-T-146367.WGS	ATRX	NA	NA	NA	NA	NA	0	1	NA	NA	154	37	26	1	20
BS_2SG8JNMB	PT_NNZQ09SH	7316-1109	7316-1109-T-353881.WGS	ATRX	NA	NA	NA	NA	NA	0	1	NA	NA	105	20	22	0	8
BS_MZB884N9	PT_2YCHME6S	7316-2622	7316-2622-T-469083.WGS	ATRX	NA	NA	NA	NA	NA	0	1	1	0	16	27	16	0	0
BS_BAVWP5JG	PT_G5RA8E3N	7316-727	7316-727-T-340057.WGS	ATRX	NA	NA	NA	NA	NA	0	1	0	1	66	53	12	1	7
BS_49JD1V3S	PT_3CVMBGD7	7316-1963	7316-1963-T-389517.WGS	ATRX	NA	NA	NA	NA	NA	0	1	NA	NA	82	81	15	0	9
BS_VDSR4X6N	PT_HGHV85PZ	7316-2300	7316-2300-T-447884.WGS	ATRX	NA	NA	NA	NA	NA	0	1	NA	NA	126	29	20	1	12
BS_S7S6YEHA	PT_8GBF5MTD	7316-166	7316-166-T.WGS	ATRX	NA	NA	NA	NA	NA	0	1	NA	NA	4182	56	3	2	163
BS_C6NB914B	PT_K8ZV7APT	7316-2166	7316-2166-T-425629.WGS	ATRX	NA	NA	NA	NA	NA	0	1	NA	NA	94	49	11	0	7
BS_AQECMDPP	PT_3A87PCQK	7316-480	7316-480-T-323911.WGS	ATRX	NA	NA	NA	NA	NA	0	1	NA	NA	62	30	6	1	6
BS_8B1YF57H	PT_48N4Y6YP	7316-1866	7316-1866-T-373311.WGS	ATRX	NA	NA	NA	NA	NA	NA	NA	NA	NA	166	27	29	2	28
BS_3DYRAZE7	PT_E78NHRWQ	7316-1081	7316-1081-T-353459.WGS	ATRX	NA	NA	NA	NA	NA	0	1	NA	NA	56	15	22	1	8
BS_GDPZN3SD	PT_FKWCVXNC	7316-332	7316-332-T-242248.WGS	ATRX	NA	NA	NA	NA	NA	NA	NA	NA	NA	140	19	26	1	7
BS_4Z6F1HJZ	PT_6PFFSB6D	7316-2569	7316-2569-T-462584.WGS	ATRX	NA	NA	NA	NA	NA	0	1	NA	NA	118	25	38	0	9
BS_8BM1WTGR	PT_BCN28SW9	7316-3574	7316-3574-T-580514.WGS	ATRX	NA	NA	NA	NA	NA	0	1	NA	NA	80	84	9	0	11
BS_6TMPZKSZ	PT_NESAQHB1	7316-3689	7316-3689-T-585843.WGS	ATRX	NA	NA	NA	NA	NA	0	1	NA	NA	246	38	45	0	26
BS_9NF39QAW	PT_4XVA57J7	7316-1760	7316-1760-T-365846.WGS	ATRX	NA	NA	NA	NA	NA	NA	NA	NA	NA	88	61	25	0	19
BS_HTGDSPQA	PT_4159VCJY	7316-389	7316-389-T-290251.WGS	ATRX	NA	NA	NA	NA	NA	0	1	1	0	158	87	24	1	22
BS_NFT9VHMJ	PT_N56EYD4Z	7316-3857	7316-3857-T-602605.WGS	ATRX	NA	NA	NA	NA	NA	0	1	NA	NA	352	53	64	0	42
BS_F0GNWEJJ	PT_EB0D3BXG	7316-3311	7316-3311-T-563651.WGS	ATRX	NA	NA	NA	0	1	0	1	0	1	154	64	60	0	47
BS_9HEMB7RK	PT_W6AWJJK7	7316-230	7316-230-T-232000.WGS	ATRX	NA	NA	NA	NA	NA	NA	NA	NA	NA	42	41	5	1	7
BS_F5641KTR	PT_JXSDFPNM	7316-2142	7316-2142-T-409149.WGS	ATRX	NA	NA	NA	NA	NA	NA	NA	NA	NA	110	43	56	1	20
BS_F7KYPE79	PT_4RJ2EATN	7316-1653	7316-1653-T-360954.WGS	ATRX	NA	NA	NA	NA	NA	NA	NA	NA	NA	174	41	49	0	14
BS_CZRA594T	PT_3AWKWXEV	7316-85	7316-85-T-61659.WGS	ATRX	NA	NA	NA	NA	NA	0	1	NA	NA	264	78	32	1	35
BS_P99S85CY	PT_GR8P8NY5	7316-178	7316-178-T-169916.WGS	ATRX	NA	NA	NA	NA	NA	NA	NA	NA	NA	134	78	27	1	27
BS_H83DTMT2	PT_HJA1ZYS1	7316-2939	7316-2939-T-534042.WGS	ATRX	NA	NA	NA	NA	NA	NA	NA	NA	NA	116	28	13	0	17
BS_GCQEB05M	PT_DMHFS0HX	7316-3055	7316-3055-T-548356.WGS	ATRX	NA	NA	NA	NA	NA	0	1	NA	NA	131	34	16	0	16
BS_NWYBD9CA	PT_82A9SDRN	7316-2313	7316-2313-T-458864.WGS	ATRX	NA	NA	NA	NA	NA	NA	NA	NA	NA	106	28	57	0	24
BS_GKXD33YH	PT_NK8A49X5	A14449	A14449-T.WXS	ATRX	p.W2001*	p.W2001*	p.W2001*	NA	NA	NA	NA	NA	NA	NA	NA	NA	NA	NA
BS_B6KCJF2B	PT_NPHZQW6A	7316-1985	7316-1985-T-389847.WGS	ATRX	NA	NA	NA	0	1	0	1	0	1	144	34	20	0	11
BS_HW4MYBZ2	PT_409Y4N1N	7316-84	7316-84-T-61060.WGS	ATRX	NA	NA	NA	NA	NA	0	1	NA	NA	5246	34	1	0	156
BS_84AQCZE4	PT_ECBD1D5J	7316-2177	7316-2177-T-425795.WGS	ATRX	NA	NA	NA	NA	NA	0	1	NA	NA	118	18	23	3	10
BS_BWZTMWTM	PT_F1086Z0A	7316-1101	7316-1101-T-353760.WGS	ATRX	NA	NA	NA	NA	NA	0	1	NA	NA	230	47	56	0	17
BS_PMFR8NPN	PT_N673SYWW	7316-1751	7316-1751-T-365695.WGS	ATRX	NA	NA	NA	NA	NA	0	1	NA	NA	204	128	23	0	23
BS_MWXDJFWW	PT_CEWNZVKF	7316-124	7316-124-T.WGS	ATRX	NA	NA	NA	NA	NA	0	1	NA	NA	842	28	5	1	64
BS_N8D9FH6M	PT_EW604JB3	7316-1134	7316-1134-T-356677.WGS	ATRX	NA	NA	NA	NA	NA	NA	NA	NA	NA	76	47	4	3	8
BS_BR1X3R68	PT_ZN1F7RMP	7316-1080	7316-1080-T-353445.WGS	ATRX	NA	NA	NA	NA	NA	0	1	0	1	142	82	20	0	24
BS_ERFMPQN3	PT_VTM2STE3	7316-2189	7316-2189-T-425982.WGS	ATRX	NA	NA	NA	NA	NA	NA	NA	NA	NA	199	29	25	2	26
BS_9BGCH82S	PT_D9NTSYSC	7316-3064	7316-3064-T-548481.WGS	ATRX	NA	NA	NA	NA	NA	0	1	NA	NA	182	47	48	1	52
BS_FWCKP4X1	PT_GY0QSY4H	7316-1075	7316-1075-T-353369.WGS	ATRX	NA	NA	NA	NA	NA	0	1	NA	NA	112	32	15	0	10
BS_Z4S81HG1	PT_QPY0H50V	7316-2614	7316-2614-T-467522.WGS	ATRX	NA	NA	NA	NA	NA	0	1	NA	NA	98	19	5	1	18
BS_YBCQBCQC	PT_2NQPX1R2	7316-1116	7316-1116-T-353986.WGS	ATRX	NA	NA	NA	NA	NA	0	1	NA	NA	180	31	22	1	57
BS_TNQKJZCP	PT_9DER14KH	7316-2230	7316-2230-T-431322.WGS	ATRX	NA	NA	NA	NA	NA	0	1	NA	NA	148	58	33	1	49
BS_QYWGB52C	PT_2Z7GVDTM	7316-3515	7316-3515-T-576576.WGS	ATRX	NA	NA	NA	NA	NA	NA	NA	NA	NA	198	49	22	0	23
BS_AR2BH0Z4	PT_A0F23R7E	7316-452	7316-452-T-319885.WGS	ATRX	NA	NA	NA	NA	NA	0	1	NA	NA	126	26	21	0	22
BS_5CCAC8TZ	PT_KAQMYFYB	A16405	A16405-T.WXS	NA	NA	NA	NA	NA	NA	NA	NA	NA	NA	NA	NA	NA	NA	NA
BS_HGP0PV0D	PT_3D74J8RZ	7316-1792	7316-1792-T-366391.WGS	ATRX	NA	NA	NA	NA	NA	0	1	NA	NA	96	61	12	1	7
BS_Q5XKTB1V	PT_SBHN5F68	7316-516	7316-516-T-331505.WGS	ATRX	NA	NA	NA	NA	NA	0	1	NA	NA	132	14	20	2	11
BS_R913E3VB	PT_VABP80N2	7316-1949	7316-1949-T-389307.WGS	ATRX	NA	NA	NA	NA	NA	NA	NA	NA	NA	180	133	29	1	20
BS_11322HD1	PT_TRXF649Z	7316-915	7316-915-T-345502.WGS	ATRX	NA	NA	NA	NA	NA	NA	NA	NA	NA	80	16	17	0	13
BS_V79WFJ6N	PT_AP9P5D7N	7316-1117	7316-1117-T-353999.WGS	ATRX	NA	NA	NA	NA	NA	0	1	NA	NA	134	40	18	0	21
BS_Z14Z2JMW	PT_9ZY739FB	7316-170	7316-170-T-166510.WGS	ATRX	NA	NA	NA	NA	NA	NA	NA	NA	NA	170	87	29	0	25
BS_QX754ADQ	PT_5KRVE8E4	7316-1671	7316-1671-T-361223.WGS	ATRX	NA	NA	NA	NA	NA	NA	NA	NA	NA	122	225	22	3	21
BS_YRC54VPP	PT_QH9H491G	7316-382	7316-382-T-242863.WGS	ATRX	NA	NA	NA	NA	NA	NA	NA	NA	NA	146	52	26	0	22
BS_886M7JMG	PT_R1N5M7NH	7316-3557	7316-3557-T-580275.WGS	ATRX	NA	NA	NA	NA	NA	0	1	NA	NA	166	25	17	2	10
BS_B1X2SB4P	PT_06ERX8Z7	7316-2578	7316-2578-T-463586.WGS	ATRX	NA	NA	NA	NA	NA	NA	NA	NA	NA	178	52	22	1	14
BS_WEGGXVYA	PT_HXDCHQ9Y	7316-2171	7316-2171-T-425703.WGS	ATRX	NA	NA	NA	NA	NA	0	1	NA	NA	104	21	22	0	10
BS_WPCBK1EG	PT_Z4PJA6KT	7316-1763	7316-1763-T-365898.WGS	ATRX	NA	NA	NA	NA	NA	0	1	NA	NA	212	53	36	1	43
BS_D6STCMQS	PT_KZ56XHJT	7316-3231	7316-3231-T-SF5599-8.WGS	ATRX	NA	NA	NA	NA	NA	0	1	NA	NA	182	97	21	0	37
BS_40FX713C	PT_MSBPMJ56	7316-306	7316-306-T-233158.WGS	ATRX	NA	NA	NA	0	1	0	1	0	1	122	43	30	0	24
BS_ACTR13BQ	PT_WYR1DVHX	7316-1950	7316-1950-T-389324.WGS	ATRX	NA	NA	NA	NA	NA	0	1	NA	NA	60	35	13	0	10
BS_B4P1NP87	PT_3VCS1PPF	7316-198	7316-198-T-203902.WGS	ATRX	NA	NA	NA	NA	NA	0	1	NA	NA	209	42	33	1	16
BS_JVTQD8HH	PT_8V3360DR	7316-641	7316-641-T-338727.WGS	ATRX	NA	NA	NA	NA	NA	NA	NA	NA	NA	134	31	8	1	16
BS_69VS8PS1	PT_DQT78GS5	7316-3326	7316-3326-T-564996.WGS	ATRX	NA	NA	NA	NA	NA	NA	NA	NA	NA	202	74	67	0	88
BS_ABENB1H2	PT_N9CGVG02	7316-2197	7316-2197-T-430377.WGS	ATRX	NA	NA	NA	NA	NA	0	1	NA	NA	76	10	19	0	7
BS_Y7CA8B5R	PT_7FQ6VECA	7316-3846	7316-3846-T-602473.WGS	ATRX	NA	NA	NA	NA	NA	0	1	NA	NA	324	44	56	0	42
BS_WRJNMEX2	PT_6TKJRSPW	7316-162	7316-162-T-152289.WGS	ATRX	NA	NA	NA	NA	NA	0	1	NA	NA	164	28	27	0	20
BS_45913DTA	PT_HYXSSCJ5	7316-1088	7316-1088-T-353564.WGS	ATRX	NA	NA	NA	NA	NA	0	1	NA	NA	122	17	25	0	9
BS_P3EVK3C2	PT_S21ZTKPS	7316-362	7316-362-T-242608.WGS	ATRX	NA	NA	NA	NA	NA	0	1	NA	NA	140	23	14	0	12
BS_XJZQA3AP	PT_B54PH840	7316-2707	7316-2707-T-489304.WGS	ATRX	NA	NA	NA	0	1	0	1	0	1	140	73	55	1	94
BS_MCM78YPC	PT_XHYBZKCX	7316-1456	7316-1456-T-357461.WGS	ATRX	NA	NA	NA	NA	NA	0	1	NA	NA	164	249	28	2	38
BS_47454JJ6	PT_SDK91A16	7316-247	7316-247-T-232204.WGS	ATRX	NA	NA	NA	NA	NA	NA	NA	NA	NA	150	110	26	0	28
BS_7HC4W4SA	PT_GB8MNK85	7316-1086	7316-1086-T-353536.WGS	ATRX	NA	NA	NA	NA	NA	NA	NA	NA	NA	102	35	12	0	19
BS_SK949N33	PT_E1TRJP8V	7316-134	7316-134-T-115887.WGS	ATRX	NA	NA	NA	0	1	0	1	0	1	200	23	18	0	10
BS_3J4T2YYW	PT_T93J9EGZ	7316-2196	7316-2196-T-430364.WGS	ATRX	NA	NA	NA	NA	NA	NA	NA	NA	NA	126	78	9	1	22
BS_MSGYZ69T	PT_VTF65Y63	7316-3513	7316-3513-T-576549.WGS	ATRX	NA	NA	NA	NA	NA	NA	NA	NA	NA	178	137	18	0	18
BS_ZR75EKKX	PT_9S6WMQ92	7316-95	7316-95-T-65745.WGS	ATRX	NA	NA	NA	NA	NA	0	1	0	1	190	73	66	0	94
BS_FG649AWK	PT_YY7CRV21	7316-215	7316-215-T-225301.WGS	ATRX	NA	NA	NA	NA	NA	0	1	NA	NA	119	20	23	0	7
BS_QGX93WPF	PT_P4ZEFY19	7316-937	7316-937-T-345875.WGS	ATRX	NA	NA	NA	NA	NA	0	1	0	1	624	76	60	0	54
BS_8BD8WD38	PT_VH6S71AC	7316-735	7316-735-T-341030.WGS	ATRX	NA	NA	NA	NA	NA	0	1	1	0	176	60	23	1	16
BS_BX8AR74E	PT_FN4GEEFR	7316-729	7316-729-T-340087.WGS	ATRX	NA	NA	NA	NA	NA	NA	NA	NA	NA	184	44	34	0	15
BS_6VKKMM6M	PT_RJ1TJ2KH	7316-3680	7316-3680-T-585735.WGS	ATRX	NA	NA	NA	NA	NA	0	1	NA	NA	74	69	8	0	7
BS_89RCN9PF	PT_NZFFMZ0B	7316-923	7316-923-T-345637.WGS	ATRX	NA	NA	NA	NA	NA	0	1	NA	NA	156	121	14	0	20
BS_NTXHP7QR	PT_BZKJR4GK	7316-561	7316-561-T-336208.WGS	ATRX	NA	NA	NA	NA	NA	NA	NA	NA	NA	110	94	13	1	12
BS_PV130A29	PT_YRMG61G8	7316-2305	7316-2305-T-458760.WGS	ATRX	NA	NA	NA	NA	NA	0	1	NA	NA	140	26	23	1	11
BS_58X7SKJS	PT_QQZXYR4M	7316-1946	7316-1946-T-389263.WGS	ATRX	p.I360Rfs*6	p.I360Rfs*6	p.I360Rfs*6	NA	NA	0	1	NA	NA	210	49	40	1	27
BS_7BNQBB26	PT_CBAYDRF9	7316-1675	7316-1675-T-361285.WGS	ATRX	NA	NA	NA	NA	NA	NA	NA	NA	NA	92	83	17	0	19
BS_9DM8H1RX	PT_SYHB12RN	7316-194	7316-194-T-202199.WGS	ATRX	NA	NA	NA	NA	NA	0	1	NA	NA	186	94	22	4	18
BS_NYVVN7SD	PT_2WVW55DA	7316-1890	7316-1890-T-376458.WGS	ATRX	NA	NA	NA	NA	NA	NA	NA	NA	NA	20	5	1	0	2
BS_9BF58P80	PT_BG7GAFK6	7316-3626	7316-3626-T-584804.WGS	ATRX	NA	NA	NA	NA	NA	0	1	NA	NA	167	37	39	0	21
BS_ZECKZTFC	PT_X8S0H6TG	7316-876	7316-876-T-344838.WGS	ATRX	NA	NA	NA	NA	NA	0	1	NA	NA	32	7	3	0	4
BS_96S0VQBN	PT_1H2REHT2	7316-3303	7316-3303-T-573928.WGS	ATRX	NA	NA	NA	NA	NA	0	1	NA	NA	506	201	141	0	251
BS_ZBWQG7VR	PT_PKP1250P	7316-2556	7316-2556-T-460339.WGS	ATRX	NA	NA	NA	0	1	0	1	0	1	122	73	38	2	49
BS_HYGK88B0	PT_95S99RWE	7316-323	7316-323-T.WGS	ATRX	NA	NA	NA	NA	NA	0	1	NA	NA	3086	177	74	0	296
BS_QZRP3NSG	PT_KBFM551M	7316-4447	7316-4447-T.WGS	ATRX	NA	NA	NA	NA	NA	0	1	0	1	230	38	13	0	37
BS_WD37M8SD	PT_XNTFM9XY	7316-92	7316-92-T-64452.WGS	ATRX	NA	NA	NA	NA	NA	0	1	0	1	158	21	24	0	23
BS_QA0W86WP	PT_NPPBNRVV	7316-1943	7316-1943-T-389219.WGS	ATRX	NA	NA	NA	0	1	0	1	0	1	88	53	5	1	13
BS_XW26N96W	PT_RGX23JFP	7316-2901	7316-2901-T-514021.WGS	ATRX	NA	NA	NA	NA	NA	NA	NA	NA	NA	176	26	22	2	23
BS_4G9Y2VC6	PT_8CZ6ANE0	7316-1970	7316-1970-T-389624.WGS	ATRX	NA	NA	NA	NA	NA	0	1	NA	NA	78	16	13	0	9
BS_Q807ENGY	PT_0H65S44B	7316-3567	7316-3567-T-580416.WGS	ATRX	NA	NA	NA	NA	NA	0	1	NA	NA	238	48	47	0	18
BS_EKR4NSNW	PT_PY4QFHHV	7316-3768	7316-3768-T-646869.WGS	ATRX	NA	NA	NA	NA	NA	0	1	NA	NA	280	48	44	1	17
BS_R1G6SG0K	PT_KEQ53KRH	7316-440	7316-440-T-313142.WGS	ATRX	NA	NA	NA	NA	NA	NA	NA	NA	NA	354	119	125	2	193
BS_XH5JP8DB	PT_T1FV709B	7316-681	7316-681-T-339367.WGS	ATRX	NA	NA	NA	NA	NA	0	1	NA	NA	107	27	26	1	20
BS_Z9PKZ4RT	PT_PFP1ZVHD	7316-2310	7316-2310-T-458825.WGS	ATRX	NA	NA	NA	NA	NA	0	1	NA	NA	112	29	12	0	20
BS_TE8QFF7T	PT_01MZ62KG	7316-447	7316-447-T-317727.WGS	ATRX	NA	NA	NA	NA	NA	0	1	NA	NA	92	33	14	0	14
BS_E1VJCEWB	PT_FN4GEEFR	7316-3010	7316-3010-T-539916.WGS	ATRX	NA	NA	NA	0	1	0	1	0	1	132	63	12	0	15
BS_BBCM52QE	PT_23K3YS1P	7316-189	7316-189-T-174142.WGS	ATRX	NA	NA	NA	NA	NA	NA	NA	NA	NA	276	61	22	0	28
BS_68TZMZH1	PT_C2D4JXS1	7316-1746	7316-1746-T-365613.WGS	ATRX	NA	NA	NA	NA	NA	NA	NA	NA	NA	118	17	16	0	21
BS_HZV4WDTB	PT_GERCQ0JG	7316-3520	7316-3520-T-576634.WGS	ATRX	NA	NA	NA	NA	NA	NA	NA	NA	NA	114	31	9	0	13
BS_AG6M7TJE	PT_99S5BPE3	7316-451	7316-451-T-319868.WGS	ATRX	NA	NA	NA	NA	NA	0	1	NA	NA	172	41	27	1	43
BS_ASXY97FK	PT_JEA0AEMZ	7316-2169	7316-2169-T-425675.WGS	ATRX	NA	NA	NA	NA	NA	0	1	NA	NA	186	24	21	2	17
BS_5V2XCW17	PT_3KWSRWZN	7316-2648	7316-2648-T-498146.WGS	ATRX	NA	NA	NA	NA	NA	0	1	0	1	292	81	36	1	24
BS_7PKPNFFK	PT_D1WJ3BJX	7316-358	7316-358-T-242561.WGS	ATRX	NA	NA	NA	NA	NA	0	1	NA	NA	252	47	26	0	19
BS_SSYNTXDC	PT_PJFTMJ6H	7316-2150	7316-2150-T-409270.WGS	ATRX	NA	NA	NA	NA	NA	NA	NA	NA	NA	116	13	19	0	14
BS_JX1PK0VW	PT_38FS37DP	7316-2686	7316-2686-T-485666.WGS	ATRX	NA	NA	NA	NA	NA	NA	NA	NA	NA	270	50	42	1	31
BS_3CG2N4PD	PT_CXT81GRM	7316-1772	7316-1772-T-366051.WGS	ATRX	NA	NA	NA	NA	NA	0	1	NA	NA	166	46	40	0	25
BS_E7HEQZ1K	PT_KMHGNCNR	7316-350	7316-350-T-242463.WGS	ATRX	NA	NA	NA	0	1	0	1	0	1	124	22	26	0	13
BS_DJEVCH34	PT_DFXQFYPV	7316-2155	7316-2155-T-409344.WGS	ATRX	NA	NA	NA	0	1	0	1	0	1	156	34	28	0	17
BS_S34SCYW4	PT_TVK2KY36	7316-2626	7316-2626-T-469135.WGS	ATRX	NA	NA	NA	NA	NA	0	1	NA	NA	108	75	17	3	21
BS_AWV1EDYB	PT_Z4GS3ZQQ	7316-1797	7316-1797-T-366592.WGS	ATRX	NA	NA	NA	NA	NA	0	1	NA	NA	250	61	36	3	24
BS_FFD25TTK	PT_VJ0M4E8Y	7316-2099	7316-2099-T-407788.WGS	ATRX	NA	NA	NA	NA	NA	NA	NA	NA	NA	94	40	18	0	11
BS_ZAT0XJE5	PT_JV9G8MFD	7316-2269	7316-2269-T-445086.WGS	ATRX	NA	NA	NA	NA	NA	NA	NA	NA	NA	230	90	38	1	36
BS_Y3472DYJ	PT_N4PR21ME	7316-330	7316-330-T-234381.WGS	ATRX	NA	NA	NA	NA	NA	0	1	NA	NA	88	24	27	1	12
BS_G61CN2V0	PT_WY8REZ3P	7316-1783	7316-1783-T-366237.WGS	ATRX	NA	NA	NA	NA	NA	NA	NA	NA	NA	142	129	21	1	29
BS_NDSWS9TS	PT_GH693TT8	7316-2181	7316-2181-T-425854.WGS	ATRX	NA	NA	NA	0	1	0	1	0	1	62	17	11	2	7
BS_17FVWMNV	PT_GY99ZJHV	7316-1654	7316-1654-T-360968.WGS	ATRX	NA	NA	NA	NA	NA	0	1	NA	NA	110	54	20	1	13
BS_5XZP7F4Q	PT_K8ZV7APT	7316-2590	7316-2590-T-463767.WGS	ATRX	NA	NA	NA	NA	NA	0	1	NA	NA	208	112	105	1	28
BS_D2BZ25FW	PT_6N1QWCXE	7316-3169	7316-3169-T-555349.WGS	ATRX	NA	NA	NA	NA	NA	0	1	NA	NA	185	46	42	1	14
BS_GXACEYKB	PT_8ECE2D92	7316-914	7316-914-T-345486.WGS	ATRX	NA	NA	NA	NA	NA	0	1	1	0	104	10	9	0	4
BS_05S9WJW6	PT_23NZGSRJ	7316-2659	7316-2659-T-479093.WGS	ATRX	NA	NA	NA	NA	NA	NA	NA	NA	NA	60	59	8	0	4
BS_SYGKQD8M	PT_RGX23JFP	7316-156	7316-156-T-149745.WGS	ATRX	NA	NA	NA	NA	NA	0	1	NA	NA	126	53	17	3	23
BS_164KRQJ0	PT_7BJBEBZT	7316-1670	7316-1670-T-361208.WGS	ATRX	NA	NA	NA	NA	NA	0	1	0	1	78	64	20	2	22
BS_CXCKHP3Z	PT_13MKXR8G	7316-2251	7316-2251-T-435190.WGS	ATRX	NA	NA	NA	NA	NA	0	1	NA	NA	142	35	28	0	19
BS_H1K33JVK	PT_V8714N9H	7316-2322	7316-2322-T-458981.WGS	ATRX	NA	NA	NA	NA	NA	0	1	NA	NA	258	66	125	2	29
BS_55N7KFHW	PT_S8E3281G	7316-2138	7316-2138-T-409090.WGS	ATRX	NA	NA	NA	NA	NA	0	1	NA	NA	136	21	16	0	20
BS_KAD49R68	PT_63F63QY0	7316-3521	7316-3521-T-576646.WGS	ATRX	NA	NA	NA	NA	NA	0	1	NA	NA	158	60	28	2	32
BS_AM2TZPNS	PT_NH8CJ84W	7316-164	7316-164-T.WGS	ATRX	NA	NA	NA	NA	NA	NA	NA	NA	NA	8078	106	20	0	533
BS_YETTZ1NC	PT_EV71W1JW	7316-349	7316-349-T-242451.WGS	ATRX	NA	NA	NA	1	0	0	1	1	1	280	225	131	0	209
BS_9F2J6VS1	PT_0XN6EYXZ	7316-3512	7316-3512-T-576539.WGS	ATRX	NA	NA	NA	NA	NA	0	1	NA	NA	78	48	11	0	11
BS_WJB33V17	PT_59FJRPVX	7316-3769	7316-3769-T-646871.WGS	ATRX	NA	NA	NA	NA	NA	0	1	0	1	262	46	62	0	29
BS_F1B71HTZ	PT_1KEER2Q1	7316-460	7316-460-T-323574.WGS	ATRX	NA	NA	NA	NA	NA	0	1	NA	NA	194	36	26	0	38
BS_P42V737Y	PT_82MX6J77	7316-2148	7316-2148-T-409241.WGS	ATRX	NA	NA	NA	NA	NA	0	1	NA	NA	110	33	29	1	51
BS_E5H6CFYT	PT_6Q0NPVP3	7316-2255	7316-2255-T-435241.WGS	ATRX	NA	NA	NA	NA	NA	0	1	NA	NA	70	54	15	0	11
BS_W50WEJE7	PT_25Z2NX27	7316-1462	7316-1462-T-357564.WGS	ATRX	NA	NA	NA	NA	NA	0	1	NA	NA	133	38	43	0	17
BS_0YVR8Q4E	PT_R0M1QBY4	7316-905	7316-905-T-345332.WGS	ATRX	NA	NA	NA	NA	NA	NA	NA	NA	NA	66	12	5	1	10
BS_5FBN4PPQ	PT_M9XXJ4GR	A09576	A09576-T.WXS	ATRX	p.K1357Dfs*4	p.K1357Dfs*4	p.K1357Dfs*4	NA	NA	NA	NA	NA	NA	NA	NA	NA	NA	NA
BS_DT92H1MJ	PT_76Q72M5T	7316-397	7316-397-T-290404.WGS	ATRX	NA	NA	NA	NA	NA	NA	NA	NA	NA	184	29	24	0	15
BS_4M0ZMCDC	PT_TPSMT960	7316-400	7316-400-T-290442.WGS	ATRX	NA	NA	NA	NA	NA	NA	NA	NA	NA	114	61	15	0	18
BS_NASADC3P	PT_DTP4MMRA	7316-1463	7316-1463-T-357623.WGS	ATRX	NA	NA	NA	NA	NA	0	1	NA	NA	160	32	20	1	22
BS_7M6F9GQD	PT_VJZN69T9	7316-3510	7316-3510-T-576513.WGS	ATRX	NA	NA	NA	NA	NA	0	1	NA	NA	176	96	17	0	25
BS_S0T3CQ97	PT_63HDZHCN	7316-2980	7316-2980-T-534980.WGS	ATRX	p.R840Efs*29	p.R840Efs*29	NA	NA	NA	0	1	NA	NA	242	63	58	1	55
BS_ZSH09N84	PT_MNSEJCDM	7316-3227	7316-3227-T-A14402.WGS	ATRX	NA	NA	NA	NA	NA	0	1	NA	NA	526	101	71	0	136
BS_D3KVGMRJ	PT_AQWDQW27	7316-1705	7316-1705-T-362652.WGS	ATRX	NA	NA	NA	NA	NA	0	1	NA	NA	100	56	18	2	33
BS_BYJDRXMK	PT_DH8A0SNQ	7316-3057	7316-3057-T-548385.WGS	ATRX	NA	NA	NA	NA	NA	0	1	NA	NA	172	25	22	0	12
BS_QD22MJJ5	PT_QAX38GM7	7316-3570	7316-3570-T-580457.WGS	ATRX	NA	NA	NA	NA	NA	0	1	NA	NA	82	20	9	0	7
BS_AGAW7M7W	PT_BF3PGTF7	7316-1808	7316-1808-T-366759.WGS	ATRX	NA	NA	NA	NA	NA	NA	NA	NA	NA	194	29	28	1	23
BS_NJV6A585	PT_X84SD608	7316-497	7316-497-T-324238.WGS	ATRX	NA	NA	NA	NA	NA	0	1	NA	NA	166	20	35	0	18
BS_NJFK43N3	PT_KFYJBQB8	7316-3075	7316-3075-T-549171.WGS	ATRX	NA	NA	NA	0	1	0	1	0	1	172	39	21	0	17
BS_R1CV479M	PT_F3S9PB94	7316-2240	7316-2240-T-431401.WGS	ATRX	NA	NA	NA	NA	NA	0	1	NA	NA	118	44	14	2	12
BS_GBT44HST	PT_M23Q0DC3	A03942	A03942-T.WXS	NA	NA	NA	NA	NA	NA	NA	NA	NA	NA	NA	NA	NA	NA	NA
BS_HBAKYKQM	PT_C94VR1Y2	7316-2278	7316-2278-T-445203.WGS	ATRX	NA	NA	NA	NA	NA	0	1	NA	NA	270	57	47	2	15
BS_MJ8EGM54	PT_69C7CBFW	7316-1959	7316-1959-T-389457.WGS	ATRX	NA	NA	NA	NA	NA	0	1	0	1	88	71	35	0	11
BS_QDGHHS4S	PT_FFRHWB74	7316-932	7316-932-T-345792.WGS	ATRX	NA	NA	NA	NA	NA	0	1	NA	NA	130	43	24	2	34
BS_KH3859M5	PT_DTP4MMRA	7316-1463	7316-1463-T-373373.WGS	ATRX	NA	NA	NA	NA	NA	NA	NA	NA	NA	174	29	28	0	18
BS_C5RDMCCS	PT_R10BSB9F	7316-1965	7316-1965-T-389549.WGS	ATRX	NA	NA	NA	NA	NA	0	1	NA	NA	178	25	28	0	28
BS_93BV8AY9	PT_S4YNE17X	7316-234	7316-234-T-232048.WGS	ATRX	NA	NA	NA	NA	NA	NA	NA	NA	NA	54	20	9	0	7
BS_Z4Q8RH5M	PT_0K0DPVF6	7316-121	7316-121-T-110375.WGS	ATRX	NA	NA	NA	NA	NA	0	1	1	0	206	22	29	0	36
BS_ABZ3BK38	PT_S2BEPYQ0	7316-3000	7316-3000-T-536211.WGS	ATRX	NA	NA	NA	1	0	1	0	1	0	146	33	9	0	40
BS_5V2FBYQG	PT_AWBPNFM5	7316-1854	7316-1854-T-373285.WGS	ATRX	NA	NA	NA	NA	NA	0	1	NA	NA	84	24	15	0	16
BS_PYVPKH11	PT_NTEKMKTX	7316-1650	7316-1650-T-360908.WGS	ATRX	NA	NA	NA	NA	NA	0	1	NA	NA	144	26	19	0	23
BS_8BS10XE2	PT_QJ3144WH	7316-3204	7316-3204-T-555613.WGS	ATRX	NA	NA	NA	NA	NA	0	1	0	1	162	30	33	0	20
BS_6DT506HY	PT_NK8A49X5	A08692	A08692-T.WXS	ATRX	p.W2001*	p.W2001*	p.W2001*	NA	NA	NA	NA	NA	NA	NA	NA	NA	NA	NA
BS_H2K7XX4X	PT_9HMVHQEH	7316-22	7316-22-T-16756.WGS	ATRX	NA	NA	NA	NA	NA	0	1	NA	NA	357	117	65	6	33
BS_CGCNC41M	PT_1TGKS073	7316-1659	7316-1659-T-361043.WGS	ATRX	NA	NA	NA	NA	NA	1	0	NA	NA	148	39	37	1	21
BS_XKXDH0YJ	PT_5SNX4PMK	7316-171	7316-171-T-166934.WGS	ATRX	NA	NA	NA	NA	NA	NA	NA	NA	NA	132	23	18	1	10
BS_E2RXQ3JW	PT_X1PRY0FC	7316-1779	7316-1779-T-366169.WGS	ATRX	NA	NA	NA	NA	NA	0	1	NA	NA	102	58	15	0	19
BS_XBBBE8V2	PT_XWVQW6JX	7316-3556	7316-3556-T-580262.WGS	ATRX	NA	NA	NA	NA	NA	0	1	NA	NA	348	82	75	1	33
BS_1S5V7WWC	PT_QTDY0Y9A	7316-3771	7316-3771-T-592398.WGS	ATRX	NA	NA	NA	NA	NA	0	1	NA	NA	184	67	47	0	21
BS_B9QP40ER	PT_2JDDX6TJ	7316-409	7316-409-T-311476.WGS	ATRX	p.V1002*	p.V1002*	p.V1002*	NA	NA	0	1	NA	NA	206	39	29	0	30
BS_G2016BE5	PT_TB8HPJBN	7316-2663	7316-2663-T-479154.WGS	ATRX	NA	NA	NA	NA	NA	0	1	NA	NA	54	72	17	0	12
BS_YH4DYNQ2	PT_4ZSR5DY8	7316-264	7316-264-T-232408.WGS	ATRX	NA	NA	NA	NA	NA	0	1	NA	NA	98	39	13	1	13
BS_3Y44RJXS	PT_W6AWJJK7	7316-893	7316-893-T-345129.WGS	ATRX	NA	NA	NA	NA	NA	0	1	NA	NA	84	33	13	0	15
BS_3MYQP7P5	PT_S4YNE17X	7316-2899	7316-2899-T-542859.WGS	ATRX	NA	NA	NA	NA	NA	NA	NA	NA	NA	140	26	20	0	12
BS_9QMVZ4C0	PT_E546ZRXA	7316-952	7316-952-T-346132.WGS	ATRX	NA	NA	NA	NA	NA	NA	NA	NA	NA	92	32	13	1	10
BS_DH86PF5A	PT_B38P3Y5T	7316-3208	7316-3208-T-555661.WGS	ATRX	NA	NA	NA	NA	NA	NA	NA	NA	NA	126	48	26	0	38
BS_BZ4GKDP4	PT_B0JFCN5W	7316-1773	7316-1773-T-366068.WGS	ATRX	NA	NA	NA	NA	NA	0	1	NA	NA	102	24	22	0	9
BS_KYG3H6C6	PT_MPRBGGEJ	7316-2172	7316-2172-T-456310.WGS	ATRX	NA	NA	NA	NA	NA	0	1	NA	NA	136	16	16	0	21
BS_WDTT7PG2	PT_ZMKMKCFQ	7316-2753	7316-2753-T-508131.WGS	ATRX	NA	NA	NA	NA	NA	0	1	NA	NA	161	30	42	3	15
BS_Y74XAFJX	PT_MNSEJCDM	7316-3229	7316-3229-T-SF5608-3.WGS	ATRX	NA	NA	NA	NA	NA	0	1	NA	NA	188	90	35	0	45
BS_20X874J5	PT_BPKVVWVB	7316-2250	7316-2250-T-435177.WGS	ATRX	NA	NA	NA	NA	NA	0	1	NA	NA	166	22	23	0	27
BS_SYWRCE3Z	PT_RM9AZ7A8	7316-2084	7316-2084-T-407593.WGS	ATRX	NA	NA	NA	NA	NA	0	1	NA	NA	168	50	25	2	10
BS_BBHFKBE7	PT_VE0Q731Y	7316-1641	7316-1641-T-360775.WGS	ATRX	NA	NA	NA	NA	NA	0	1	NA	NA	142	14	16	1	11
BS_CP435MAC	PT_H57TEQDT	7316-2324	7316-2324-T-459010.WGS	ATRX	NA	NA	NA	NA	NA	NA	NA	NA	NA	150	72	26	0	28
BS_QM1Z8R38	PT_5CNZ47XV	7316-1926	7316-1926-T-379786.WGS	ATRX	NA	NA	NA	NA	NA	0	1	NA	NA	116	14	19	0	15
BS_WB8P21ED	PT_8XZY6MM1	7316-957	7316-957-T-346215.WGS	ATRX	NA	NA	NA	NA	NA	0	1	NA	NA	82	13	16	2	10
BS_HM5GFJN8	PT_JNEV57VK	7316-3058	7316-3058-T-548405.WGS	ATRX	p.R2197C	p.R2197C	p.R2197C	0	1	0	1	NA	NA	204	56	62	1	59
BS_THH0CE5A	PT_1J2DT6MM	7316-2184	7316-2184-T-425899.WGS	ATRX	NA	NA	NA	NA	NA	NA	NA	NA	NA	116	34	18	1	16
BS_FSM39DXA	PT_NPETR8RY	7316-1784	7316-1784-T-366255.WGS	ATRX	NA	NA	NA	NA	NA	0	1	NA	NA	88	55	6	1	16
BS_PJ08ZW9A	PT_CQ7EGCMB	7316-3809	7316-3809-T-601480.WGS	ATRX	NA	NA	NA	NA	NA	0	1	NA	NA	130	16	14	0	22
BS_A70G7S2W	PT_YCMH9SQP	7316-225	7316-225-T-225419.WGS	ATRX	NA	NA	NA	NA	NA	0	1	1	0	204	75	42	2	23
BS_JTBM5TSE	PT_WTMSD2WB	7316-3632	7316-3632-T-584875.WGS	ATRX	NA	NA	NA	NA	NA	0	1	NA	NA	120	26	18	0	13
BS_NZRJE7QA	PT_BWGZBVD1	7316-1678	7316-1678-T-361328.WGS	ATRX	NA	NA	NA	NA	NA	NA	NA	NA	NA	150	21	14	0	22
BS_T97EP8H0	PT_QT9T89S5	7316-297	7316-297-T-233051.WGS	ATRX	NA	NA	NA	NA	NA	NA	NA	NA	NA	329	93	29	1	33
BS_V3SC6NWH	PT_7DP91QDJ	7316-3017	7316-3017-T-541091.WGS	ATRX	NA	NA	NA	NA	NA	0	1	NA	NA	106	23	42	0	15
BS_6687ZNGS	PT_RE6AXQM1	A19015	A19015-T.WXS	NA	NA	NA	NA	NA	NA	NA	NA	NA	NA	NA	NA	NA	NA	NA
BS_QBZDQX7A	PT_EZW3S4F1	7316-1961	7316-1961-T-389487.WGS	ATRX	NA	NA	NA	NA	NA	0	1	NA	NA	252	45	34	0	26
BS_E0S2Y0TS	PT_6N825561	7316-3920	7316-3920-T-609257.WGS	ATRX	NA	NA	NA	NA	NA	NA	NA	NA	NA	570	1002	53	1	47
BS_SK4H5MJQ	PT_RSDTCFDA	7316-204	7316-204-T-211345.WGS	ATRX	NA	NA	NA	NA	NA	NA	NA	NA	NA	238	43	36	0	30
BS_A1DV9T7G	PT_9PJR0ZK7	7316-935	7316-935-T-379754.WGS	ATRX	NA	NA	NA	NA	NA	0	1	1	0	1444	207	148	3	346
BS_NS8G0465	PT_NXX0M835	7316-948	7316-948-T-346062.WGS	ATRX	NA	NA	NA	NA	NA	0	1	NA	NA	88	151	17	2	13
BS_Q6GVRAWK	PT_VPEMAQBN	7316-3225	7316-3225-T-A12748.WGS	ATRX	NA	NA	NA	NA	NA	NA	NA	NA	NA	156	44	13	0	17
BS_8H2XX24V	PT_82MX6J77	7316-302	7316-302-T-233109.WGS	ATRX	NA	NA	NA	NA	NA	0	1	0	1	424	48	16	0	23
BS_HZNKSQ17	PT_CXT81GRM	7316-883	7316-883-T-344957.WGS	ATRX	NA	NA	NA	NA	NA	0	1	NA	NA	474	20	21	1	42
BS_WY5KYSHJ	PT_9S6WMQ92	7316-278	7316-278-T-357637.WGS	ATRX	NA	NA	NA	NA	NA	NA	NA	NA	NA	164	142	13	1	19
BS_K6BMXTW5	PT_C1M4YF1R	7316-127	7316-127-T-112912.WGS	ATRX	NA	NA	NA	NA	NA	NA	NA	NA	NA	78	36	17	0	10
BS_895FJ34T	PT_7JQ24F35	7316-1681	7316-1681-T-361375.WGS	ATRX	NA	NA	NA	NA	NA	0	1	NA	NA	81	83	16	0	17
BS_FXDY881S	PT_7F3ZPZB7	7316-2662	7316-2662-T-479139.WGS	ATRX	NA	NA	NA	NA	NA	0	1	1	0	227	54	37	2	22
BS_MRX1SPFB	PT_H024RK87	7316-104	7316-104-T-69547.WGS	ATRX	NA	NA	NA	NA	NA	0	1	1	0	128	20	6	0	21
BS_W6B48DD5	PT_GPQJYAW4	7316-1750	7316-1750-T-365676.WGS	ATRX	NA	NA	NA	NA	NA	0	1	NA	NA	172	31	17	0	14
BS_0RF0G9SQ	PT_45P9F9MD	7316-314	7316-314-T-247128.WGS	ATRX	NA	NA	NA	NA	NA	NA	NA	NA	NA	184	39	34	1	26
BS_52ETE050	PT_HGM20MW7	A09446	A09446-T.WXS	NA	NA	NA	NA	NA	NA	NA	NA	NA	NA	NA	NA	NA	NA	NA
BS_2P7MJGM7	PT_EG7PH32E	7316-2144	7316-2144-T-409180.WGS	ATRX	NA	NA	NA	NA	NA	0	1	NA	NA	148	86	18	3	18
BS_ZJZFT0AJ	PT_2YT37G8P	7316-2962	7316-2962-T-534962.WGS	ATRX	NA	NA	NA	NA	NA	NA	NA	NA	NA	128	254	17	2	13
BS_HJ95JNFN	PT_MSQ6GSVP	7316-2274	7316-2274-T-445151.WGS	ATRX	NA	NA	NA	NA	NA	NA	NA	NA	NA	178	34	22	0	15
BS_9D39MFHT	PT_H6E09982	7316-5	7316-5-T-4571.WGS	ATRX	NA	NA	NA	NA	NA	0	1	NA	NA	292	38	34	0	33
BS_2NN6ME5A	PT_F27SA15G	7316-1661	7316-1661-T-361075.WGS	ATRX	NA	NA	NA	NA	NA	NA	NA	NA	NA	268	41	44	1	23
BS_41SWNWAG	PT_GWX2XSM0	7316-2752	7316-2752-T-508116.WGS	ATRX	NA	NA	NA	0	1	0	1	NA	NA	200	45	46	0	26
BS_XWQTX5HH	PT_WP871F5S	7316-3336	7316-3336-T-568050.WGS	ATRX	NA	NA	NA	NA	NA	0	1	NA	NA	54	36	9	0	7
BS_V3ZNXRHK	PT_GDDWPDMC	7316-2575	7316-2575-T-463541.WGS	ATRX	NA	NA	NA	NA	NA	0	1	NA	NA	50	44	14	1	15
BS_N5VYY66W	PT_WG5PHHSQ	7316-1962	7316-1962-T-389503.WGS	ATRX	NA	NA	NA	NA	NA	NA	NA	NA	NA	176	12	15	0	15
BS_2CD1XWVP	PT_3PSG2DQT	7316-1111	7316-1111-T-353909.WGS	ATRX	NA	NA	NA	NA	NA	NA	NA	NA	NA	82	72	13	3	9
BS_3108RS7G	PT_K6G6BE6G	7316-1113	7316-1113-T-353939.WGS	ATRX	p.E1464del	NA	NA	NA	NA	NA	NA	NA	NA	156	18	15	0	14
BS_R5G3QP11	PT_XRQHMBHB	7316-3937	7316-3937-T-609496.WGS	ATRX	NA	NA	NA	NA	NA	0	1	NA	NA	232	69	58	0	32
BS_XNTQBZAJ	PT_X1XVE1XX	7316-3511	7316-3511-T-576531.WGS	ATRX	NA	NA	NA	0	1	0	1	0	1	288	74	76	2	34
BS_GRS3T427	PT_ZMKMKCFQ	7316-2988	7316-2988-T-534988.WGS	ATRX	NA	NA	NA	NA	NA	0	1	NA	NA	94	19	22	0	8
BS_50XV7CTQ	PT_5M8A47WW	7316-436	7316-436-T-313084.WGS	ATRX	NA	NA	NA	NA	NA	0	1	NA	NA	116	22	21	1	14
BS_06GPPDHZ	PT_Y8HSH496	7316-196	7316-196-T-203061.WGS	ATRX	NA	NA	NA	NA	NA	0	1	NA	NA	230	93	33	2	38
BS_R726FKHP	PT_RXJZ3C5G	7316-2632	7316-2632-T-469213.WGS	ATRX	NA	NA	NA	1	0	1	0	1	0	342	96	50	0	31
BS_VKH9KYDB	PT_HEGTYPQJ	7316-2562	7316-2562-T-460417.WGS	ATRX	NA	NA	NA	NA	NA	0	1	NA	NA	88	26	21	0	14
BS_0W8AWY10	PT_06H29FCG	7316-1944	7316-1944-T-389232.WGS	ATRX	NA	NA	NA	NA	NA	NA	NA	NA	NA	172	39	27	0	34
BS_SWHQ8FDW	PT_ESHACWF6	7316-878	7316-878-T-344873.WGS	ATRX	NA	NA	NA	NA	NA	1	0	1	0	6033	105	19	0	140
BS_74SJ7YV4	PT_C9YDTZPA	A15726	A15726-T.WXS	NA	NA	NA	NA	NA	NA	NA	NA	NA	NA	NA	NA	NA	NA	NA
BS_1EYKDS0Z	PT_JN3S17B3	7316-1693	7316-1693-T-362472.WGS	ATRX	NA	NA	NA	NA	NA	NA	NA	1	0	180	63	21	2	30
BS_03SSN1N2	PT_3KK1F95W	7316-1744	7316-1744-T-365575.WGS	ATRX	NA	NA	NA	NA	NA	0	1	NA	NA	98	20	8	0	19
BS_MHT5C2AP	PT_37WTWPZY	7316-73	7316-73-T-56395.WGS	ATRX	NA	NA	NA	NA	NA	NA	NA	NA	NA	166	68	34	2	32
BS_Y9GHDZKS	PT_PHKSYE6Q	7316-220	7316-220-T-225359.WGS	ATRX	NA	NA	NA	1	0	1	0	1	0	154	29	16	0	19
BS_MVC1NCZX	PT_BWN251DF	7316-659	7316-659-T-339017.WGS	ATRX	NA	NA	NA	NA	NA	NA	NA	NA	NA	248	81	35	2	48
BS_YZD4SSMA	PT_V1HNAC2Q	7316-3240	7316-3240-T.WGS	ATRX	NA	NA	NA	0	1	0	1	0	1	200	103	29	2	40
BS_GRECE8Q9	PT_GKSABESN	7316-3485	7316-3485-T-576118.WGS	ATRX	NA	NA	NA	NA	NA	0	1	NA	NA	118	232	11	5	12
BS_TPX7YY57	PT_QEMT1845	7316-3153	7316-3153-T-555158.WGS	ATRX	NA	NA	NA	NA	NA	0	1	NA	NA	142	61	37	1	25
BS_4T8J7JEP	PT_QH9H491G	7316-1461	7316-1461-T-357546.WGS	ATRX	NA	NA	NA	NA	NA	NA	NA	NA	NA	76	32	11	0	8
BS_KP0YNTAK	PT_5SX0GRW1	7316-1927	7316-1927-T-384049.WGS	ATRX	NA	NA	NA	0	1	0	1	NA	NA	198	78	50	0	28
BS_MW6YMRBJ	PT_YZME6QCY	7316-2245	7316-2245-T-435112.WGS	ATRX	NA	NA	NA	NA	NA	NA	NA	NA	NA	134	16	21	1	9
BS_TX2WGF8K	PT_KCTZZA3G	7316-223	7316-223-T-225395.WGS	ATRX	NA	NA	NA	NA	NA	0	1	NA	NA	114	86	16	2	14
BS_10HD18B8	PT_DV8XECKA	7316-2779	7316-2779-T-513417.WGS	ATRX	NA	NA	NA	NA	NA	0	1	1	0	78	311	17	0	18
BS_JSNJZERZ	PT_YV2S3ES7	7316-182	7316-182-T-567915.WGS	ATRX	NA	NA	NA	NA	NA	0	1	NA	NA	68	65	14	0	20
BS_PNXDHDF3	PT_A9YAZJNN	7316-263	7316-263-T-249292.WGS	ATRX	NA	NA	NA	NA	NA	0	1	1	0	482	100	99	1	80
BS_BQ81D2BP	PT_KTRJ8TFY	7316-3223	7316-3223-T-A09688.WGS	ATRX	NA	NA	NA	0	1	0	1	NA	NA	168	43	50	0	40
BS_TX8C5VAJ	PT_HNZNZ635	7316-2151	7316-2151-T-409293.WGS	ATRX	NA	NA	NA	NA	NA	0	1	1	0	114	22	17	0	21
BS_5968GBGT	PT_KTRJ8TFY	7316-3230	7316-3230-T-SF5606-19.WGS	ATRX	NA	NA	NA	NA	NA	0	1	1	0	290	51	25	2	68
BS_4DY83R02	PT_WE1CHTWK	7316-87	7316-87-T-62332.WGS	ATRX	NA	NA	NA	NA	NA	0	1	NA	NA	384	51	18	0	45
BS_1RFBH1SP	PT_K8ZV7APT	7316-10	7316-10-T-7439.WGS	ATRX	NA	NA	NA	NA	NA	0	1	NA	NA	100	48	30	0	14
BS_3C4YAMKJ	PT_YGN06RPZ	7316-2204	7316-2204-T-430468.WGS	ATRX	NA	NA	NA	NA	NA	0	1	NA	NA	148	27	23	0	13
BS_K3PPH522	PT_BWFTKJXT	7316-1094	7316-1094-T-353655.WGS	ATRX	NA	NA	NA	0	1	0	1	0	1	52	39	6	0	7
BS_HN8DE43A	PT_3WA7SBQ6	7316-2248	7316-2248-T-475745.WGS	ATRX	NA	NA	NA	NA	NA	0	2	0	2	164	65	28	0	42
BS_02YBZSBY	PT_VTM2STE3	7316-2189	7316-2189-T-425973.WGS	ATRX	p.A2371V, p.E1450Rfs*17, p.D1106V, p.E557K, p.A364S	p.A2371V, p.E1450Rfs*17, p.D1106V, p.E557K, p.A364S	p.A2371V, p.E1450Rfs*17, p.D1106V, p.E557K, p.A364S	NA	NA	NA	NA	NA	NA	182	43	27	0	25
BS_ZAH4FHV2	PT_9M4CQX3M	7316-1972	7316-1972-T-389653.WGS	ATRX	NA	NA	NA	NA	NA	NA	NA	NA	NA	110	126	7	0	14
BS_39Q80NT3	PT_RQ21EBK9	7316-367	7316-367-T-242667.WGS	ATRX	NA	NA	NA	NA	NA	0	1	NA	NA	196	56	34	2	13
BS_BD4RQ1G0	PT_NMZBRFYS	7316-1987	7316-1987-T-389879.WGS	ATRX	NA	NA	NA	NA	NA	0	1	NA	NA	94	28	37	0	10
BS_DGG7YE8R	PT_NCDHZ8H8	7316-2780	7316-2780-T-513427.WGS	ATRX	NA	NA	NA	NA	NA	0	1	NA	NA	182	64	21	0	17
BS_K3YT05M7	PT_TEBD1SES	7316-3054	7316-3054-T-548341.WGS	ATRX	NA	NA	NA	NA	NA	0	1	NA	NA	76	18	11	1	12
BS_ZCY4ECNV	PT_FYPWZBH0	7316-1085	7316-1085-T-353519.WGS	ATRX	NA	NA	NA	0	1	0	1	0	1	157	87	24	0	26
BS_K3Y06EKR	PT_F0N89D15	7316-3756	7316-3756-T-592189.WGS	ATRX	NA	NA	NA	NA	NA	0	1	NA	NA	346	62	57	0	34
BS_T8C13KNH	PT_WE7HQN0C	7316-1795	7316-1795-T-366562.WGS	ATRX	NA	NA	NA	NA	NA	0	1	NA	NA	228	20	23	0	14
BS_A6YJ3WG2	PT_C5FKRB1P	A14565	A14565-T.WXS	NA	NA	NA	NA	NA	NA	NA	NA	NA	NA	NA	NA	NA	NA	NA
BS_2CQ6K2JW	PT_962TCBVR	7316-391	7316-391-T-290277.WGS	ATRX	NA	NA	NA	NA	NA	0	1	NA	NA	176	25	24	1	7
BS_N9BF56FP	PT_98QMQZY7	7316-2724	7316-2724-T-501526.WGS	ATRX	NA	NA	NA	NA	NA	0	1	NA	NA	336	78	26	2	59
BS_M9YZK3SP	PT_DA4WFQ96	7316-172	7316-172-T-167372.WGS	ATRX	NA	NA	NA	NA	NA	0	1	NA	NA	154	74	10	0	15
BS_WJF6ZXWN	PT_DJ106XYS	7316-3935	7316-3935-T-609467.WGS	ATRX	NA	NA	NA	NA	NA	0	1	NA	NA	356	76	67	0	37
BS_7M7JNG00	PT_1H2REHT2	7316-2990	7316-2990-T-534990.WGS	ATRX	NA	NA	NA	0	1	0	1	0	1	78	19	27	0	16
BS_A94A7EJ4	PT_ESHACWF6	7316-1790	7316-1790-T-366356.WGS	ATRX	NA	NA	NA	NA	NA	1	0	1	0	364	112	53	2	47
BS_40SJZGT2	PT_CM32ZCX6	7316-2215	7316-2215-T-431127.WGS	ATRX	NA	NA	NA	NA	NA	0	1	NA	NA	164	27	22	0	18
BS_EXTEGB51	PT_K8ZV7APT	7316-2665	7316-2665-T-506652.WGS	ATRX	NA	NA	NA	NA	NA	NA	NA	NA	NA	120	29	17	1	16
BS_01DQH017	PT_CYVVA9AB	7316-3299	7316-3299-T-563485.WGS	ATRX	NA	NA	NA	NA	NA	0	1	NA	NA	131	85	18	0	17
BS_1B4Q7CNG	PT_EF398HVC	7316-1975	7316-1975-T-389698.WGS	ATRX	NA	NA	NA	NA	NA	0	1	NA	NA	86	35	11	1	10
BS_B6K0N6HS	PT_NA8NZ0BN	7316-2135	7316-2135-T-408257.WGS	ATRX	NA	NA	NA	NA	NA	NA	NA	NA	NA	218	41	36	0	44
BS_CN7PB0DN	PT_FAQWD7GX	7316-2311	7316-2311-T-458838.WGS	ATRX	NA	NA	NA	NA	NA	0	1	NA	NA	82	82	26	1	17
BS_17AXPP1Y	PT_2PRV78FX	7316-176	7316-176-T.WGS	ATRX	NA	NA	NA	NA	NA	0	1	NA	NA	1038	35	5	1	65
BS_B3RH9V17	PT_2FK75B27	7316-1700	7316-1700-T-362577.WGS	ATRX	NA	NA	NA	NA	NA	0	1	0	1	116	31	25	0	19
BS_JJNSP29S	PT_3SW2VHD5	7316-2984	7316-2984-T-534984.WGS	ATRX	NA	NA	NA	NA	NA	0	1	NA	NA	254	42	57	1	28
BS_EFBBP9H3	PT_9AW9EWHA	7316-454	7316-454-T-319918.WGS	ATRX	NA	NA	NA	NA	NA	0	1	NA	NA	170	44	22	1	31
BS_FT95T4YP	PT_NDVJE438	7316-2811	7316-2811-T-513640.WGS	ATRX	NA	NA	NA	NA	NA	0	1	NA	NA	246	46	59	1	22
BS_XMP9XNR9	PT_Y5KY6KN9	7316-195	7316-195-T-202952.WGS	ATRX	NA	NA	NA	NA	NA	0	1	NA	NA	412	108	103	1	152
BS_R94EDP5H	PT_2WVW55DA	7316-502	7316-502-T-331285.WGS	ATRX	NA	NA	NA	NA	NA	NA	NA	NA	NA	118	58	12	0	18
BS_2J4FG4HV	PT_XA98HG1C	7316-931	7316-931-T-345775.WGS	ATRX	NA	NA	NA	NA	NA	0	1	0	1	160	112	62	1	126
BS_XVNNWN2Z	PT_3P3D97AB	7316-13	7316-13-T-8301.WGS	ATRX	NA	NA	NA	NA	NA	0	1	1	0	124	20	21	0	17
BS_APAQ2X2S	PT_5ABCFCSK	7316-1851	7316-1851-T-373224.WGS	ATRX	NA	NA	NA	NA	NA	0	1	NA	NA	324	45	29	2	24
BS_YPCTK927	PT_0CRPE7YP	7316-2158	7316-2158-T-409391.WGS	ATRX	NA	NA	NA	NA	NA	0	1	NA	NA	96	18	10	0	7
BS_J037K4BM	PT_Y572BRC1	7316-2193	7316-2193-T-426035.WGS	ATRX	NA	NA	NA	NA	NA	0	1	NA	NA	112	18	10	1	18
BS_EDZCAHR2	PT_AQWDQW27	7316-523	7316-523-T-331610.WGS	ATRX	NA	NA	NA	NA	NA	NA	NA	NA	NA	290	49	77	2	50
BS_EE73VE7V	PT_KTRJ8TFY	7316-3230	7316-3230-T-SF5606-12.WGS	ATRX	NA	NA	NA	NA	NA	0	1	NA	NA	98	94	16	0	27
BS_6NPSZJ4C	PT_NYBH025T	7316-3069	7316-3069-T-548551.WGS	ATRX	NA	NA	NA	NA	NA	0	1	NA	NA	186	124	21	0	25
BS_CBMAWSAR	PT_MNSEJCDM	7316-3227	7316-3227-T-A14403.WGS	ATRX	NA	NA	NA	NA	NA	0	1	1	0	522	159	71	0	137
BS_B5Z2XV03	PT_DH8A0SNQ	7316-408	7316-408-T-311465.WGS	ATRX	NA	NA	NA	NA	NA	0	1	1	0	178	65	22	1	16
BS_ZKZACPVV	PT_A9F8Y6MA	7316-476	7316-476-T-323843.WGS	ATRX	NA	NA	NA	NA	NA	0	1	NA	NA	98	41	33	2	23
BS_X1R0N8QS	PT_EZS4SRH6	7316-676	7316-676-T-339272.WGS	ATRX	NA	NA	NA	NA	NA	0	1	NA	NA	32	5	3	0	4
BS_7Y5E5KQW	PT_PKHG2YFW	7316-3306	7316-3306-T-563582.WGS	ATRX	NA	NA	NA	NA	NA	NA	NA	NA	NA	66	34	5	0	11
BS_9PQPZPGM	PT_N9KYV4WB	7316-749	7316-749-T-342049.WGS	ATRX	NA	NA	NA	NA	NA	0	1	NA	NA	90	13	21	0	12
BS_X6361T19	PT_CX58G6P6	7316-2191	7316-2191-T-426004.WGS	ATRX	NA	NA	NA	NA	NA	0	1	NA	NA	426	67	78	2	37
BS_04B8X54S	PT_ATE3YRH5	7316-3308	7316-3308-T-563609.WGS	ATRX	NA	NA	NA	NA	NA	NA	NA	NA	NA	116	54	25	0	23
BS_969K7ZM1	PT_S2ASFBP7	7316-2157	7316-2157-T-409376.WGS	ATRX	NA	NA	NA	NA	NA	NA	NA	NA	NA	138	34	30	0	10
BS_XCNGQ25H	PT_YVG4H0F1	7316-3070	7316-3070-T-548566.WGS	ATRX	NA	NA	NA	NA	NA	NA	NA	NA	NA	128	26	15	0	17
BS_ST3Z2B9B	PT_2SCVQ2N6	7316-3631	7316-3631-T-584865.WGS	ATRX	NA	NA	NA	0	1	0	1	0	1	381	3446	40	2	43
BS_797V83YM	PT_FWD7NZQ0	7316-1108	7316-1108-T-353866.WGS	ATRX	NA	NA	NA	NA	NA	0	1	NA	NA	108	63	15	0	16
BS_C19DFVR5	PT_X5TQR8V2	7316-343	7316-343-T-242379.WGS	ATRX	p.G1964Efs*18	p.G1964Efs*18	p.G1964Efs*18	NA	NA	NA	NA	NA	NA	529	137	88	0	137
BS_J33YVP27	PT_ZD45GXZ0	7316-2109	7316-2109-T-407918.WGS	ATRX	NA	NA	NA	NA	NA	0	1	NA	NA	68	42	9	0	9
BS_ZH6PC8KM	PT_7VPSS2SN	7316-3621	7316-3621-T-584743.WGS	ATRX	NA	NA	NA	NA	NA	NA	NA	NA	NA	96	56	16	0	13
BS_4XPPZTGG	PT_EXJAEW1M	7316-188	7316-188-T-173732.WGS	ATRX	NA	NA	NA	NA	NA	0	1	NA	NA	126	50	18	1	15
BS_KG1YMTA4	PT_ADTP7EHN	7316-1664	7316-1664-T-361118.WGS	ATRX	NA	NA	NA	NA	NA	NA	NA	NA	NA	58	22	9	0	16
BS_SMCPASF0	PT_XXZHRPNM	7316-2572	7316-2572-T-463497.WGS	ATRX	NA	NA	NA	NA	NA	0	1	NA	NA	81	14	13	0	12
BS_6GN1FGTB	PT_RJ1TJ2KH	7316-2110	7316-2110-T-407931.WGS	ATRX	NA	NA	NA	NA	NA	0	1	1	0	42	32	9	0	13
BS_9HDPJT21	PT_Q25V9Y6M	7316-1668	7316-1668-T-361179.WGS	ATRX	NA	NA	NA	0	1	0	1	0	1	36	36	3	0	6
BS_6X2BQQGE	PT_1ZAWNGWT	7316-319	7316-319-T-233313.WGS	ATRX	p.R1426*	p.R1426*	p.R1426*	NA	NA	NA	NA	NA	NA	222	64	42	0	59
BS_A4KYP5H0	PT_QW5VW2PY	7316-313	7316-313-T-233241.WGS	ATRX	NA	NA	NA	NA	NA	0	1	NA	NA	166	46	38	1	56
BS_CWQ35N2K	PT_6DB7B9WV	7316-3317	7316-3317-T-563737.WGS	ATRX	NA	NA	NA	NA	NA	0	1	NA	NA	280	151	28	0	37
BS_N9SMBR24	PT_25Z2NX27	7316-355	7316-355-T-242524.WGS	ATRX	NA	NA	NA	NA	NA	0	1	NA	NA	178	67	57	1	22
BS_CX6KACX6	PT_CSKHQB16	A14567	A14567-T.WXS	NA	NA	NA	NA	NA	NA	NA	NA	NA	NA	NA	NA	NA	NA	NA
BS_SFH8TGKT	PT_D215EQAP	7316-747	7316-747-T-342020.WGS	ATRX	NA	NA	NA	NA	NA	0	1	0	1	122	80	25	1	21
BS_NMQTPVFW	PT_7QKGGMKV	7316-347	7316-347-T-242428.WGS	ATRX	NA	NA	NA	NA	NA	0	1	0	1	480	78	46	1	67
BS_Y3ETG5AE	PT_YMN5GV47	7316-658	7316-658-T-338982.WGS	ATRX	NA	NA	NA	NA	NA	NA	NA	NA	NA	172	41	21	0	18
BS_Y2C78JC4	PT_NTK39NNV	7316-3076	7316-3076-T-549180.WGS	ATRX	NA	NA	NA	NA	NA	0	1	NA	NA	50	8	12	0	15
BS_JC8YV5V9	PT_98QMQZY7	7316-464	7316-464-T-323641.WGS	ATRX	NA	NA	NA	NA	NA	0	1	NA	NA	152	49	27	0	7
BS_235QEYMQ	PT_Q3EP24V1	7316-154	7316-154-T-148904.WGS	ATRX	NA	NA	NA	NA	NA	0	1	NA	NA	155	28	17	2	30
BS_EPM623G4	PT_N3205P0D	7316-1099	7316-1099-T-353730.WGS	ATRX	NA	NA	NA	NA	NA	0	1	NA	NA	230	62	75	1	29
BS_QHTDJG77	PT_BRTVGGRK	7316-2893	7316-2893-T-514013.WGS	ATRX	NA	NA	NA	NA	NA	0	1	NA	NA	226	45	34	0	31
BS_M2MSWKBC	PT_PAW18EK3	7316-1948	7316-1948-T-389292.WGS	ATRX	NA	NA	NA	NA	NA	0	1	NA	NA	98	21	14	0	11
BS_JC2187NA	PT_2CJ31SBX	7316-3624	7316-3624-T-584781.WGS	ATRX	NA	NA	NA	NA	NA	NA	NA	NA	NA	141	19	10	1	24
BS_XBE002WV	PT_D3AN5M5W	7316-47	7316-47-T-37601.WGS	ATRX	NA	NA	NA	NA	NA	0	1	0	1	198	31	11	0	17
BS_XHAQXDR0	PT_PFA762TK	7316-368	7316-368-T-242681.WGS	ATRX	NA	NA	NA	NA	NA	0	1	NA	NA	184	71	32	1	26
BS_R8ZKDFWH	PT_YXZPWFVB	7316-966	7316-966-T-346368.WGS	ATRX	NA	NA	NA	NA	NA	0	1	NA	NA	38	9	9	0	6
BS_FBP5NZNR	PT_WVAJN6WR	7316-456	7316-456-T-323505.WGS	ATRX	NA	NA	NA	NA	NA	0	1	NA	NA	102	11	15	1	6
BS_V2MDX7HG	PT_D13X3N8F	7316-2743	7316-2743-T-507981.WGS	ATRX	NA	NA	NA	NA	NA	NA	NA	NA	NA	100	121	12	0	9
BS_2AWCKNB3	PT_V0TQ0P66	7316-129	7316-129-T-251674.WGS	ATRX	NA	NA	NA	NA	NA	0	1	NA	NA	154	27	25	0	13
BS_JR56RQDC	PT_AQWDQW27	7316-1476	7316-1476-T-358061.WGS	ATRX	NA	NA	NA	NA	NA	NA	NA	NA	NA	140	54	38	2	39
BS_7PF3C1P7	PT_QA9WJ679	7316-3218	7316-3218-T-A08768.WGS	ATRX	NA	NA	NA	NA	NA	0	1	1	1	182	165	14	1	25
BS_EP25TTAG	PT_QDGVJKE0	7316-2140	7316-2140-T-409120.WGS	ATRX	p.X2169_splice	p.X2169_splice	p.X2169_splice	NA	NA	0	1	NA	NA	372	93	70	0	108
BS_2JDVY4F7	PT_HMY997GX	7316-3554	7316-3554-T-580234.WGS	ATRX	NA	NA	NA	0	1	0	1	0	1	232	296	123	0	47
BS_9SVMVJ45	PT_HJMP6PH2	7316-3775	7316-3775-T-592454.WGS	ATRX	NA	NA	NA	NA	NA	0	1	NA	NA	142	27	26	2	20
BS_VXDGXQKZ	PT_VPEMAQBN	7316-3235	7316-3235-T-SF10693.WGS	ATRX	NA	NA	NA	NA	NA	NA	NA	NA	NA	146	49	7	1	15
BS_70FKSKM9	PT_GH6HM5QF	7316-3202	7316-3202-T-555589.WGS	ATRX	NA	NA	NA	NA	NA	0	1	NA	NA	416	117	47	1	41
BS_XCFNEZ8E	PT_5D3AVPCW	7316-187	7316-187-T-173301.WGS	ATRX	NA	NA	NA	NA	NA	0	1	1	0	172	48	21	0	8
BS_R922P3XJ	PT_F9F3E8YR	7316-3519	7316-3519-T-576624.WGS	ATRX	NA	NA	NA	NA	NA	0	1	NA	NA	150	25	23	0	17
BS_MW16Y7ME	PT_DFQAH7RS	7316-51	7316-51-T-39311.WGS	ATRX	NA	NA	NA	NA	NA	0	1	NA	NA	146	45	24	3	13
BS_JDS0SYST	PT_17NG0KW3	7316-1945	7316-1945-T-389249.WGS	ATRX	NA	NA	NA	NA	NA	0	1	NA	NA	102	13	12	0	7
BS_9P4NDTKJ	PT_KBFM551M	7316-3232	7316-3232-T.WGS	ATRX	NA	NA	NA	NA	NA	0	1	0	1	252	110	31	0	60
BS_8SYN7GXG	PT_0MXPTTM3	7316-3220	7316-3220-T-A09410.WGS	ATRX	p.E2279*	p.E2279*	p.E2279*	NA	NA	0	1	NA	NA	216	57	43	0	53
BS_8AY2GM4G	PT_3CHB9PK5	7316-2085	7316-2085-T-407606.WGS	ATRX	p.L2409F, p.D2326Y, p.E1365*	p.L2409F, p.D2326Y, p.E1365*	p.L2409F, p.D2326Y, p.E1365*	NA	NA	0	1	0	1	144	32	48	3	17
BS_H8MAKDRB	PT_GH27VJBD	7316-2266	7316-2266-T-445047.WGS	ATRX	NA	NA	NA	0	1	0	1	0	1	84	151	17	0	21
BS_E42SSQGJ	PT_3AWKWXEV	7316-85	7316-85-T-61498.WGS	ATRX	NA	NA	NA	NA	NA	0	1	NA	NA	202	88	22	0	23
BS_MW74GF38	PT_02MVZZSW	7316-1702	7316-1702-T-362607.WGS	ATRX	NA	NA	NA	NA	NA	0	1	1	0	194	55	36	1	21
BS_GS9JCK55	PT_Y7F2JZMQ	7316-2680	7316-2680-T-485589.WGS	ATRX	NA	NA	NA	NA	NA	0	1	1	0	192	55	33	1	36
BS_5KFAEMQJ	PT_8RB3EKNP	7316-4028	7316-4028-T-649514.WGS	ATRX	NA	NA	NA	NA	NA	0	1	NA	NA	184	36	29	0	52
BS_QSDKJM8T	PT_WPYCXMDA	7316-3891	7316-3891-T-608212.WGS	ATRX	NA	NA	NA	NA	NA	0	1	NA	NA	236	40	23	0	14
BS_6FYTRKJJ	PT_625X34JX	7316-2170	7316-2170-T-425688.WGS	ATRX	NA	NA	NA	NA	NA	0	1	NA	NA	132	44	34	2	19
BS_J6VRW67C	PT_0MHKP408	7316-726	7316-726-T-340042.WGS	ATRX	NA	NA	NA	NA	NA	0	1	NA	NA	38	47	13	2	11
BS_WMEYJGDC	PT_PNED3GG3	7316-387	7316-387-T-290228.WGS	ATRX	NA	NA	NA	NA	NA	NA	NA	NA	NA	162	45	12	2	16
BS_9CMJ3QF6	PT_RFGZ2JGP	7316-135	7316-135-T-116318.WGS	ATRX	NA	NA	NA	NA	NA	NA	NA	NA	NA	222	40	21	0	15
BS_CKY2TTXG	PT_M04EC74B	7316-918	7316-918-T-345552.WGS	ATRX	NA	NA	NA	NA	NA	0	1	NA	NA	806	81	34	0	62
BS_SQSH5G7A	PT_DPVW4M1W	7316-2271	7316-2271-T-445112.WGS	ATRX	NA	NA	NA	NA	NA	0	1	NA	NA	460	145	98	2	147
BS_P4K6WK9Y	PT_RA6AGBA7	7316-461	7316-461-T-567996.WGS	ATRX	NA	NA	NA	0	1	0	1	0	1	300	144	59	1	146
BS_5BNV7MCF	PT_JMW6Q6NH	7316-1648	7316-1648-T-360878.WGS	ATRX	NA	NA	NA	0	1	0	1	0	1	152	33	33	0	16
BS_3E5C1PN1	PT_59D00MBQ	7316-1937	7316-1937-T-386252.WGS	ATRX	p.R1742G	p.R1742G	p.R1742G	NA	NA	0	1	NA	NA	218	36	31	0	35
BS_9JVGXA2W	PT_KVFS3Z2Q	7316-1955	7316-1955-T-389397.WGS	ATRX	NA	NA	NA	NA	NA	0	1	1	0	82	38	11	0	13
BS_KM878Y43	PT_GVDMG7KC	7316-152	7316-152-T-148056.WGS	ATRX	NA	NA	NA	NA	NA	0	1	NA	NA	94	17	13	0	10
BS_53TV75NN	PT_HVZTF42R	7316-2187	7316-2187-T-425944.WGS	ATRX	NA	NA	NA	NA	NA	NA	NA	NA	NA	174	76	26	1	17
BS_MW63FCZC	PT_6SH7PV1N	7316-535	7316-535-T-331790.WGS	ATRX	NA	NA	NA	NA	NA	0	1	NA	NA	104	23	13	0	11
BS_FCXEAPJ1	PT_SABHZ7XX	7316-3029	7316-3029-T-541257.WGS	ATRX	NA	NA	NA	NA	NA	0	1	NA	NA	150	128	19	2	20
BS_KV3XF9WV	PT_GBDYKSPY	7316-209	7316-209-T-213027.WGS	ATRX	NA	NA	NA	NA	NA	0	1	NA	NA	258	170	30	3	20
BS_6Z4WHYDG	PT_8SDJXNFR	7316-3755	7316-3755-T-592174.WGS	ATRX	NA	NA	NA	NA	NA	NA	NA	NA	NA	232	33	33	4	24
BS_F4D169Q7	PT_DW6V5V8E	7316-924	7316-924-T-345654.WGS	ATRX	NA	NA	NA	NA	NA	NA	NA	NA	NA	60	113	15	1	13
BS_HYKV2TH9	PT_KTRJ8TFY	7316-3230	7316-3230-T-SF5606-6.WGS	ATRX	NA	NA	NA	NA	NA	0	1	NA	NA	184	51	44	0	98
BS_6FV7BDE3	PT_JPWVCTAJ	7316-1953	7316-1953-T-389367.WGS	ATRX	NA	NA	NA	NA	NA	0	1	NA	NA	104	70	28	1	19
BS_H1MNXNHB	PT_GNKRMTQY	7316-3856	7316-3856-T-602593.WGS	ATRX	NA	NA	NA	NA	NA	0	1	NA	NA	272	64	62	0	20
BS_TF6H437Q	PT_VJBVXB08	7316-155	7316-155-T-149328.WGS	ATRX	NA	NA	NA	NA	NA	NA	NA	NA	NA	238	52	46	0	28
BS_ME97J1GA	PT_962TCBVR	7316-2744	7316-2744-T-507997.WGS	ATRX	NA	NA	NA	NA	NA	0	1	NA	NA	116	43	16	0	5
BS_16FT8V4B	PT_VZTTTP3Q	7316-167	7316-167-T.WGS	ATRX	p.D214Rfs*5	p.D214Rfs*5	p.D214Rfs*5	NA	NA	0	1	NA	NA	2662	37	1	0	189
BS_HSYF7G2D	PT_1T7WF5S1	7316-2934	7316-2934-T-533972.WGS	ATRX	NA	NA	NA	NA	NA	0	1	NA	NA	98	31	21	0	10
BS_D6XHKZDZ	PT_N32BYY8A	7316-89	7316-89-T-63187.WGS	ATRX	NA	NA	NA	NA	NA	0	1	NA	NA	122	47	16	0	7
BS_1CZPVCXR	PT_9S6WMQ92	7316-333	7316-333-T-242260.WGS	ATRX	NA	NA	NA	NA	NA	0	1	0	1	308	90	29	1	57
BS_FBJ516WW	PT_HFQNKP5X	7316-921	7316-921-T-345605.WGS	ATRX	NA	NA	NA	NA	NA	NA	NA	NA	NA	160	16	14	0	21
BS_AQMKA8NC	PT_00G007DM	7316-2577	7316-2577-T-463571.WGS	ATRX	NA	NA	NA	NA	NA	0	1	NA	NA	310	102	31	0	34
BS_Y5DA59M3	PT_QEP13FH4	7316-3025	7316-3025-T-541201.WGS	ATRX	NA	NA	NA	NA	NA	0	1	NA	NA	202	46	51	0	28
BS_4ZKN0WGS	PT_7YGZ526E	7316-1978	7316-1978-T-389743.WGS	ATRX	NA	NA	NA	NA	NA	NA	NA	NA	NA	82	94	11	0	8
BS_H8NWA41N	PT_KZ56XHJT	7316-3217	7316-3217-T-A08732.WGS	ATRX	p.L563*	p.L563*	NA	NA	NA	0	1	NA	NA	116	57	26	0	19
BS_CQ8C6X4X	PT_2VSDT9CK	7316-3575	7316-3575-T-580526.WGS	ATRX	NA	NA	NA	NA	NA	NA	NA	NA	NA	124	34	21	0	13
BS_MGBEMNYR	PT_ECMZCNTF	7316-736	7316-736-T-341046.WGS	ATRX	NA	NA	NA	NA	NA	0	1	NA	NA	234	35	23	2	18
BS_E8SJ36A6	PT_J4MWGQFQ	7316-2071	7316-2071-T-407424.WGS	ATRX	NA	NA	NA	NA	NA	0	1	NA	NA	85	18	16	0	9
BS_QRH793AV	PT_7M2PGCBV	7316-331	7316-331-T-234393.WGS	ATRX	NA	NA	NA	NA	NA	0	1	NA	NA	136	43	19	0	15
BS_1RTE2KEX	PT_1AAYYGGY	A14709	A14709-T.WXS	NA	NA	NA	NA	NA	NA	NA	NA	NA	NA	NA	NA	NA	NA	NA
BS_AGD2ATY1	PT_ZZRBX5JT	7316-496	7316-496-T-346548.WGS	ATRX	NA	NA	NA	NA	NA	NA	NA	NA	NA	138	30	18	0	18
BS_XGVSX8BX	PT_6GDPNFA6	7316-2610	7316-2610-T-467470.WGS	ATRX	NA	NA	NA	NA	NA	NA	NA	NA	NA	158	23	22	0	18
BS_X7QJCVJB	PT_NV584F7Q	7316-3192	7316-3192-T-555471.WGS	ATRX	NA	NA	NA	NA	NA	0	1	0	1	148	109	24	0	18
BS_0QEBZX3M	PT_8FWP7BR3	7316-449	7316-449-T-317761.WGS	ATRX	NA	NA	NA	NA	NA	NA	NA	NA	NA	78	22	10	0	14
BS_0XR7GYAV	PT_XHYBZKCX	7316-2972	7316-2972-T-534972.WGS	ATRX	NA	NA	NA	NA	NA	NA	NA	1	0	180	99	21	2	26
BS_G4EX0H98	PT_R63RHJWX	7316-739	7316-739-T-341090.WGS	ATRX	NA	NA	NA	NA	NA	0	1	0	1	176	51	33	1	52
BS_185Q218S	PT_PABK01H0	7316-1669	7316-1669-T-361193.WGS	ATRX	NA	NA	NA	NA	NA	NA	NA	NA	NA	78	47	11	0	10
BS_376Q9QKG	PT_1DY2TP9N	7316-1786	7316-1786-T-366289.WGS	ATRX	NA	NA	NA	NA	NA	0	1	NA	NA	254	59	25	0	25
BS_PPY0EWPG	PT_PR4YBBH3	7316-116	7316-116-T-108048.WGS	ATRX	NA	NA	NA	0	1	0	1	0	1	94	140	37	2	46
BS_H174820R	PT_9DMMZ08D	7316-1666	7316-1666-T-361150.WGS	ATRX	NA	NA	NA	1	0	1	0	1	0	44	43	6	0	4
BS_D3ZV6MMY	PT_5KP2E0DS	7316-3936	7316-3936-T-609480.WGS	ATRX	NA	NA	NA	NA	NA	0	1	NA	NA	286	46	49	0	23
BS_DE26D072	PT_XTVQB9S4	7316-2933	7316-2933-T-533958.WGS	ATRX	NA	NA	NA	NA	NA	0	1	NA	NA	102	24	21	3	8
BS_VW4XN9Y7	PT_0SPKM4S8	7316-2640	7316-2640-T-475109.WGS	ATRX	p.N1318Kfs*6	p.K1825Q, p.N1318Kfs*6	p.N1318Kfs*6	NA	NA	0	1	NA	NA	194	40	29	0	29
BS_MDVMT75X	PT_Y32AQSEY	7316-159	7316-159-T-151031.WGS	ATRX	NA	NA	NA	NA	NA	0	1	NA	NA	62	78	14	0	19
BS_F969DNHD	PT_EEKE0V9T	7316-32	7316-32-T-25911.WGS	ATRX	NA	NA	NA	NA	NA	0	1	NA	NA	121	44	10	2	11
BS_HQFNQHVW	PT_0NY38X3W	7316-1706	7316-1706-T-362667.WGS	ATRX	NA	NA	NA	0	1	0	1	0	1	190	52	37	0	27
BS_TQ0J7WJQ	PT_WGVEF96B	7316-3219	7316-3219-T-A08958.WGS	ATRX	p.A1812P	p.A1812P	p.A1812P	NA	NA	0	1	NA	NA	138	52	19	0	39
BS_C6GBYR17	PT_MBAXTJET	7316-275	7316-275-T-232540.WGS	ATRX	NA	NA	NA	NA	NA	0	1	1	0	340	69	41	1	50
BS_5RD8KEED	PT_2Y3R515E	7316-2202	7316-2202-T-430442.WGS	ATRX	NA	NA	NA	NA	NA	0	1	1	0	144	42	26	0	11
BS_AHAXPFG3	PT_NK8A49X5	7316-3228	7316-3228-T-A14448.WGS	ATRX	p.W2001*	p.W2001*	p.W2001*	0	1	0	1	0	1	218	56	32	1	32
BS_TZPJHKQR	PT_N8W26H19	7316-267	7316-267-T-232444.WGS	ATRX	NA	NA	NA	NA	NA	NA	NA	NA	NA	134	28	6	0	14
BS_DW1CYEXP	PT_2ECVKTTQ	7316-173	7316-173-T-167782.WGS	ATRX	NA	NA	NA	NA	NA	NA	NA	NA	NA	236	45	27	2	30
BS_0FQKT8EY	PT_RX1EWBP9	7316-2276	7316-2276-T-445177.WGS	ATRX	NA	NA	NA	NA	NA	NA	NA	NA	NA	350	94	47	0	40
BS_JDMM2XG4	PT_32J909WM	7316-2688	7316-2688-T-485693.WGS	ATRX	NA	NA	NA	NA	NA	0	1	NA	NA	76	32	10	0	3
BS_PKZ1HWNB	PT_4347ZBEX	7316-913	7316-913-T-345474.WGS	ATRX	NA	NA	NA	NA	NA	0	1	1	0	142	139	19	2	46
BS_AFBPM6CN	PT_C2D4JXS1	7316-1746	7316-1746-T-365613.WGS	ATRX	NA	NA	NA	NA	NA	0	1	0	1	426	73	66	2	88
BS_YXCVR90M	PT_6R95FQT2	7316-459	7316-459-T-323557.WGS	ATRX	NA	NA	NA	NA	NA	0	1	NA	NA	126	26	19	0	12
BS_PP4WJBNR	PT_RFF7MKTC	7316-954	7316-954-T-346166.WGS	ATRX	NA	NA	NA	NA	NA	0	1	NA	NA	116	13	12	0	21
BS_H8E4K1DT	PT_46F28BFH	7316-1799	7316-1799-T-366622.WGS	ATRX	NA	NA	NA	NA	NA	NA	NA	NA	NA	136	30	19	1	40
BS_EJV0N3BX	PT_37B5JRP1	7316-2217	7316-2217-T-431153.WGS	ATRX	NA	NA	NA	0	1	0	1	NA	NA	498	187	134	5	325
BS_CK7CPM73	PT_RXT6KRR6	7316-3147	7316-3147-T-555085.WGS	ATRX	NA	NA	NA	NA	NA	1	0	NA	NA	166	96	17	1	18
BS_GKPVZXYP	PT_HMF8J4EG	7316-644	7316-644-T-338772.WGS	ATRX	NA	NA	NA	NA	NA	0	1	0	1	178	63	43	1	59
BS_042DVDQM	PT_Y572BRC1	7316-485	7316-485-T-347672.WGS	ATRX	NA	NA	NA	NA	NA	0	1	NA	NA	90	17	11	2	11
BS_CDKC1E2B	PT_229DRV7B	7316-1757	7316-1757-T-365797.WGS	ATRX	NA	NA	NA	NA	NA	0	1	NA	NA	206	36	23	1	11
BS_YYAPSA5P	PT_AW8WV14Y	7316-179	7316-179-T-170326.WGS	ATRX	NA	NA	NA	NA	NA	NA	NA	NA	NA	802	44	17	2	110
BS_AXM96K20	PT_54MH6Q46	7316-2591	7316-2591-T-463781.WGS	ATRX	NA	NA	NA	0	1	0	1	NA	NA	178	34	19	0	35
BS_E9M7TDB6	PT_H45M7M2T	7316-3074	7316-3074-T-549156.WGS	ATRX	NA	NA	NA	NA	NA	NA	NA	NA	NA	220	47	34	0	39
BS_86QSEFS7	PT_99S5BPE3	7316-365	7316-365-T-567972.WGS	ATRX	NA	NA	NA	NA	NA	0	1	NA	NA	226	65	33	4	59
BS_D09VWF8H	PT_27FDWCVZ	7316-184	7316-184-T-567968.WGS	ATRX	NA	NA	NA	NA	NA	0	1	NA	NA	96	60	16	0	11
BS_CFEWVDG1	PT_2D1KGV99	7316-3151	7316-3151-T-555134.WGS	ATRX	NA	NA	NA	NA	NA	NA	NA	NA	NA	162	26	17	0	26
BS_947CK40E	PT_GCXG7800	7316-2720	7316-2720-T-501468.WGS	ATRX	NA	NA	NA	NA	NA	0	1	NA	NA	158	79	31	1	16
BS_YZ2YNEJJ	PT_VBNP6JFB	7316-1095	7316-1095-T-353669.WGS	ATRX	NA	NA	NA	0	1	0	1	0	1	74	68	22	0	21
BS_QXZTRMWM	PT_1VQWQ0TC	7316-3627	7316-3627-T-584815.WGS	ATRX	NA	NA	NA	NA	NA	0	1	NA	NA	212	2457	23	0	27
BS_NXZSD2KK	PT_XTVQB9S4	7316-2186	7316-2186-T-425928.WGS	ATRX	NA	NA	NA	NA	NA	NA	NA	NA	NA	166	61	14	2	8
BS_XSWF2MR1	PT_SMDEQVHJ	7316-119	7316-119-T-109527.WGS	ATRX	NA	NA	NA	NA	NA	0	1	NA	NA	6348	67	11	0	239
BS_7GKF6M85	PT_1E3E6GMF	7316-3224	7316-3224-T-A09985.WGS	ATRX	NA	NA	NA	NA	NA	NA	NA	NA	NA	202	44	41	0	67
BS_9E632VPJ	PT_GAM3E6M3	7316-872	7316-872-T-344771.WGS	ATRX	NA	NA	NA	NA	NA	0	1	NA	NA	178	37	26	3	20
BS_S791VC80	PT_8GN3TQRM	7316-2737	7316-2737-T-506177.WGS	ATRX	NA	NA	NA	NA	NA	0	1	NA	NA	208	104	73	1	146
BS_5S8VXASX	PT_EYWDFKA7	7316-30	7316-30-T-25070.WGS	ATRX	NA	NA	NA	NA	NA	NA	NA	NA	NA	100	117	24	0	11
BS_9BN45DFK	PT_QD6KKKJH	7316-1765	7316-1765-T-365931.WGS	ATRX	NA	NA	NA	NA	NA	0	1	NA	NA	132	39	21	1	15
BS_V6HKXX1Z	PT_V9WP047R	7316-221	7316-221-T-225373.WGS	ATRX	NA	NA	NA	NA	NA	0	1	NA	NA	450	154	71	0	63
BS_JBHQ6G3J	PT_JWW33RTB	7316-1793	7316-1793-T-366407.WGS	ATRX	NA	NA	NA	NA	NA	NA	NA	NA	NA	134	23	13	0	9
BS_6VTQ3W4M	PT_VPEMAQBN	A12748	A12748-T.WXS	NA	NA	NA	NA	NA	NA	NA	NA	NA	NA	NA	NA	NA	NA	NA
BS_80078QDG	PT_PF9EC93Q	7316-3765	7316-3765-T-592313.WGS	ATRX	NA	NA	NA	NA	NA	NA	NA	NA	NA	432	101	98	0	54
BS_32VQRFDS	PT_G8DRDA33	7316-879	7316-879-T-344891.WGS	ATRX	NA	NA	NA	NA	NA	0	1	NA	NA	100	17	18	0	15
BS_2VSN5YC5	PT_MQHST8YC	7316-3316	7316-3316-T-563722.WGS	ATRX	NA	NA	NA	NA	NA	0	1	NA	NA	242	137	23	1	30
BS_TRGECFNP	PT_VCD0W8HG	7316-2756	7316-2756-T-508176.WGS	ATRX	p.I1756S	p.I1756S	p.I1756S	NA	NA	NA	NA	NA	NA	68	22	14	0	9
BS_XGMXJKFX	PT_Q90R6M3E	7316-897	7316-897-T-345197.WGS	ATRX	NA	NA	NA	NA	NA	0	1	NA	NA	498	63	37	0	52
BS_6GTKRGNK	PT_1P436YMM	7316-3917	7316-3917-T-609216.WGS	ATRX	NA	NA	NA	NA	NA	0	1	NA	NA	254	44	57	0	16
BS_2W200YK5	PT_G16WS1MW	7316-279	7316-279-T-246899.WGS	ATRX	NA	NA	NA	0	1	0	1	0	1	360	66	44	0	25
BS_402W79TS	PT_KTRJ8TFY	A09689	A09689-T.WXS	NA	NA	NA	NA	NA	NA	NA	NA	NA	NA	NA	NA	NA	NA	NA
BS_RH9PMH3G	PT_C4F1HPH5	7316-493	7316-493-T-324164.WGS	ATRX	NA	NA	NA	NA	NA	0	1	NA	NA	128	13	15	1	17
BS_W3R2DQ86	PT_K94ZVZMX	7316-521	7316-521-T-331580.WGS	ATRX	NA	NA	NA	NA	NA	0	1	NA	NA	32	7	9	0	13
BS_GMQZNQH8	PT_V0X73HEQ	7316-2182	7316-2182-T-425868.WGS	ATRX	NA	NA	NA	NA	NA	0	1	NA	NA	86	84	9	4	13
BS_78TQS4Y3	PT_ZZTQQVCT	7316-2723	7316-2723-T-501511.WGS	ATRX	NA	NA	NA	NA	NA	NA	NA	NA	NA	90	38	12	0	13
BS_QMG7XNEW	PT_DMMKT7X1	7316-1635	7316-1635-T-360684.WGS	ATRX	NA	NA	NA	NA	NA	0	1	1	0	150	23	15	0	19
BS_RXSBJ929	PT_8GN3TQRM	7316-2091	7316-2091-T-407684.WGS	ATRX	NA	NA	NA	NA	NA	0	1	NA	NA	268	113	79	2	140
BS_742CDKAS	PT_4347ZBEX	7316-913	7316-913-T-345467.WGS	ATRX	NA	NA	NA	NA	NA	NA	NA	1	0	346	84	36	1	45
BS_7F07M7JG	PT_ZGWYMRV8	7316-378	7316-378-T-242815.WGS	ATRX	NA	NA	NA	0	1	0	1	1	0	566	36	23	0	81
BS_1EQGGHHQ	PT_XP8AM1CH	7316-1096	7316-1096-T-353684.WGS	ATRX	NA	NA	NA	NA	NA	NA	NA	NA	NA	72	38	7	0	8
BS_25VZM81R	PT_W7FK539G	7316-76	7316-76-T-57660.WGS	ATRX	NA	NA	NA	NA	NA	0	1	NA	NA	202	56	26	0	27
BS_B94G701Q	PT_R9V5R1SY	7316-1940	7316-1940-T-389172.WGS	ATRX	NA	NA	NA	NA	NA	0	1	NA	NA	270	83	37	2	38
BS_PVZJCXS1	PT_DACV00WF	7316-489	7316-489-T-324094.WGS	ATRX	NA	NA	NA	NA	NA	NA	NA	NA	NA	252	50	41	3	28
BS_9GN1QA3Q	PT_HFQNKP5X	7316-2935	7316-2935-T-533986.WGS	ATRX	NA	NA	NA	NA	NA	NA	NA	NA	NA	156	114	11	1	36
BS_WP9J88EB	PT_SZJ7WZZW	7316-467	7316-467-T-323692.WGS	ATRX	NA	NA	NA	NA	NA	0	1	NA	NA	412	65	49	1	54
BS_99PPRCW4	PT_BNARR0N6	7316-1954	7316-1954-T-389384.WGS	ATRX	NA	NA	NA	NA	NA	0	1	NA	NA	104	27	18	0	10
BS_Z7R92XX6	PT_XA8ASFJK	7316-3762	7316-3762-T-592273.WGS	ATRX	NA	NA	NA	NA	NA	0	1	NA	NA	216	55	46	0	12
BS_BA0M71QZ	PT_BCWGRGDB	7316-3623	7316-3623-T-584767.WGS	ATRX	NA	NA	NA	NA	NA	0	1	NA	NA	138	31	26	0	44
BS_4NPEMNAD	PT_DFCZAG9T	7316-224	7316-224-T-225408.WGS	ATRX	NA	NA	NA	NA	NA	0	1	NA	NA	324	112	63	0	36
BS_6T87HSPX	PT_ZWY04DCR	7316-2666	7316-2666-T-479199.WGS	ATRX	NA	NA	NA	NA	NA	0	1	NA	NA	308	229	36	1	61
BS_QC5FNXGH	PT_45YH276T	7316-499	7316-499-T-324271.WGS	ATRX	NA	NA	NA	NA	NA	0	1	NA	NA	144	24	20	0	10
BS_823V5X6Z	PT_4XB3YTJM	7316-388	7316-388-T-290239.WGS	ATRX	NA	NA	NA	NA	NA	0	1	NA	NA	233	64	47	1	42
BS_KYPZRS4S	PT_7TEHW6VQ	7316-2755	7316-2755-T-543410.WGS	ATRX	NA	NA	NA	NA	NA	0	1	NA	NA	124	59	23	0	20
BS_0J5MCBZV	PT_GGCQAGPS	7316-304	7316-304-T-233135.WGS	ATRX	NA	NA	NA	NA	NA	NA	NA	NA	NA	532	98	109	2	43
BS_NB509KST	PT_EPFX7V9H	7316-2571	7316-2571-T-463481.WGS	ATRX	NA	NA	NA	NA	NA	NA	NA	NA	NA	96	91	64	0	201
BS_ERAWW3H7	PT_3AWKWXEV	7316-85	7316-85-T-61659.WGS	ATRX	NA	NA	NA	NA	NA	0	1	NA	NA	145	72	14	1	22
BS_X1DSETVE	PT_89XRZBSG	7316-1789	7316-1789-T-366339.WGS	ATRX	NA	NA	NA	NA	NA	0	1	NA	NA	410	201	191	2	265
BS_R7YMKNJN	PT_RM5S859Q	7316-111	7316-111-T-105550.WGS	ATRX	NA	NA	NA	0	1	NA	NA	NA	NA	292	50	48	1	45
BS_RR3DKGKY	PT_Q38AT6JY	7316-3773	7316-3773-T-592428.WGS	ATRX	NA	NA	NA	NA	NA	0	1	NA	NA	318	79	73	1	27
BS_YHXMYDBN	PT_KZ56XHJT	7316-3231	7316-3231-T-SF5599-2.WGS	ATRX	NA	NA	NA	NA	NA	0	1	NA	NA	218	81	10	0	34
BS_19EJ85F8	PT_T5KEXCK7	7316-2090	7316-2090-T-407671.WGS	ATRX	NA	NA	NA	NA	NA	NA	NA	NA	NA	58	41	8	0	13
BS_QK61ST4T	PT_WVC247PK	7316-1090	7316-1090-T-353596.WGS	ATRX	NA	NA	NA	NA	NA	0	1	NA	NA	165	70	14	0	24
BS_1C4WCNQF	PT_7MZRW1DH	7316-2582	7316-2582-T-463647.WGS	ATRX	NA	NA	NA	NA	NA	NA	NA	NA	NA	86	19	28	0	21
BS_MWZCP1XW	PT_J50NZYZF	7316-956	7316-956-T-346200.WGS	ATRX	NA	NA	NA	NA	NA	NA	NA	NA	NA	350	80	55	2	43
BS_KT9H4B1N	PT_6DW5NFKX	7316-3150	7316-3150-T-555121.WGS	ATRX	NA	NA	NA	NA	NA	0	1	NA	NA	202	29	56	0	28
BS_9G7ETYHR	PT_3VQEVNDD	7316-1680	7316-1680-T-361359.WGS	ATRX	NA	NA	NA	NA	NA	0	1	NA	NA	140	26	20	0	3
BS_XVBX7ZK1	PT_YJGTKDV0	7316-1683	7316-1683-T-361403.WGS	ATRX	NA	NA	NA	NA	NA	NA	NA	NA	NA	152	20	16	2	11
BS_6HE8H9HY	PT_976P4557	7316-214	7316-214-T-225288.WGS	ATRX	NA	NA	NA	NA	NA	0	1	NA	NA	260	341	27	2	32
BS_Z5VJCFNP	PT_5X061J42	7316-2149	7316-2149-T-409254.WGS	ATRX	NA	NA	NA	NA	NA	0	1	NA	NA	126	40	14	2	16
BS_E0AAK0V0	PT_MV7Y44QQ	7316-157	7316-157-T-150176.WGS	ATRX	NA	NA	NA	NA	NA	0	1	NA	NA	244	46	30	0	24
BS_8226HD4X	PT_NS1F6DT8	7316-3048	7316-3048-T-548257.WGS	ATRX	NA	NA	NA	NA	NA	0	1	NA	NA	196	36	25	0	10
BS_JJWC13GG	PT_6VJ5PNKS	7316-2174	7316-2174-T-425750.WGS	ATRX	NA	NA	NA	NA	NA	NA	NA	NA	NA	36	12	8	3	6
BS_W2QCHQ7E	PT_Z4BF2NSB	7316-161	7316-161-T-251673.WGS	ATRX	NA	NA	NA	NA	NA	0	1	1	0	206	62	39	0	96
BS_AGGH3QGS	PT_XDV8W16W	7316-3751	7316-3751-T-592117.WGS	ATRX	NA	NA	NA	NA	NA	0	1	NA	NA	218	37	37	1	8
BS_BFDEZK1C	PT_5BWZA0NT	7316-1102	7316-1102-T-353776.WGS	ATRX	NA	NA	NA	NA	NA	0	1	NA	NA	90	10	14	0	9
BS_MJJZJMTK	PT_MNHMAH0S	7316-880	7316-880-T-344906.WGS	ATRX	NA	NA	NA	NA	NA	0	1	NA	NA	114	18	23	0	10
BS_RA0VCMWC	PT_2FVTD0WR	7316-917	7316-917-T-345535.WGS	ATRX	NA	NA	NA	NA	NA	0	1	NA	NA	60	104	11	0	7
BS_245CTSH9	PT_ZD9AYB6F	7316-3323	7316-3323-T-564960.WGS	ATRX	NA	NA	NA	NA	NA	NA	NA	NA	NA	91	61	13	0	19
BS_ZKFEMJZ8	PT_DFQAH7RS	7316-2760	7316-2760-T-513364.WGS	ATRX	NA	NA	NA	NA	NA	0	1	NA	NA	168	87	21	4	17
BS_928HWFFM	PT_RDJ40M73	7316-2561	7316-2561-T-460404.WGS	ATRX	p.H2254R	p.H2254R	p.H2254R	NA	NA	NA	NA	NA	NA	118	232	32	2	25
BS_KVYCH9PB	PT_DXF7ZZQZ	7316-2809	7316-2809-T-513616.WGS	ATRX	NA	NA	NA	NA	NA	NA	NA	NA	NA	282	49	43	0	21
BS_XKM2EAT4	PT_HJMP6PH2	7316-185	7316-185-T-172453.WGS	ATRX	NA	NA	NA	NA	NA	0	1	NA	NA	110	22	16	1	9
BS_P0QJ1QAH	PT_JNEV57VK	7316-3058	7316-3058-T-557515.WGS	ATRX	p.R2197C	p.R2197C	p.R2197C	NA	NA	0	1	NA	NA	198	57	34	0	85
BS_PC2YQ4F6	PT_YJBPEF4V	7316-938	7316-938-T-345894.WGS	ATRX	NA	NA	NA	NA	NA	0	1	NA	NA	146	161	22	2	11
BS_VMZMGB7B	PT_3D74J8RZ	7316-877	7316-877-T-344856.WGS	ATRX	NA	NA	NA	NA	NA	0	1	NA	NA	102	20	12	0	7
BS_328C4BW5	PT_EN2RN5Y1	A17997	A17997-T.WXS	ATRX	p.R2111L	p.R2111L	p.R2111L	NA	NA	NA	NA	NA	NA	NA	NA	NA	NA	NA
BS_1VMBA3BN	PT_9C2G356W	7316-3555	7316-3555-T-580248.WGS	ATRX	NA	NA	NA	NA	NA	0	1	NA	NA	202	32	24	0	9
BS_C9TNGEA0	PT_3R0P995B	7316-892	7316-892-T-345110.WGS	ATRX	NA	NA	NA	NA	NA	0	1	NA	NA	94	18	16	0	4
BS_KSRYKCDE	PT_S7YHNHSS	7316-2754	7316-2754-T-508148.WGS	ATRX	NA	NA	NA	NA	NA	NA	NA	NA	NA	114	29	21	0	11
BS_MWKJF6XH	PT_JXGMAHHN	7316-874	7316-874-T-344804.WGS	ATRX	NA	NA	NA	NA	NA	NA	NA	NA	NA	102	21	14	1	17
BS_KKWQW01N	PT_1N6ATKJS	7316-2725	7316-2725-T-501541.WGS	ATRX	NA	NA	NA	NA	NA	NA	NA	NA	NA	226	50	13	1	30
BS_C0YDDQKB	PT_1EB5KHZX	7316-1076	7316-1076-T-353385.WGS	ATRX	NA	NA	NA	NA	NA	NA	NA	NA	NA	249	28	40	0	14
BS_H3TYF6GD	PT_0MXPTTM3	A09410	A09410-T.WXS	ATRX	p.E2279*	p.E2279*	p.E2279*	NA	NA	NA	NA	NA	NA	NA	NA	NA	NA	NA
