Kids_First_Biospecimen_ID	Kids_First_Participant_ID	sample_id	TERT_MOD_HIGH_mut_consensus	TERT_upstream_mut_consensus	TERT_amplification_consensus	TERT_gain_consensus	TERT_loss_consensus	TERT_BND_manta	TERT_DEL_manta	TERT_DUP_manta	TERT_INV_manta	ATRX_MOD_HIGH_mut_consensus	ATRX_gain_consensus	ATRX_loss_consensus	ATRX_BND_manta	ATRX_DEL_manta	ATRX_DUP_manta	ATRX_INV_manta	DAXX_MOD_HIGH_mut_consensus	DAXX_gain_consensus	DAXX_loss_consensus	DAXX_BND_manta	DAXX_DEL_manta	DAXX_DUP_manta	DAXX_INV_manta
BS_WJ7GMQTF	PT_FC0EF5ZT	7316-3572	NA	NA	NA	NA	NA	NA	NA	NA	NA	NA	NA	NA	NA	NA	NA	NA	NA	NA	NA	0	0	0	1
BS_V8G6BZRR	PT_8GW4J4TD	7316-3630	NA	NA	NA	NA	NA	NA	NA	NA	NA	NA	NA	NA	NA	NA	NA	NA	NA	NA	NA	NA	NA	NA	NA
BS_18NCV5QZ	PT_JEW5HG4W	7316-1703	NA	NA	NA	NA	NA	NA	NA	NA	NA	NA	NA	NA	NA	NA	NA	NA	NA	NA	NA	0	1	0	0
BS_JE1DF581	PT_ZZRBX5JT	7316-2661	NA	NA	NA	NA	NA	NA	NA	NA	NA	NA	NA	NA	NA	NA	NA	NA	NA	NA	NA	NA	NA	NA	NA
BS_6Q9PMNWY	PT_KXB1PJV0	7316-206	NA	NA	0	0	1	NA	NA	NA	NA	NA	NA	NA	NA	NA	NA	NA	NA	0	1	NA	NA	NA	NA
BS_KSHETTQC	PT_VAJN5QP8	7316-2176	NA	NA	0	0	1	NA	NA	NA	NA	NA	0	1	0	0	1	0	NA	0	1	0	1	1	0
BS_QE5B0T7R	PT_H0HWHRPB	7316-1679	NA	NA	0	0	1	NA	NA	NA	NA	NA	0	1	NA	NA	NA	NA	NA	0	1	0	0	0	1
BS_W23ERYW3	PT_TV5DYHNC	7316-1073	NA	NA	NA	NA	NA	NA	NA	NA	NA	NA	NA	NA	NA	NA	NA	NA	NA	NA	NA	NA	NA	NA	NA
BS_9YPJANGX	PT_CWA1405H	7316-2252	NA	NA	NA	NA	NA	0	0	0	2	NA	NA	NA	NA	NA	NA	NA	NA	NA	NA	NA	NA	NA	NA
BS_QZT3SPY7	PT_26V72ZXB	7316-3576	NA	NA	NA	NA	NA	NA	NA	NA	NA	NA	NA	NA	NA	NA	NA	NA	NA	1	0	NA	NA	NA	NA
BS_M18CDDGK	PT_NSXP8AWV	7316-94	NA	NA	NA	NA	NA	NA	NA	NA	NA	NA	NA	NA	NA	NA	NA	NA	NA	NA	NA	NA	NA	NA	NA
BS_8S2CZBA6	PT_S2SQJVGK	7316-344	NA	NA	0	0	1	NA	NA	NA	NA	NA	NA	NA	NA	NA	NA	NA	NA	0	1	0	1	0	0
BS_8WJR4AA3	PT_WG2Z95B5	7316-2141	NA	NA	NA	NA	NA	NA	NA	NA	NA	NA	NA	NA	NA	NA	NA	NA	NA	NA	NA	0	0	0	1
BS_6XP91JM2	PT_DEYCW197	7316-175	NA	NA	NA	NA	NA	NA	NA	NA	NA	NA	NA	NA	NA	NA	NA	NA	NA	NA	NA	NA	NA	NA	NA
BS_7M5272WN	PT_5VAKED5F	7316-2689	NA	NA	0	0	1	NA	NA	NA	NA	NA	0	1	NA	NA	NA	NA	NA	0	1	NA	NA	NA	NA
BS_CSY11X7E	PT_EGGY1XC0	7316-2865	NA	NA	NA	NA	NA	NA	NA	NA	NA	NA	NA	NA	NA	NA	NA	NA	NA	NA	NA	NA	NA	NA	NA
BS_PMSZKZP7	PT_DQ3ZCHB6	7316-2195	NA	NA	NA	NA	NA	NA	NA	NA	NA	NA	NA	NA	NA	NA	NA	NA	NA	NA	NA	NA	NA	NA	NA
BS_682Z7WH6	PT_M9XXJ4GR	7316-3222	NA	NA	0	0	1	NA	NA	NA	NA	p.K1357Dfs*4	NA	NA	NA	NA	NA	NA	NA	0	1	NA	NA	NA	NA
BS_T99M7842	PT_MA0J8DSN	7316-39	NA	NA	NA	NA	NA	NA	NA	NA	NA	NA	NA	NA	NA	NA	NA	NA	NA	NA	NA	NA	NA	NA	NA
BS_2RJN5Z4W	PT_ZVV78QP5	7316-117	NA	NA	NA	NA	NA	NA	NA	NA	NA	NA	NA	NA	NA	NA	NA	NA	NA	NA	NA	NA	NA	NA	NA
BS_2Z9JQDPV	PT_CAYBADQC	7316-2641	NA	NA	NA	NA	NA	NA	NA	NA	NA	NA	NA	NA	NA	NA	NA	NA	NA	NA	NA	NA	NA	NA	NA
BS_VPJ9CARN	PT_AC5SD9AC	7316-2291	NA	NA	NA	NA	NA	NA	NA	NA	NA	NA	NA	NA	NA	NA	NA	NA	NA	NA	NA	NA	NA	NA	NA
BS_ZHJFX6C9	PT_DEDRCQWH	7316-398	NA	NA	NA	NA	NA	NA	NA	NA	NA	NA	NA	NA	NA	NA	NA	NA	NA	NA	NA	NA	NA	NA	NA
BS_85Y70BHE	PT_124TTG01	7316-1960	NA	NA	NA	NA	NA	NA	NA	NA	NA	NA	NA	NA	0	1	0	0	NA	NA	NA	NA	NA	NA	NA
BS_SE82EQF8	PT_TD6ST5MG	7316-235	NA	NA	0	0	1	NA	NA	NA	NA	NA	NA	NA	NA	NA	NA	NA	NA	0	1	NA	NA	NA	NA
BS_C3X4AEK5	PT_9YNQJZ5G	7316-1941	NA	NA	NA	NA	NA	NA	NA	NA	NA	NA	NA	NA	NA	NA	NA	NA	NA	NA	NA	NA	NA	NA	NA
BS_YZ0P5E8H	PT_JCECCFPB	7316-479	NA	NA	NA	NA	NA	NA	NA	NA	NA	NA	NA	NA	NA	NA	NA	NA	NA	NA	NA	NA	NA	NA	NA
BS_41TD9XET	PT_JQ45JK94	7316-222	NA	NA	0	0	1	NA	NA	NA	NA	NA	NA	NA	0	1	0	0	NA	0	1	0	1	0	0
BS_Z5D6G1S6	PT_39HBKSGG	7316-908	NA	NA	NA	NA	NA	NA	NA	NA	NA	NA	NA	NA	NA	NA	NA	NA	NA	NA	NA	NA	NA	NA	NA
BS_F064HMTP	PT_387VK1T9	7316-3625	NA	NA	NA	NA	NA	NA	NA	NA	NA	NA	NA	NA	NA	NA	NA	NA	NA	NA	NA	NA	NA	NA	NA
BS_M8EBKZDG	PT_6MWPJ96F	7316-1928	NA	NA	NA	NA	NA	NA	NA	NA	NA	NA	NA	NA	NA	NA	NA	NA	NA	NA	NA	NA	NA	NA	NA
BS_Y4ZX0YX7	PT_DA2TJAV1	7316-482	NA	NA	NA	NA	NA	NA	NA	NA	NA	NA	NA	NA	NA	NA	NA	NA	NA	NA	NA	0	0	0	1
BS_MEPW36WF	PT_RJ98S3KZ	7316-556	NA	NA	NA	NA	NA	NA	NA	NA	NA	NA	NA	NA	NA	NA	NA	NA	NA	NA	NA	0	1	1	0
BS_W8DA9AXT	PT_E3Y5BBSF	7316-3071	NA	NA	NA	NA	NA	NA	NA	NA	NA	NA	NA	NA	NA	NA	NA	NA	NA	NA	NA	0	0	0	1
BS_02W5H7K5	PT_J06X17XH	7316-1649	NA	NA	0	0	1	NA	NA	NA	NA	NA	NA	NA	NA	NA	NA	NA	NA	0	1	NA	NA	NA	NA
BS_M659G06J	PT_VAJN5QP8	7316-2176	NA	NA	NA	NA	NA	NA	NA	NA	NA	NA	NA	NA	NA	NA	NA	NA	NA	NA	NA	NA	NA	NA	NA
BS_AG0BZN6F	PT_HT4HJXY6	7316-2961	p.F809V	NA	NA	NA	NA	NA	NA	NA	NA	NA	NA	NA	NA	NA	NA	NA	NA	NA	NA	NA	NA	NA	NA
BS_00TRPEQX	PT_MDWPRDBT	7316-2660	NA	NA	0	0	1	NA	NA	NA	NA	NA	NA	NA	0	0	1	1	NA	0	1	NA	NA	NA	NA
BS_AVS4DSZW	PT_N9W4GT6D	7316-174	NA	NA	NA	NA	NA	NA	NA	NA	NA	NA	NA	NA	NA	NA	NA	NA	NA	NA	NA	NA	NA	NA	NA
BS_DVDT4VXQ	PT_KZ56XHJT	7316-3234	NA	NA	NA	NA	NA	NA	NA	NA	NA	NA	NA	NA	NA	NA	NA	NA	NA	NA	NA	0	0	0	1
BS_EJ1H9PZY	PT_DNAJYFZT	7316-4035	NA	NA	NA	NA	NA	NA	NA	NA	NA	NA	NA	NA	NA	NA	NA	NA	NA	NA	NA	NA	NA	NA	NA
BS_MGY2V5N4	PT_Z7YJ7MSM	7316-2864	NA	NA	0	0	1	NA	NA	NA	NA	NA	NA	NA	NA	NA	NA	NA	NA	0	1	NA	NA	NA	NA
BS_7XZNDFV4	PT_T2M1338J	7316-2588	NA	NA	0	0	1	NA	NA	NA	NA	NA	NA	NA	NA	NA	NA	NA	NA	0	1	NA	NA	NA	NA
BS_6JBE0947	PT_NK8A49X5	7316-4448	NA	NA	NA	NA	NA	NA	NA	NA	NA	p.W2001*	NA	NA	NA	NA	NA	NA	NA	NA	NA	NA	NA	NA	NA
BS_CRKBDAYZ	PT_S4YNE17X	7316-4341	NA	NA	NA	NA	NA	NA	NA	NA	NA	NA	NA	NA	NA	NA	NA	NA	NA	NA	NA	NA	NA	NA	NA
BS_P7CY04E7	PT_RRG1V7EP	7316-820	NA	NA	0	0	1	NA	NA	NA	NA	NA	NA	NA	NA	NA	NA	NA	NA	0	1	NA	NA	NA	NA
BS_R6CKWZW6	PT_M9XXJ4GR	7316-3222	NA	NA	0	0	1	NA	NA	NA	NA	p.K1357Dfs*4	NA	NA	NA	NA	NA	NA	NA	0	1	NA	NA	NA	NA
BS_MT5ZSRG4	PT_ZR8MQRVG	7316-346	NA	NA	NA	NA	NA	NA	NA	NA	NA	NA	NA	NA	NA	NA	NA	NA	NA	NA	NA	NA	NA	NA	NA
BS_JK5GTHVG	PT_G1QNGVCZ	7316-1118	NA	NA	NA	NA	NA	NA	NA	NA	NA	NA	0	1	0	0	1	0	NA	NA	NA	NA	NA	NA	NA
BS_HZHEF797	PT_7KBMN6C2	7316-553	NA	NA	NA	NA	NA	NA	NA	NA	NA	NA	NA	NA	NA	NA	NA	NA	NA	0	1	NA	NA	NA	NA
BS_T7WMJ08W	PT_40HTPY49	7316-466	NA	rs1242535815,COSM1716563,COSM1716558	0	0	1	NA	NA	NA	NA	NA	0	1	NA	NA	NA	NA	NA	0	1	NA	NA	NA	NA
BS_AWDQEKK1	PT_M2J30CF7	7316-1747	NA	NA	NA	NA	NA	NA	NA	NA	NA	NA	NA	NA	0	1	0	0	NA	NA	NA	0	1	0	0
BS_QG6V29H7	PT_59D00MBQ	7316-1936	NA	NA	0	0	1	0	0	0	1	p.R1742G	NA	NA	NA	NA	NA	NA	NA	NA	NA	NA	NA	NA	NA
BS_5ZRZC3ZM	PT_WKNKNYHH	7316-1107	NA	NA	NA	NA	NA	NA	NA	NA	NA	NA	NA	NA	NA	NA	NA	NA	NA	NA	NA	0	0	1	0
BS_BM95DGCQ	PT_SCBMTG0S	7316-2175	NA		NA	NA	NA	NA	NA	NA	NA	NA	NA	NA	NA	NA	NA	NA	NA	NA	NA	NA	NA	NA	NA
BS_VK46N40F	PT_QZN7FZER	7316-2757	NA	NA	NA	NA	NA	NA	NA	NA	NA	NA	NA	NA	NA	NA	NA	NA	NA	NA	NA	NA	NA	NA	NA
BS_0SFXXBQ5	PT_NEB4WEAT	7316-3020	NA	NA	NA	NA	NA	NA	NA	NA	NA	NA	NA	NA	NA	NA	NA	NA	NA	NA	NA	NA	NA	NA	NA
BS_XMNBSBGN	PT_H876VB6R	7316-1806	NA	NA	NA	NA	NA	NA	NA	NA	NA	NA	NA	NA	NA	NA	NA	NA	NA	NA	NA	NA	NA	NA	NA
BS_RGSJMSRE	PT_RMK36R2E	7316-2275	NA	NA	0	0	1	0	0	0	1	NA	NA	NA	NA	NA	NA	NA	NA	0	1	0	1	0	0
BS_VA07453Z	PT_GHHY5AAE	7316-741	NA	NA	NA	NA	NA	NA	NA	NA	NA	NA	NA	NA	NA	NA	NA	NA	NA	NA	NA	NA	NA	NA	NA
BS_W5P7SPDH	PT_NPETR8RY	7316-160	NA	NA	0	0	1	NA	NA	NA	NA	NA	0	1	NA	NA	NA	NA	NA	0	1	NA	NA	NA	NA
BS_83MSWR59	PT_99S5BPE3	7316-292	NA	NA	0	0	1	NA	NA	NA	NA	NA	NA	NA	NA	NA	NA	NA	NA	0	1	NA	NA	NA	NA
BS_KJQXZ8GK	PT_FF0MSK4D	7316-2987	NA	NA	NA	NA	NA	NA	NA	NA	NA	NA	NA	NA	NA	NA	NA	NA	NA	NA	NA	NA	NA	NA	NA
BS_AJAH8KG5	PT_N8W26H19	7316-177	NA	NA	0	1	0	NA	NA	NA	NA	NA	NA	NA	NA	NA	NA	NA	NA	NA	NA	0	1	0	0
BS_KYPMZZSY	PT_1DSX4VJM	7316-1708	NA	NA	0	0	1	NA	NA	NA	NA	NA	NA	NA	0	1	0	0	NA	0	1	NA	NA	NA	NA
BS_Q9NHTR7G	PT_NBSRQAMS	7316-1079	NA	NA	NA	NA	NA	NA	NA	NA	NA	NA	NA	NA	NA	NA	NA	NA	NA	NA	NA	NA	NA	NA	NA
BS_HC4T1EEP	PT_WYVMWYVA	7316-257	NA	NA	NA	NA	NA	NA	NA	NA	NA	NA	NA	NA	0	0	1	0	NA	NA	NA	NA	NA	NA	NA
BS_JRFVST47	PT_9GKVQ9QS	7316-3213	NA	NA	0	0	1	NA	NA	NA	NA	NA	NA	NA	NA	NA	NA	NA	NA	0	1	NA	NA	NA	NA
BS_5WK2KXYW	PT_E6FTW238	7316-3890	NA	NA	0	0	1	NA	NA	NA	NA	NA	NA	NA	NA	NA	NA	NA	NA	0	1	NA	NA	NA	NA
BS_QMHND3QK	PT_ND34A6PR	7316-122	NA	NA	0	0	1	NA	NA	NA	NA	NA	NA	NA	NA	NA	NA	NA	NA	0	1	NA	NA	NA	NA
BS_BMHYK93N	PT_X0FPPTMT	7316-280	NA	NA	NA	NA	NA	NA	NA	NA	NA	NA	NA	NA	NA	NA	NA	NA	NA	NA	NA	0	0	0	1
BS_1Q524P3B	PT_KZ56XHJT	7316-3231	NA	NA	NA	NA	NA	NA	NA	NA	NA	NA	NA	NA	NA	NA	NA	NA	NA	NA	NA	0	0	0	1
BS_MAVSJH2Y	PT_JN3EN2HR	7316-2267	NA	NA	NA	NA	NA	NA	NA	NA	NA	NA	NA	NA	NA	NA	NA	NA	NA	NA	NA	NA	NA	NA	NA
BS_4P25NNZD	PT_50ZFWMZE	7316-1942	NA	NA	0	0	1	NA	NA	NA	NA	NA	0	1	NA	NA	NA	NA	NA	0	1	0	1	1	0
BS_T5T21G7N	PT_KMHGNCNR	7316-944	NA	NA	NA	NA	NA	NA	NA	NA	NA	NA	NA	NA	NA	NA	NA	NA	NA	NA	NA	NA	NA	NA	NA
BS_CPYV7AHD	PT_41QYPSGV	7316-884	NA	NA	0	0	1	NA	NA	NA	NA	NA	NA	NA	NA	NA	NA	NA	NA	0	1	0	1	0	0
BS_80X7AVCP	PT_FMK5VFYW	7316-950	NA	NA	NA	NA	NA	NA	NA	NA	NA	NA	NA	NA	NA	NA	NA	NA	NA	NA	NA	NA	NA	NA	NA
BS_AYPBAHJ6	PT_Y5KY6KN9	7316-195	NA	NA	0	0	1	NA	NA	NA	NA	NA	NA	NA	NA	NA	NA	NA	NA	0	1	0	1	0	0
BS_5R0HHQ1Y	PT_3MNY9BRY	7316-2583	NA	NA	NA	NA	NA	NA	NA	NA	NA	NA	NA	NA	NA	NA	NA	NA	NA	NA	NA	NA	NA	NA	NA
BS_1GK2EMFY	PT_W3FSA7NH	7316-3522	NA	NA	NA	NA	NA	NA	NA	NA	NA	NA	NA	NA	NA	NA	NA	NA	NA	NA	NA	NA	NA	NA	NA
BS_D3XVXF05	PT_S4YNE17X	7316-377	NA	NA	NA	NA	NA	NA	NA	NA	NA	NA	NA	NA	NA	NA	NA	NA	NA	NA	NA	NA	NA	NA	NA
BS_1RF75MK2	PT_7F485CXV	7316-1114	NA	NA	NA	NA	NA	NA	NA	NA	NA	NA	NA	NA	NA	NA	NA	NA	NA	NA	NA	NA	NA	NA	NA
BS_154FP4ZQ	PT_NGDW8WVP	7316-1704	NA	NA	NA	NA	NA	NA	NA	NA	NA	NA	NA	NA	NA	NA	NA	NA	NA	NA	NA	NA	NA	NA	NA
BS_P6NWC51S	PT_ZS2YDFBE	7316-2860	NA	NA	NA	NA	NA	0	0	0	1	NA	NA	NA	NA	NA	NA	NA	NA	NA	NA	0	0	0	1
BS_P8WN8XEQ	PT_X71D7G5S	7316-1105	NA	NA	0	0	1	NA	NA	NA	NA	p.L413Kfs*20	NA	NA	NA	NA	NA	NA	NA	0	1	NA	NA	NA	NA
BS_VHD4ARSG	PT_4XWYZYJS	7316-474	NA	NA	0	0	1	NA	NA	NA	NA	NA	0	1	NA	NA	NA	NA	NA	0	1	NA	NA	NA	NA
BS_06GEF6DB	PT_TKWTTRQ7	7316-2971	NA	NA	NA	NA	NA	NA	NA	NA	NA	NA	NA	NA	NA	NA	NA	NA	NA	NA	NA	NA	NA	NA	NA
BS_3JE2T7AR	PT_04YTK82N	7316-746	NA	NA	NA	NA	NA	NA	NA	NA	NA	NA	NA	NA	NA	NA	NA	NA	NA	NA	NA	NA	NA	NA	NA
BS_VTTTQYQA	PT_5FR2YA6E	7316-109	NA	NA	0	0	1	NA	NA	NA	NA	NA	NA	NA	NA	NA	NA	NA	NA	0	1	NA	NA	NA	NA
BS_B4DY7ET3	PT_W17NV5YG	7316-2106	NA	NA	NA	NA	NA	NA	NA	NA	NA	NA	NA	NA	NA	NA	NA	NA	NA	NA	NA	NA	NA	NA	NA
BS_9E6Q11G2	PT_EYZ25B99	7316-470	NA	NA	NA	NA	NA	NA	NA	NA	NA	NA	NA	NA	NA	NA	NA	NA	NA	NA	NA	0	0	1	0
BS_J8EK6RNF	PT_KBFM551M	7316-3237	NA	NA	NA	NA	NA	NA	NA	NA	NA	NA	NA	NA	NA	NA	NA	NA	NA	NA	NA	NA	NA	NA	NA
BS_AFAHY6HP	PT_PSX2CSYX	7316-46	NA	NA	NA	NA	NA	NA	NA	NA	NA	NA	NA	NA	5	3	0	8	NA	NA	NA	0	0	0	4
BS_M1TDS9CT	PT_90W4HCNR	7316-2672	NA	NA	0	0	1	NA	NA	NA	NA	NA	NA	NA	NA	NA	NA	NA	NA	0	1	NA	NA	NA	NA
BS_MFTAVQ5C	PT_T4VKB29K	7316-2125	NA	NA	NA	NA	NA	NA	NA	NA	NA	NA	NA	NA	NA	NA	NA	NA	NA	NA	NA	NA	NA	NA	NA
BS_6X3Z0AVR	PT_VGXHFMND	7316-1643	NA	NA	NA	NA	NA	NA	NA	NA	NA	NA	NA	NA	NA	NA	NA	NA	NA	NA	NA	NA	NA	NA	NA
BS_MBYEK6HV	PT_N8W26H19	7316-3061	NA	NA	NA	NA	NA	NA	NA	NA	NA	NA	NA	NA	NA	NA	NA	NA	NA	NA	NA	NA	NA	NA	NA
BS_R1ZBTEAG	PT_ATS9XDJ5	7316-2159	NA	NA	NA	NA	NA	NA	NA	NA	NA	NA	NA	NA	NA	NA	NA	NA	NA	NA	NA	NA	NA	NA	NA
BS_859AV1DB	PT_3KM9W8S8	7316-1771	NA	NA	0	0	1	NA	NA	NA	NA	NA	NA	NA	NA	NA	NA	NA	NA	0	1	NA	NA	NA	NA
BS_VQEPFE1P	PT_0RN3VSXZ	7316-3073	NA	NA	NA	NA	NA	NA	NA	NA	NA	NA	NA	NA	NA	NA	NA	NA	NA	NA	NA	0	0	0	1
BS_3AERRZQT	PT_CK41DW03	7316-329	NA	NA	NA	NA	NA	NA	NA	NA	NA	NA	NA	NA	NA	NA	NA	NA	NA	NA	NA	NA	NA	NA	NA
BS_D368BNRD	PT_MDWPRDBT	7316-2146	NA	NA	NA	NA	NA	NA	NA	NA	NA	NA	NA	NA	NA	NA	NA	NA	NA	NA	NA	NA	NA	NA	NA
BS_NCGGFG6H	PT_3T3VGWC6	7316-3923	NA	NA	NA	NA	NA	NA	NA	NA	NA	NA	NA	NA	NA	NA	NA	NA	NA	NA	NA	NA	NA	NA	NA
BS_XEVMEYFS	PT_7TRGHZBK	7316-431	NA	NA	NA	NA	NA	NA	NA	NA	NA	NA	NA	NA	NA	NA	NA	NA	NA	NA	NA	NA	NA	NA	NA
BS_ZJSMC22A	PT_TGTJECMR	7316-2647	NA	NA	NA	NA	NA	NA	NA	NA	NA	NA	NA	NA	NA	NA	NA	NA	NA	NA	NA	NA	NA	NA	NA
BS_K6A9Z04J	PT_S4H6KA09	7316-2134	NA	NA	0	0	1	NA	NA	NA	NA	NA	NA	NA	NA	NA	NA	NA	NA	0	1	NA	NA	NA	NA
BS_AQQY8HMR	PT_2BTC5TEN	7316-2183	NA	NA	NA	NA	NA	NA	NA	NA	NA	NA	NA	NA	NA	NA	NA	NA	NA	NA	NA	NA	NA	NA	NA
BS_WCNPE0AC	PT_FYECBRPP	7316-1778	NA	NA	NA	NA	NA	NA	NA	NA	NA	NA	NA	NA	NA	NA	NA	NA	NA	NA	NA	0	1	0	0
BS_WQ19Z6MD	PT_FXPJM0MW	7316-207	NA	NA	NA	NA	NA	NA	NA	NA	NA	NA	NA	NA	0	1	0	1	NA	NA	NA	0	0	1	0
BS_G16NM5WJ	PT_7E3V3JFX	7316-506	NA	NA	NA	NA	NA	NA	NA	NA	NA	NA	NA	NA	NA	NA	NA	NA	NA	NA	NA	0	1	0	0
BS_PVYMDM18	PT_KN25EYMG	7316-2309	NA	NA	NA	NA	NA	NA	NA	NA	NA	NA	NA	NA	NA	NA	NA	NA	NA	NA	NA	NA	NA	NA	NA
BS_5TT6TT4K	PT_02J5CWN5	7316-898	NA	NA	0	0	1	NA	NA	NA	NA	NA	0	1	NA	NA	NA	NA	NA	0	1	0	1	1	0
BS_2E81A3FT	PT_ZZWYKZZ8	7316-2758	NA	NA	NA	NA	NA	NA	NA	NA	NA	NA	NA	NA	0	0	0	2	NA	NA	NA	NA	NA	NA	NA
BS_NHMPQ8Q1	PT_FZHGKJ0H	7316-4033	NA	NA	NA	NA	NA	NA	NA	NA	NA	NA	NA	NA	NA	NA	NA	NA	NA	NA	NA	NA	NA	NA	NA
BS_8W0FNBWF	PT_JYZA0PNV	7316-437	NA	NA	NA	NA	NA	NA	NA	NA	NA	NA	NA	NA	NA	NA	NA	NA	NA	NA	NA	NA	NA	NA	NA
BS_GFS9JEE6	PT_41WETNRC	7316-3065	NA	NA	NA	NA	NA	NA	NA	NA	NA	NA	NA	NA	NA	NA	NA	NA	NA	NA	NA	NA	NA	NA	NA
BS_32HAVF6S	PT_EZEMVRVT	7316-3154	NA	NA	NA	NA	NA	NA	NA	NA	NA	NA	NA	NA	NA	NA	NA	NA	NA	NA	NA	NA	NA	NA	NA
BS_9W6FK6X4	PT_CGWPWSXM	7316-2005	NA	NA	NA	NA	NA	NA	NA	NA	NA	NA	NA	NA	NA	NA	NA	NA	NA	NA	NA	NA	NA	NA	NA
BS_79SYEHY3	PT_1H2REHT2	7316-3022	NA	NA	0	0	1	0	2	0	2	NA	NA	NA	NA	NA	NA	NA	NA	0	1	NA	NA	NA	NA
BS_KCN7NG92	PT_CB1XPA3W	7316-1767	NA	NA	0	0	1	NA	NA	NA	NA	NA	NA	NA	NA	NA	NA	NA	NA	0	1	0	1	0	1
BS_H50HR85Y	PT_8R00BMHH	7316-1845	NA	NA	0	0	1	NA	NA	NA	NA	NA	NA	NA	NA	NA	NA	NA	NA	0	1	NA	NA	NA	NA
BS_SNC5WMVN	PT_X8SK8120	7316-340	NA	NA	NA	NA	NA	NA	NA	NA	NA	NA	NA	NA	NA	NA	NA	NA	NA	NA	NA	NA	NA	NA	NA
BS_B91XGSA5	PT_QD6KKKJH	7316-1765	NA	NA	NA	NA	NA	NA	NA	NA	NA	NA	NA	NA	NA	NA	NA	NA	NA	NA	NA	NA	NA	NA	NA
BS_8CA214YR	PT_S4YNE17X	7316-3963	NA	NA	NA	NA	NA	NA	NA	NA	NA	NA	NA	NA	NA	NA	NA	NA	NA	NA	NA	NA	NA	NA	NA
BS_ZS1QRMXS	PT_8RB7TPS2	7316-3	NA	NA	NA	NA	NA	NA	NA	NA	NA	NA	NA	NA	NA	NA	NA	NA	NA	NA	NA	0	1	1	4
BS_NNFDFAFM	PT_V1HNAC2Q	7316-3215	NA	NA	0	0	1	NA	NA	NA	NA	NA	NA	NA	0	1	0	0	NA	0	1	NA	NA	NA	NA
BS_RHEBGZF8	PT_9A6RPJ97	7316-906	NA	NA	NA	NA	NA	NA	NA	NA	NA	NA	NA	NA	NA	NA	NA	NA	NA	0	1	NA	NA	NA	NA
BS_FJEBFQHG	PT_AWMZ12NP	7316-2216	NA	NA	0	0	1	NA	NA	NA	NA	NA	0	1	NA	NA	NA	NA	NA	0	1	NA	NA	NA	NA
BS_K89V7JNJ	PT_868QRW9G	7316-3132	NA	NA	NA	NA	NA	NA	NA	NA	NA	NA	NA	NA	NA	NA	NA	NA	NA	NA	NA	NA	NA	NA	NA
BS_Q88059DJ	PT_AXMVG8QE	7316-2732	NA	NA	NA	NA	NA	NA	NA	NA	NA	NA	NA	NA	0	1	0	0	NA	NA	NA	0	0	1	0
BS_SFZ3A07S	PT_6TZR2DH1	7316-100	NA	NA	NA	NA	NA	NA	NA	NA	NA	NA	NA	NA	0	1	0	0	NA	NA	NA	0	0	0	1
BS_P3PF53V8	PT_S0Q27J13	7316-2307	p.V826I	NA	0	0	1	NA	NA	NA	NA	p.Q883Rfs*21	NA	NA	NA	NA	NA	NA	NA	0	1	NA	NA	NA	NA
BS_Z34PQDYT	PT_HN0AXSZ0	7316-1103	NA	NA	0	0	1	NA	NA	NA	NA	NA	NA	NA	NA	NA	NA	NA	NA	0	1	NA	NA	NA	NA
BS_J8EH1N7V	PT_MNSEJCDM	7316-3229	NA	NA	NA	NA	NA	NA	NA	NA	NA	NA	NA	NA	NA	NA	NA	NA	NA	NA	NA	0	0	1	0
BS_WSFB4SA2	PT_CB9PD1YP	7316-97	NA	NA	NA	NA	NA	NA	NA	NA	NA	NA	NA	NA	NA	NA	NA	NA	NA	NA	NA	NA	NA	NA	NA
BS_Y43VC4VG	PT_BDNE55YT	7316-1710	NA	NA	NA	NA	NA	NA	NA	NA	NA	NA	NA	NA	NA	NA	NA	NA	NA	NA	NA	NA	NA	NA	NA
BS_FHE6Z73G	PT_4ADZ9F53	7316-3060	NA	NA	NA	NA	NA	NA	NA	NA	NA	NA	NA	NA	NA	NA	NA	NA	NA	NA	NA	NA	NA	NA	NA
BS_01Y5F4PN	PT_QK4XB83F	7316-663	NA	NA	NA	NA	NA	NA	NA	NA	NA	NA	NA	NA	NA	NA	NA	NA	NA	NA	NA	NA	NA	NA	NA
BS_YGQS4660	PT_S2SQJVGK	7316-442	NA	NA	0	0	1	NA	NA	NA	NA	NA	NA	NA	NA	NA	NA	NA	NA	0	1	0	0	0	1
BS_5D24XV4T	PT_164RNWTT	7316-1078	NA	NA	NA	NA	NA	NA	NA	NA	NA	NA	NA	NA	NA	NA	NA	NA	NA	NA	NA	NA	NA	NA	NA
BS_5Z4XQC9X	PT_TXFYRDP4	7316-193	NA	NA	NA	NA	NA	NA	NA	NA	NA	NA	NA	NA	2	0	0	0	NA	NA	NA	NA	NA	NA	NA
BS_P0KQFXNC	PT_12JTZFC2	7316-3504	NA	NA	NA	NA	NA	NA	NA	NA	NA	NA	NA	NA	NA	NA	NA	NA	NA	NA	NA	NA	NA	NA	NA
BS_5Y2Q63Y4	PT_7YSCM82T	7316-1658	NA	NA	NA	NA	NA	NA	NA	NA	NA	NA	NA	NA	NA	NA	NA	NA	NA	NA	NA	NA	NA	NA	NA
BS_R1RMKH1B	PT_HQ89KPKT	7316-202	NA	NA	NA	NA	NA	NA	NA	NA	NA	NA	NA	NA	NA	NA	NA	NA	NA	NA	NA	0	1	0	0
BS_E5B2YZJH	PT_3A0B29QT	7316-80	NA	NA	NA	NA	NA	NA	NA	NA	NA	NA	NA	NA	NA	NA	NA	NA	NA	NA	NA	NA	NA	NA	NA
BS_74A1TB03	PT_MTE126WM	7316-376	NA	NA	NA	NA	NA	NA	NA	NA	NA	NA	NA	NA	NA	NA	NA	NA	NA	NA	NA	0	0	0	1
BS_FNF1TCSW	PT_Z9QE51C3	7316-373	NA	NA	NA	NA	NA	NA	NA	NA	NA	NA	NA	NA	NA	NA	NA	NA	NA	NA	NA	0	0	0	1
BS_5B6XZ7YP	PT_HFQNKP5X	7316-4062	NA	NA	0	0	1	NA	NA	NA	NA	NA	NA	NA	NA	NA	NA	NA	NA	0	1	NA	NA	NA	NA
BS_STNH7YSX	PT_9BZETM0M	7316-158	NA	NA	NA	NA	NA	NA	NA	NA	NA	NA	NA	NA	0	2	0	0	NA	NA	NA	0	0	0	1
BS_6F49F7WH	PT_HFQNKP5X	7316-3295	NA	NA	0	0	1	NA	NA	NA	NA	NA	NA	NA	NA	NA	NA	NA	NA	0	1	NA	NA	NA	NA
BS_10AD3EFX	PT_3T3VGWC6	7316-375	NA	NA	NA	NA	NA	NA	NA	NA	NA	NA	NA	NA	NA	NA	NA	NA	NA	NA	NA	0	1	0	0
BS_3ZMH8578	PT_GQZ84ACS	7316-487	NA	NA	NA	NA	NA	NA	NA	NA	NA	NA	NA	NA	NA	NA	NA	NA	NA	NA	NA	NA	NA	NA	NA
BS_1YTHM07J	PT_279D9QZ8	7316-325	NA	NA	0	0	1	NA	NA	NA	NA	NA	NA	NA	NA	NA	NA	NA	NA	0	1	NA	NA	NA	NA
BS_3Z40EZHD	PT_9GKVQ9QS	7316-3213	NA	NA	NA	NA	NA	NA	NA	NA	NA	NA	NA	NA	NA	NA	NA	NA	NA	NA	NA	NA	NA	NA	NA
BS_93B38HPS	PT_2ZXR2PDN	7316-1636	NA	NA	0	0	1	NA	NA	NA	NA	NA	NA	NA	NA	NA	NA	NA	NA	0	1	NA	NA	NA	NA
BS_8SETK1J4	PT_8RB7TPS2	7316-322	NA	NA	NA	NA	NA	NA	NA	NA	NA	NA	NA	NA	NA	NA	NA	NA	NA	NA	NA	0	1	1	4
BS_9M49SGAQ	PT_4EDBZRM2	7316-1952	NA	NA	0	0	1	NA	NA	NA	NA	NA	NA	NA	NA	NA	NA	NA	NA	0	1	NA	NA	NA	NA
BS_F5V8CWXT	PT_3PK66TJY	7316-2609	NA	NA	NA	NA	NA	NA	NA	NA	NA	NA	NA	NA	NA	NA	NA	NA	NA	NA	NA	NA	NA	NA	NA
BS_CPZZR2R7	PT_ZZ8SBJJ5	7316-725	NA	NA	NA	NA	NA	NA	NA	NA	NA	NA	NA	NA	NA	NA	NA	NA	NA	NA	NA	NA	NA	NA	NA
BS_R9V82BC1	PT_3J0ASVHN	7316-3622	NA	NA	NA	NA	NA	NA	NA	NA	NA	NA	NA	NA	NA	NA	NA	NA	NA	NA	NA	NA	NA	NA	NA
BS_VW96PFKQ	PT_3RN24N9X	7316-20	NA	NA	NA	NA	NA	NA	NA	NA	NA	NA	0	1	0	1	0	0	NA	NA	NA	NA	NA	NA	NA
BS_2HNHCSNB	PT_GCKT4FJX	7316-3919	NA	NA	NA	NA	NA	NA	NA	NA	NA	NA	NA	NA	NA	NA	NA	NA	NA	NA	NA	NA	NA	NA	NA
BS_36HCZ3KW	PT_T5CR5HQZ	7316-33	NA	NA	0	0	1	NA	NA	NA	NA	NA	NA	NA	0	1	1	0	NA	0	1	NA	NA	NA	NA
BS_872Q3FK2	PT_858H7ABM	7316-903	NA	NA	0	0	1	NA	NA	NA	NA	p.D1714V	NA	NA	NA	NA	NA	NA	NA	NA	NA	0	1	1	0
BS_M5FM63EB	PT_KBFM551M	7316-3214	NA	NA	NA	NA	NA	NA	NA	NA	NA	NA	NA	NA	NA	NA	NA	NA	NA	NA	NA	NA	NA	NA	NA
BS_2VB8649B	PT_02J5CWN5	7316-2989	NA	NA	NA	NA	NA	NA	NA	NA	NA	NA	NA	NA	NA	NA	NA	NA	NA	NA	NA	NA	NA	NA	NA
BS_1JMTTKMK	PT_E4ECAFEN	7316-38	NA	NA	NA	NA	NA	NA	NA	NA	NA	NA	0	1	NA	NA	NA	NA	NA	NA	NA	NA	NA	NA	NA
BS_354DTKHE	PT_0F3RHT8J	7316-2673	NA	NA	NA	NA	NA	NA	NA	NA	NA	NA	NA	NA	NA	NA	NA	NA	NA	NA	NA	0	0	0	1
BS_BBTT7DH4	PT_7M2PGCBV	7316-3312	NA	NA	NA	NA	NA	NA	NA	NA	NA	NA	NA	NA	NA	NA	NA	NA	NA	NA	NA	NA	NA	NA	NA
BS_X9PJ715R	PT_S3FJSBJT	7316-1794	NA	NA	NA	NA	NA	NA	NA	NA	NA	NA	NA	NA	NA	NA	NA	NA	NA	NA	NA	NA	NA	NA	NA
BS_J4E9SW51	PT_T8V9ES93	7316-1106	NA	NA	NA	NA	NA	NA	NA	NA	NA	NA	NA	NA	NA	NA	NA	NA	NA	NA	NA	NA	NA	NA	NA
BS_0ATJ22QA	PT_KZ56XHJT	7316-3217	NA	NA	0	0	1	NA	NA	NA	NA	NA	NA	NA	NA	NA	NA	NA	NA	0	1	NA	NA	NA	NA
BS_RQ5Z7KNW	PT_G3AVDN4E	7316-2227	NA	NA	NA	NA	NA	NA	NA	NA	NA	NA	NA	NA	NA	NA	NA	NA	NA	NA	NA	NA	NA	NA	NA
BS_3BMGF6GN	PT_Y8RNS9JE	7316-1656	NA	NA	NA	NA	NA	NA	NA	NA	NA	NA	NA	NA	NA	NA	NA	NA	NA	NA	NA	NA	NA	NA	NA
BS_060QB7XB	PT_YGN06RPZ	7316-2208	NA	NA	0	0	1	NA	NA	NA	NA	NA	NA	NA	NA	NA	NA	NA	NA	0	1	NA	NA	NA	NA
BS_F5KRHGKC	PT_92YX7KK9	7316-1785	NA	NA	NA	NA	NA	NA	NA	NA	NA	NA	NA	NA	NA	NA	NA	NA	NA	NA	NA	NA	NA	NA	NA
BS_95RRF4NE	PT_SRWZDG3N	7316-361	NA	NA	NA	NA	NA	0	0	0	1	NA	NA	NA	NA	NA	NA	NA	NA	NA	NA	0	0	0	1
BS_T8TCEBB1	PT_78NQ0QQS	7316-1651	NA	NA	0	0	1	NA	NA	NA	NA	NA	NA	NA	NA	NA	NA	NA	NA	0	1	NA	NA	NA	NA
BS_C1RRDNF5	PT_E3ADF4ZB	7316-2664	NA	NA	0	0	1	NA	NA	NA	NA	NA	NA	NA	NA	NA	NA	NA	NA	0	1	NA	NA	NA	NA
BS_79NQJZ09	PT_KZ04SDDS	7316-1774	NA	NA	0	0	1	NA	NA	NA	NA	NA	NA	NA	NA	NA	NA	NA	NA	0	1	NA	NA	NA	NA
BS_KVV3G6NP	PT_S2CXXZCF	7316-643	NA	NA	NA	NA	NA	NA	NA	NA	NA	NA	NA	NA	NA	NA	NA	NA	NA	NA	NA	NA	NA	NA	NA
BS_9N3B3HZB	PT_ZZRBX5JT	7316-3319	NA	NA	NA	NA	NA	NA	NA	NA	NA	NA	NA	NA	NA	NA	NA	NA	NA	NA	NA	NA	NA	NA	NA
BS_CXDKK6KS	PT_EC8R84NM	7316-341	NA	NA	NA	NA	NA	NA	NA	NA	NA	NA	NA	NA	NA	NA	NA	NA	NA	NA	NA	NA	NA	NA	NA
BS_1AZ8YJSH	PT_R6WWH1QX	7316-423	NA	NA	NA	NA	NA	NA	NA	NA	NA	NA	0	1	0	3	5	8	NA	NA	NA	NA	NA	NA	NA
BS_Q50P97Y0	PT_S0PBN4M7	7316-1805	NA	NA	NA	NA	NA	NA	NA	NA	NA	NA	NA	NA	NA	NA	NA	NA	NA	NA	NA	NA	NA	NA	NA
BS_QWS88QXE	PT_0DXHDZJR	7316-2857	NA	NA	NA	NA	NA	NA	NA	NA	NA	NA	NA	NA	0	1	0	0	NA	NA	NA	NA	NA	NA	NA
BS_3R0KN6Z4	PT_6E8JYRXM	7316-2729	NA	NA	0	0	1	NA	NA	NA	NA	NA	0	1	NA	NA	NA	NA	NA	0	1	NA	NA	NA	NA
BS_6Y7FX7QJ	PT_A594A46X	7316-91	NA	NA	NA	NA	NA	NA	NA	NA	NA	NA	NA	NA	NA	NA	NA	NA	NA	NA	NA	0	1	0	0
BS_E9ATGWME	PT_R1DHB0ZT	7316-2642	NA	NA	0	0	1	NA	NA	NA	NA	NA	0	1	NA	NA	NA	NA	NA	0	1	NA	NA	NA	NA
BS_M0B42FPR	PT_KBFM551M	7316-3214	NA	NA	0	0	1	0	1	0	0	NA	NA	NA	0	0	0	1	NA	0	1	NA	NA	NA	NA
BS_SD28E0SC	PT_N3HVMV06	7316-2075	NA	NA	0	0	1	NA	NA	NA	NA	NA	NA	NA	NA	NA	NA	NA	NA	0	1	NA	NA	NA	NA
BS_RZNNEX1Y	PT_WYF217NZ	7316-345	NA	NA	NA	NA	NA	NA	NA	NA	NA	NA	NA	NA	0	0	1	0	NA	NA	NA	NA	NA	NA	NA
BS_HEJ72V3F	PT_NK8A49X5	7316-3228	NA	NA	0	0	1	NA	NA	NA	NA	p.W2001*	NA	NA	0	0	0	1	NA	0	1	NA	NA	NA	NA
BS_KBPBCWA0	PT_0PT33SCF	7316-1100	NA	NA	NA	NA	NA	NA	NA	NA	NA	NA	NA	NA	NA	NA	NA	NA	NA	NA	NA	NA	NA	NA	NA
BS_YEWX69X4	PT_K39HM2JF	7316-1084	NA	NA	NA	NA	NA	NA	NA	NA	NA	NA	NA	NA	NA	NA	NA	NA	NA	NA	NA	NA	NA	NA	NA
BS_85Q5P8GF	PT_JNEV57VK	7316-2594	NA	NA	NA	NA	NA	NA	NA	NA	NA	p.R2197C	NA	NA	NA	NA	NA	NA	NA	NA	NA	0	0	0	1
BS_YKQP4SBX	PT_57YP9ABV	7316-1070	NA	NA	NA	NA	NA	NA	NA	NA	NA	NA	NA	NA	NA	NA	NA	NA	NA	NA	NA	NA	NA	NA	NA
BS_FVPMPMRJ	PT_W17NV5YG	7316-2079	NA	NA	NA	NA	NA	NA	NA	NA	NA	NA	NA	NA	NA	NA	NA	NA	NA	NA	NA	NA	NA	NA	NA
BS_KB9GJDCS	PT_EB89G70N	7316-2858	NA	NA	0	0	1	NA	NA	NA	NA	NA	NA	NA	0	1	0	0	NA	0	1	NA	NA	NA	NA
BS_RB8VSEVG	PT_5P3XJ97K	7316-390	NA	NA	NA	NA	NA	NA	NA	NA	NA	NA	NA	NA	NA	NA	NA	NA	NA	NA	NA	0	0	1	0
BS_F9ZTZ4YS	PT_QT3MK7BZ	7316-1977	NA	NA	NA	NA	NA	NA	NA	NA	NA	NA	NA	NA	NA	NA	NA	NA	NA	NA	NA	NA	NA	NA	NA
BS_ACE6QKVF	PT_7RMS6K08	7316-1748	NA	NA	0	0	1	NA	NA	NA	NA	NA	NA	NA	NA	NA	NA	NA	NA	0	1	NA	NA	NA	NA
BS_8D52JK1Q	PT_1NN9AW39	7316-3148	NA	NA	0	0	1	NA	NA	NA	NA	NA	NA	NA	NA	NA	NA	NA	NA	NA	NA	0	1	0	1
BS_5NAKYS1S	PT_J0SZ1SX5	7316-2589	NA	NA	0	0	1	NA	NA	NA	NA	NA	NA	NA	0	0	1	0	NA	0	1	NA	NA	NA	NA
BS_QQP17PDQ	PT_8GN3TQRM	7316-2069	NA	NA	NA	NA	NA	NA	NA	NA	NA	NA	NA	NA	0	1	0	0	NA	NA	NA	NA	NA	NA	NA
BS_N2JD3VX6	PT_3NM45TQ8	7316-1077	NA	NA	NA	NA	NA	NA	NA	NA	NA	NA	NA	NA	NA	NA	NA	NA	NA	NA	NA	NA	NA	NA	NA
BS_YH60H2FS	PT_B7QRTN72	7316-1802	NA	NA	NA	NA	NA	NA	NA	NA	NA	NA	NA	NA	NA	NA	NA	NA	NA	NA	NA	NA	NA	NA	NA
BS_M16CDR44	PT_BDM0M83S	7316-3072	NA	NA	NA	NA	NA	NA	NA	NA	NA	NA	NA	NA	NA	NA	NA	NA	NA	0	1	NA	NA	NA	NA
BS_BQWMQM2Y	PT_MDWPRDBT	7316-895	NA	NA	0	0	1	NA	NA	NA	NA	NA	NA	NA	0	0	0	1	NA	0	1	NA	NA	NA	NA
BS_QSMFVHSB	PT_0WKX8Q5X	7316-88	NA	NA	NA	NA	NA	NA	NA	NA	NA	NA	NA	NA	NA	NA	NA	NA	NA	NA	NA	NA	NA	NA	NA
BS_ETTZM63Y	PT_17W3GJPT	7316-2306	NA	NA	NA	NA	NA	NA	NA	NA	NA	NA	NA	NA	NA	NA	NA	NA	NA	NA	NA	NA	NA	NA	NA
BS_WH8KWW5J	PT_9PJR0ZK7	7316-2576	NA	NA	NA	NA	NA	0	1	1	0	NA	NA	NA	0	1	0	0	NA	NA	NA	0	3	1	2
BS_WYF8NGSD	PT_BBHAD51D	7316-1089	NA	NA	0	0	1	NA	NA	NA	NA	NA	NA	NA	NA	NA	NA	NA	NA	0	1	NA	NA	NA	NA
BS_9GSWPZ44	PT_K30AWQ8A	7316-393	NA	NA	NA	NA	NA	0	0	0	1	NA	NA	NA	NA	NA	NA	NA	NA	NA	NA	NA	NA	NA	NA
BS_HPMX6CT4	PT_CTSQ5FHH	7316-438	NA	NA	0	0	1	NA	NA	NA	NA	NA	0	1	NA	NA	NA	NA	NA	0	1	NA	NA	NA	NA
BS_T5HPW4Z0	PT_ZG4J0EK0	7316-3774	NA	NA	NA	NA	NA	NA	NA	NA	NA	NA	0	1	NA	NA	NA	NA	NA	NA	NA	0	0	1	0
BS_HW4J7JM8	PT_EYHJQQ8E	7316-77	NA	NA	NA	NA	NA	NA	NA	NA	NA	NA	NA	NA	NA	NA	NA	NA	NA	NA	NA	NA	NA	NA	NA
BS_ZV21J6YW	PT_VY45XTT7	7316-1801	NA	NA	NA	NA	NA	NA	NA	NA	NA	NA	NA	NA	NA	NA	NA	NA	NA	NA	NA	0	0	0	1
BS_42A66SH4	PT_6R7AE0P3	7316-2653	NA	NA	NA	NA	NA	NA	NA	NA	NA	NA	NA	NA	NA	NA	NA	NA	NA	NA	NA	NA	NA	NA	NA
BS_0EN5R1AP	PT_M1RYN7B0	7316-1781	NA	NA	NA	NA	NA	NA	NA	NA	NA	NA	NA	NA	NA	NA	NA	NA	NA	NA	NA	NA	NA	NA	NA
BS_XKE77TR4	PT_GKWWWJ0X	7316-1071	NA	NA	NA	NA	NA	NA	NA	NA	NA	NA	NA	NA	NA	NA	NA	NA	NA	NA	NA	NA	NA	NA	NA
BS_XKP747AS	PT_CGPJY881	7316-891	NA	NA	NA	NA	NA	NA	NA	NA	NA	NA	NA	NA	NA	NA	NA	NA	NA	NA	NA	NA	NA	NA	NA
BS_71HPXFE7	PT_41RR5FQD	7316-1115	NA	NA	NA	NA	NA	NA	NA	NA	NA	NA	NA	NA	NA	NA	NA	NA	NA	NA	NA	NA	NA	NA	NA
BS_HNE6BPMH	PT_V5ASTHRH	7316-3892	NA	NA	NA	NA	NA	NA	NA	NA	NA	NA	NA	NA	0	0	1	0	NA	NA	NA	NA	NA	NA	NA
BS_22VCR7DF	PT_KZ56XHJT	7316-3231	NA	NA	NA	NA	NA	NA	NA	NA	NA	NA	NA	NA	0	0	0	2	NA	NA	NA	NA	NA	NA	NA
BS_8YQGSMDK	PT_HM2GMT2H	7316-6	NA	NA	0	0	1	NA	NA	NA	NA	NA	NA	NA	NA	NA	NA	NA	NA	0	1	NA	NA	NA	NA
BS_XM302FF4	PT_SCCDBETQ	7316-2628	NA	NA	0	0	1	NA	NA	NA	NA	NA	NA	NA	NA	NA	NA	NA	NA	0	1	NA	NA	NA	NA
BS_R3WB0PP7	PT_WP871F5S	7316-1766	NA	NA	NA	NA	NA	NA	NA	NA	NA	NA	NA	NA	NA	NA	NA	NA	NA	NA	NA	NA	NA	NA	NA
BS_T54TAE3R	PT_E3S6H59E	7316-133	NA	NA	NA	NA	NA	NA	NA	NA	NA	NA	NA	NA	NA	NA	NA	NA	NA	NA	NA	NA	NA	NA	NA
BS_W74D279Q	PT_JP1FDKN9	7316-2959	NA	NA	0	0	1	NA	NA	NA	NA	NA	NA	NA	0	1	0	0	NA	0	1	NA	NA	NA	NA
BS_XVYRXN8J	PT_BK92NM09	7316-2669	NA	NA	NA	NA	NA	NA	NA	NA	NA	NA	NA	NA	NA	NA	NA	NA	NA	NA	NA	NA	NA	NA	NA
BS_SKRY0BJ4	PT_HNZNZ635	7316-2151	NA	NA	NA	NA	NA	NA	NA	NA	NA	NA	NA	NA	NA	NA	NA	NA	NA	NA	NA	NA	NA	NA	NA
BS_T1SNKF50	PT_CYBYN18G	7316-2567	NA	NA	0	0	1	NA	NA	NA	NA	NA	NA	NA	NA	NA	NA	NA	NA	0	1	NA	NA	NA	NA
BS_E8MC6R2K	PT_2E552BAR	7316-2719	NA	NA	NA	NA	NA	NA	NA	NA	NA	NA	NA	NA	NA	NA	NA	NA	NA	NA	NA	NA	NA	NA	NA
BS_75VHXMZN	PT_3R0P995B	7316-873	NA	NA	NA	NA	NA	NA	NA	NA	NA	NA	NA	NA	NA	NA	NA	NA	NA	NA	NA	NA	NA	NA	NA
BS_BZWM455T	PT_44HPG5YT	7316-3067	NA	NA	NA	NA	NA	NA	NA	NA	NA	NA	NA	NA	0	1	0	0	NA	NA	NA	NA	NA	NA	NA
BS_JA3XXP1Y	PT_Y572BRC1	7316-2147	NA	NA	NA	NA	NA	NA	NA	NA	NA	NA	NA	NA	NA	NA	NA	NA	NA	NA	NA	NA	NA	NA	NA
BS_C2NH5FDT	PT_PR4YBBH3	7316-126	NA	NA	NA	NA	NA	NA	NA	NA	NA	NA	NA	NA	NA	NA	NA	NA	NA	NA	NA	NA	NA	NA	NA
BS_6Z213H2V	PT_2E552BAR	7316-3066	NA	NA	NA	NA	NA	NA	NA	NA	NA	NA	NA	NA	NA	NA	NA	NA	NA	NA	NA	0	0	0	1
BS_CXN0498B	PT_DEKWG1QG	7316-2139	NA	NA	NA	NA	NA	NA	NA	NA	NA	NA	NA	NA	NA	NA	NA	NA	NA	NA	NA	NA	NA	NA	NA
BS_XDY9BYRK	PT_VT6PJVQN	7316-205	NA	NA	NA	NA	NA	NA	NA	NA	NA	NA	NA	NA	NA	NA	NA	NA	NA	NA	NA	NA	NA	NA	NA
BS_T9T3R2J0	PT_T3REPTTC	7316-3488	NA	NA	0	0	1	NA	NA	NA	NA	NA	NA	NA	NA	NA	NA	NA	NA	0	1	NA	NA	NA	NA
BS_PEFRDKDZ	PT_ZRQQC2S9	7316-3139	NA	NA	0	0	1	NA	NA	NA	NA	NA	0	1	0	1	0	0	NA	0	1	NA	NA	NA	NA
BS_BSM3ZHW4	PT_6TMT65YA	7316-1642	NA	NA	NA	NA	NA	NA	NA	NA	NA	NA	NA	NA	NA	NA	NA	NA	NA	NA	NA	NA	NA	NA	NA
BS_WXKCR17Q	PT_5GQ76YZJ	7316-168	NA	NA	0	0	1	NA	NA	NA	NA	NA	NA	NA	NA	NA	NA	NA	NA	0	1	NA	NA	NA	NA
BS_NHRNZRQV	PT_YXJQGT69	7316-934	NA	NA	0	0	1	NA	NA	NA	NA	NA	NA	NA	NA	NA	NA	NA	NA	0	1	NA	NA	NA	NA
BS_0S617SMM	PT_EQ5C5TEA	7316-3922	NA	NA	0	0	1	NA	NA	NA	NA	NA	NA	NA	NA	NA	NA	NA	NA	0	1	NA	NA	NA	NA
BS_16TBX6G5	PT_HV6C0T34	7316-3062	NA	NA	NA	NA	NA	NA	NA	NA	NA	NA	NA	NA	NA	NA	NA	NA	NA	NA	NA	NA	NA	NA	NA
BS_B558FJXC	PT_E8XM8JFZ	7316-324	NA	NA	NA	NA	NA	NA	NA	NA	NA	NA	NA	NA	NA	NA	NA	NA	NA	NA	NA	NA	NA	NA	NA
BS_PFXDWV9R	PT_BTTM2HS5	7316-2287	NA	NA	NA	NA	NA	0	0	0	1	NA	NA	NA	NA	NA	NA	NA	NA	NA	NA	NA	NA	NA	NA
BS_WP2D11SK	PT_EDWA0XTP	7316-670	NA	NA	0	0	1	NA	NA	NA	NA	NA	NA	NA	NA	NA	NA	NA	NA	0	1	NA	NA	NA	NA
BS_007JTNB8	PT_1MW98VR1	7316-2558	NA	NA	NA	NA	NA	NA	NA	NA	NA	NA	NA	NA	NA	NA	NA	NA	NA	NA	NA	NA	NA	NA	NA
BS_ZPF89720	PT_AXVH36AM	7316-2180	NA	NA	0	0	1	NA	NA	NA	NA	NA	NA	NA	NA	NA	NA	NA	NA	0	1	NA	NA	NA	NA
BS_YMDPFK0V	PT_KQK98ZVP	7316-1803	NA	NA	NA	NA	NA	NA	NA	NA	NA	NA	NA	NA	NA	NA	NA	NA	NA	NA	NA	NA	NA	NA	NA
BS_59FR1NC2	PT_YZ8A8A36	7316-723	NA	NA	NA	NA	NA	NA	NA	NA	NA	NA	NA	NA	NA	NA	NA	NA	NA	NA	NA	NA	NA	NA	NA
BS_FYJMNRGK	PT_XCCV6CW2	7316-2268	NA	NA	0	0	1	NA	NA	NA	NA	NA	NA	NA	NA	NA	NA	NA	NA	0	1	NA	NA	NA	NA
BS_5BMNK8SY	PT_M0AP3Z15	7316-14	NA	NA	NA	NA	NA	NA	NA	NA	NA	NA	NA	NA	NA	NA	NA	NA	NA	NA	NA	NA	NA	NA	NA
BS_VVD8TJNE	PT_WWME595X	7316-245	NA	NA	0	0	1	NA	NA	NA	NA	NA	NA	NA	NA	NA	NA	NA	NA	0	1	NA	NA	NA	NA
BS_VXNT1TDB	PT_PGVQ4XRZ	7316-946	NA	NA	NA	NA	NA	NA	NA	NA	NA	NA	NA	NA	NA	NA	NA	NA	NA	NA	NA	NA	NA	NA	NA
BS_FQ2ZBMPA	PT_XSS1ANXD	7316-495	NA	NA	NA	NA	NA	NA	NA	NA	NA	NA	NA	NA	NA	NA	NA	NA	NA	NA	NA	NA	NA	NA	NA
BS_853PNV7P	PT_Z4PJA6KT	7316-1763	NA	NA	NA	NA	NA	NA	NA	NA	NA	NA	NA	NA	NA	NA	NA	NA	NA	NA	NA	NA	NA	NA	NA
BS_M4E4H6NG	PT_Y76A7PBA	7316-2288	NA	NA	NA	NA	NA	NA	NA	NA	NA	NA	NA	NA	NA	NA	NA	NA	NA	NA	NA	NA	NA	NA	NA
BS_62XRDTM6	PT_K2YDNZDA	7316-429	NA	NA	NA	NA	NA	NA	NA	NA	NA	NA	NA	NA	NA	NA	NA	NA	NA	NA	NA	NA	NA	NA	NA
BS_N9N1X78X	PT_4JG5KWE8	7316-50	NA	NA	NA	NA	NA	NA	NA	NA	NA	NA	NA	NA	NA	NA	NA	NA	NA	NA	NA	NA	NA	NA	NA
BS_0DKPGQWD	PT_BQ8BQ01J	7316-183	NA	NA	0	0	1	NA	NA	NA	NA	NA	NA	NA	NA	NA	NA	NA	NA	0	1	NA	NA	NA	NA
BS_M1YHV93N	PT_HBT0C66Y	7316-3149	NA	NA	NA	NA	NA	NA	NA	NA	NA	NA	NA	NA	NA	NA	NA	NA	NA	NA	NA	NA	NA	NA	NA
BS_KH0NFCWF	PT_TH18S0JQ	7316-3068	NA	NA	NA	NA	NA	NA	NA	NA	NA	NA	NA	NA	NA	NA	NA	NA	NA	NA	NA	NA	NA	NA	NA
BS_ZJT1REVB	PT_7KTAH3RD	7316-2671	NA	NA	NA	NA	NA	NA	NA	NA	NA	NA	NA	NA	NA	NA	NA	NA	NA	NA	NA	NA	NA	NA	NA
BS_3A0CJMRH	PT_E79807KT	7316-1087	NA	NA	NA	NA	NA	NA	NA	NA	NA	NA	NA	NA	NA	NA	NA	NA	NA	NA	NA	NA	NA	NA	NA
BS_X5VN0FW0	PT_KZ56XHJT	7316-3231	NA	NA	NA	NA	NA	NA	NA	NA	NA	NA	NA	NA	NA	NA	NA	NA	NA	NA	NA	NA	NA	NA	NA
BS_12ZB7R6A	PT_CW0BJE0Y	7316-41	NA	NA	NA	NA	NA	NA	NA	NA	NA	NA	NA	NA	NA	NA	NA	NA	NA	NA	NA	0	0	0	1
BS_JM979K1M	PT_1TB2V1PH	7316-2608	NA	NA	0	0	1	NA	NA	NA	NA	NA	NA	NA	NA	NA	NA	NA	NA	0	1	0	0	0	1
BS_FF73TT6D	PT_JP1FDKN9	7316-929	NA	NA	0	0	1	NA	NA	NA	NA	NA	NA	NA	NA	NA	NA	NA	NA	0	1	NA	NA	NA	NA
BS_1MME7FBS	PT_NK8A49X5	7316-3216	NA	NA	NA	NA	NA	NA	NA	NA	NA	p.W2001*	NA	NA	NA	NA	NA	NA	NA	NA	NA	NA	NA	NA	NA
BS_QMY84KF4	PT_3VCS1PPF	7316-490	NA	NA	NA	NA	NA	NA	NA	NA	NA	NA	NA	NA	NA	NA	NA	NA	NA	NA	NA	NA	NA	NA	NA
BS_AK9BV52G	PT_KZ56XHJT	7316-3231	NA	NA	NA	NA	NA	NA	NA	NA	NA	NA	NA	NA	NA	NA	NA	NA	NA	NA	NA	NA	NA	NA	NA
BS_BNFCXVYZ	PT_KHX1WQ4H	7316-186	NA	NA	0	0	1	0	0	0	2	NA	NA	NA	NA	NA	NA	NA	NA	0	1	NA	NA	NA	NA
BS_YVFFHJ1Q	PT_YDWBWTVN	7316-147	NA	NA	NA	NA	NA	NA	NA	NA	NA	NA	NA	NA	NA	NA	NA	NA	NA	NA	NA	NA	NA	NA	NA
BS_6KEYD1S4	PT_NFDHYPGT	7316-3152	NA	NA	NA	NA	NA	NA	NA	NA	NA	NA	NA	NA	NA	NA	NA	NA	NA	NA	NA	NA	NA	NA	NA
BS_6XHDR1WS	PT_H45M7M2T	7316-1652	NA	NA	NA	NA	NA	NA	NA	NA	NA	NA	NA	NA	NA	NA	NA	NA	NA	NA	NA	NA	NA	NA	NA
BS_8FSJDG2T	PT_KVMF5TFW	7316-3030	p.R858Q	NA	NA	NA	NA	NA	NA	NA	NA	NA	NA	NA	NA	NA	NA	NA	NA	NA	NA	NA	NA	NA	NA
BS_F8KR1QWE	PT_9YMRNZHH	7316-2178	NA	NA	NA	NA	NA	NA	NA	NA	NA	NA	NA	NA	NA	NA	NA	NA	NA	NA	NA	NA	NA	NA	NA
BS_MSB1RDAJ	PT_VVCN8DXT	7316-71	NA	rs1242535815,COSM1716563,COSM1716558	0	0	1	NA	NA	NA	NA	NA	NA	NA	NA	NA	NA	NA	NA	0	1	NA	NA	NA	NA
BS_02ZSVZCB	PT_J06X17XH	7316-3628	NA	NA	NA	NA	NA	NA	NA	NA	NA	NA	NA	NA	0	2	0	0	NA	NA	NA	NA	NA	NA	NA
BS_RCAZ62J7	PT_A4KA01ZH	7316-894	NA	NA	NA	NA	NA	NA	NA	NA	NA	NA	NA	NA	NA	NA	NA	NA	NA	NA	NA	NA	NA	NA	NA
BS_4GKH983E	PT_FCM7XPVR	7316-2285	NA	NA	0	0	1	NA	NA	NA	NA	NA	NA	NA	NA	NA	NA	NA	NA	0	1	0	0	0	1
BS_9ZFXXJPK	PT_VBVZ2NAR	7316-2156	NA		NA	NA	NA	NA	NA	NA	NA	NA	NA	NA	0	1	0	0	NA	NA	NA	NA	NA	NA	NA
BS_S88G7BXH	PT_94EHCMXA	7316-217	NA	NA	NA	NA	NA	NA	NA	NA	NA	NA	NA	NA	NA	NA	NA	NA	NA	NA	NA	NA	NA	NA	NA
BS_W9FW1PAE	PT_4ZSR5DY8	7316-2667	NA	NA	NA	NA	NA	NA	NA	NA	NA	NA	NA	NA	0	0	0	2	NA	NA	NA	NA	NA	NA	NA
BS_3P96RT4E	PT_JW6FBEFK	7316-3019	NA	NA	NA	NA	NA	NA	NA	NA	NA	NA	NA	NA	NA	NA	NA	NA	NA	NA	NA	0	0	1	0
BS_32JF8TPP	PT_PFA762TK	7316-462	NA	NA	NA	NA	NA	NA	NA	NA	NA	NA	NA	NA	NA	NA	NA	NA	NA	NA	NA	NA	NA	NA	NA
BS_EHBH0NYX	PT_SSE4AH59	7316-1776	NA	NA	NA	NA	NA	NA	NA	NA	NA	NA	NA	NA	NA	NA	NA	NA	NA	NA	NA	NA	NA	NA	NA
BS_JQNF0FQP	PT_FAD8FQ6S	7316-120	NA	NA	NA	NA	NA	NA	NA	NA	NA	NA	NA	NA	NA	NA	NA	NA	NA	NA	NA	NA	NA	NA	NA
BS_K049HVGR	PT_3WA1XB8G	7316-70	NA	NA	NA	NA	NA	0	0	0	1	NA	NA	NA	NA	NA	NA	NA	NA	NA	NA	NA	NA	NA	NA
BS_EDCQ4M0R	PT_KCTZZA3G	7316-216	NA	NA	NA	NA	NA	NA	NA	NA	NA	NA	NA	NA	NA	NA	NA	NA	NA	NA	NA	NA	NA	NA	NA
BS_5KK9P7XD	PT_16EJ7BZ9	7316-1938	NA	NA	0	0	1	NA	NA	NA	NA	NA	NA	NA	NA	NA	NA	NA	NA	0	1	NA	NA	NA	NA
BS_4QFSH7C4	PT_2YT37G8P	7316-399	NA		NA	NA	NA	NA	NA	NA	NA	NA	NA	NA	NA	NA	NA	NA	NA	NA	NA	NA	NA	NA	NA
BS_GAA327FP	PT_0EWY6S6S	7316-3491	NA	NA	NA	NA	NA	NA	NA	NA	NA	NA	NA	NA	NA	NA	NA	NA	NA	NA	NA	NA	NA	NA	NA
BS_KXGJ1HMG	PT_P5HHJJPH	7316-870	NA	NA	0	1	0	0	3	1	5	NA	1	0	NA	NA	NA	NA	NA	NA	NA	NA	NA	NA	NA
BS_HM5N78GV	PT_GYJ97915	7316-1093	NA	NA	NA	NA	NA	NA	NA	NA	NA	NA	NA	NA	NA	NA	NA	NA	NA	NA	NA	0	0	0	1
BS_KHSYAB3J	PT_7FZ8SE69	7316-2152	NA	NA	NA	NA	NA	NA	NA	NA	NA	NA	0	1	1	1	5	3	NA	NA	NA	0	0	1	1
BS_2VHFP7M8	PT_2GPH62JS	7316-1775	NA	NA	NA	NA	NA	NA	NA	NA	NA	NA	NA	NA	NA	NA	NA	NA	NA	NA	NA	NA	NA	NA	NA
BS_Z9NCH2XA	PT_NBY8PZR9	7316-871	NA	NA	NA	NA	NA	NA	NA	NA	NA	NA	NA	NA	NA	NA	NA	NA	NA	NA	NA	NA	NA	NA	NA
BS_090GV72Q	PT_8WNA6M94	7316-1983	NA	NA	NA	NA	NA	NA	NA	NA	NA	NA	NA	NA	NA	NA	NA	NA	NA	NA	NA	NA	NA	NA	NA
BS_J52D4XQY	PT_J50NZYZF	7316-128	NA	NA	NA	NA	NA	NA	NA	NA	NA	NA	NA	NA	NA	NA	NA	NA	NA	NA	NA	NA	NA	NA	NA
BS_1JGQPJH3	PT_HT4HJXY6	7316-901	NA	NA	NA	NA	NA	NA	NA	NA	NA	NA	NA	NA	NA	NA	NA	NA	NA	NA	NA	NA	NA	NA	NA
BS_8TFBNHT0	PT_2FVTD0WR	7316-2897	NA	NA	NA	NA	NA	NA	NA	NA	NA	NA	NA	NA	NA	NA	NA	NA	NA	NA	NA	NA	NA	NA	NA
BS_ZP89F1JY	PT_MNR94DEV	7316-370	NA	NA	NA	NA	NA	NA	NA	NA	NA	NA	NA	NA	NA	NA	NA	NA	NA	NA	NA	NA	NA	NA	NA
BS_PEDGRK8S	PT_RKECV80K	7316-9	NA	NA	NA	NA	NA	NA	NA	NA	NA	NA	NA	NA	NA	NA	NA	NA	NA	NA	NA	NA	NA	NA	NA
BS_N0Z6V2YG	PT_C2VY5NM6	7316-875	NA	NA	NA	NA	NA	NA	NA	NA	NA	NA	NA	NA	NA	NA	NA	NA	NA	NA	NA	NA	NA	NA	NA
BS_4DQAQFQH	PT_WGVEF96B	7316-4446	NA	NA	NA	NA	NA	NA	NA	NA	NA	p.A1812P	NA	NA	NA	NA	NA	NA	NA	NA	NA	NA	NA	NA	NA
BS_ERMGD2N5	PT_2ECVKTTQ	7316-2154	NA	NA	NA	NA	NA	NA	NA	NA	NA	NA	NA	NA	0	1	0	0	NA	NA	NA	NA	NA	NA	NA
BS_5JC116NM	PT_XA98HG1C	7316-3023	NA	NA	0	0	1	NA	NA	NA	NA	NA	NA	NA	NA	NA	NA	NA	NA	0	1	NA	NA	NA	NA
BS_A9S5HT6P	PT_9XAA8PF6	7316-1069	NA	NA	NA	NA	NA	NA	NA	NA	NA	NA	NA	NA	NA	NA	NA	NA	NA	NA	NA	NA	NA	NA	NA
BS_DVQYQSVW	PT_WWZ2Q14R	7316-3138	NA	NA	NA	NA	NA	NA	NA	NA	NA	NA	NA	NA	NA	NA	NA	NA	NA	NA	NA	NA	NA	NA	NA
BS_QZTPJ8YW	PT_3V5GTCJR	7316-1646	NA	NA	0	0	1	NA	NA	NA	NA	NA	NA	NA	NA	NA	NA	NA	NA	0	1	NA	NA	NA	NA
BS_SDT1J3A7	PT_9AHA6KW3	7316-395	NA	NA	NA	NA	NA	NA	NA	NA	NA	NA	NA	NA	NA	NA	NA	NA	NA	NA	NA	NA	NA	NA	NA
BS_AEMRNSQX	PT_4TASAQKA	7316-3566	NA	NA	NA	NA	NA	NA	NA	NA	NA	NA	NA	NA	NA	NA	NA	NA	NA	NA	NA	0	1	0	0
BS_Z1BBZ01F	PT_QQ9JGEY9	7316-356	NA	NA	NA	NA	NA	NA	NA	NA	NA	NA	NA	NA	NA	NA	NA	NA	NA	NA	NA	NA	NA	NA	NA
BS_MS87PMR7	PT_H4H6RD7Y	7316-1072	NA	NA	NA	NA	NA	NA	NA	NA	NA	NA	NA	NA	NA	NA	NA	NA	NA	NA	NA	NA	NA	NA	NA
BS_K14VJ1E3	PT_6MB6RED3	7316-226	NA	NA	NA	NA	NA	NA	NA	NA	NA	NA	NA	NA	0	1	0	3	NA	NA	NA	0	0	0	2
BS_GTAJFTTR	PT_J302B8Y5	7316-386	NA	NA	NA	NA	NA	NA	NA	NA	NA	NA	NA	NA	NA	NA	NA	NA	NA	NA	NA	NA	NA	NA	NA
BS_KJTW1RBN	PT_NESAQHB1	7316-3844	NA	NA	NA	NA	NA	NA	NA	NA	NA	NA	NA	NA	NA	NA	NA	NA	NA	NA	NA	NA	NA	NA	NA
BS_1S2BHJ8K	PT_S4A0R1PM	7316-2699	NA	rs1242535815,COSM1716563,COSM1716558	NA	NA	NA	NA	NA	NA	NA	NA	NA	NA	NA	NA	NA	NA	NA	NA	NA	0	0	0	1
BS_JHGFJR3D	PT_RRT2E7HK	7316-136	NA	NA	NA	NA	NA	NA	NA	NA	NA	NA	NA	NA	NA	NA	NA	NA	NA	NA	NA	NA	NA	NA	NA
BS_9GJHMA3J	PT_MT27S7S4	7316-1969	NA	NA	NA	NA	NA	NA	NA	NA	NA	NA	NA	NA	NA	NA	NA	NA	NA	NA	NA	NA	NA	NA	NA
BS_2RX2NF1Q	PT_TKWTTRQ7	7316-407	NA	NA	NA	NA	NA	NA	NA	NA	NA	NA	NA	NA	NA	NA	NA	NA	NA	NA	NA	NA	NA	NA	NA
BS_F8K4VQMF	PT_J5NSRW1Y	7316-3817	NA	COSM1716559	0	0	1	NA	NA	NA	NA	NA	NA	NA	NA	NA	NA	NA	NA	0	1	NA	NA	NA	NA
BS_N4B3WB8W	PT_RFB07MZS	7316-2107	NA	NA	NA	NA	NA	0	1	0	0	NA	NA	NA	NA	NA	NA	NA	NA	NA	NA	NA	NA	NA	NA
BS_6GV08HTE	PT_6MWPJ96F	7316-1711	NA	NA	NA	NA	NA	NA	NA	NA	NA	NA	NA	NA	NA	NA	NA	NA	NA	NA	NA	NA	NA	NA	NA
BS_P36C0ABE	PT_4Z34K4XB	7316-733	NA	NA	NA	NA	NA	NA	NA	NA	NA	NA	NA	NA	NA	NA	NA	NA	NA	NA	NA	NA	NA	NA	NA
BS_WD7AQV83	PT_7JQ24F35	7316-1957	NA	NA	NA	NA	NA	NA	NA	NA	NA	NA	NA	NA	NA	NA	NA	NA	NA	NA	NA	NA	NA	NA	NA
BS_C3KDA5ZC	PT_YQWG98Z5	7316-2856	NA	NA	NA	NA	NA	NA	NA	NA	NA	NA	NA	NA	NA	NA	NA	NA	NA	NA	NA	0	1	0	0
BS_GKN0B47F	PT_M5HDHQNQ	7316-475	NA	NA	NA	NA	NA	NA	NA	NA	NA	NA	NA	NA	NA	NA	NA	NA	NA	NA	NA	0	0	0	1
BS_AXW0XBH8	PT_CR2YBSPT	7316-359	NA	NA	NA	NA	NA	NA	NA	NA	NA	NA	NA	NA	0	1	0	0	NA	NA	NA	NA	NA	NA	NA
BS_P3KD5EQG	PT_P9RT6693	7316-2566	NA	NA	NA	NA	NA	NA	NA	NA	NA	NA	NA	NA	NA	NA	NA	NA	NA	NA	NA	NA	NA	NA	NA
BS_AJFG2QDD	PT_2WA5PM32	7316-949	NA	NA	NA	NA	NA	NA	NA	NA	NA	NA	NA	NA	NA	NA	NA	NA	NA	NA	NA	NA	NA	NA	NA
BS_0J5GC803	PT_XX2VW3D9	7316-96	NA	NA	NA	NA	NA	NA	NA	NA	NA	NA	NA	NA	NA	NA	NA	NA	NA	NA	NA	0	0	0	1
BS_NG0CR0EP	PT_DY6QG8QC	7316-2228	NA	NA	NA	NA	NA	NA	NA	NA	NA	NA	NA	NA	NA	NA	NA	NA	NA	NA	NA	NA	NA	NA	NA
BS_KY1CTGJ3	PT_JSFBMK5V	7316-1769	NA	NA	NA	NA	NA	NA	NA	NA	NA	NA	NA	NA	0	1	0	0	NA	NA	NA	NA	NA	NA	NA
BS_PZDTK87A	PT_J3B812DT	7316-123	NA	NA	0	0	1	NA	NA	NA	NA	NA	NA	NA	0	1	0	0	NA	0	1	0	1	1	0
BS_Q0XBZP88	PT_TS0FW57Z	7316-2167	NA	NA	NA	NA	NA	NA	NA	NA	NA	NA	NA	NA	NA	NA	NA	NA	NA	NA	NA	NA	NA	NA	NA
BS_8Q8N6AHW	PT_37B5JRP1	7316-2554	NA	NA	NA	NA	NA	NA	NA	NA	NA	NA	NA	NA	0	1	0	0	NA	0	1	0	2	0	5
BS_6ZP2KRPW	PT_Z4GS3ZQQ	7316-740	NA	NA	NA	NA	NA	NA	NA	NA	NA	NA	NA	NA	NA	NA	NA	NA	NA	NA	NA	NA	NA	NA	NA
BS_KFRBXXV7	PT_YBJYA2CD	7316-2244	NA	NA	NA	NA	NA	NA	NA	NA	NA	NA	NA	NA	NA	NA	NA	NA	NA	NA	NA	NA	NA	NA	NA
BS_K07KNTFY	PT_00G007DM	7316-272	NA	NA	0	0	1	NA	NA	NA	NA	NA	NA	NA	NA	NA	NA	NA	NA	0	1	NA	NA	NA	NA
BS_AJ0T7DJ7	PT_D5KHK0SS	7316-882	NA	NA	NA	NA	NA	NA	NA	NA	NA	NA	NA	NA	NA	NA	NA	NA	NA	NA	NA	NA	NA	NA	NA
BS_230S192D	PT_P2NGYMG5	7316-1956	NA	NA	NA	NA	NA	NA	NA	NA	NA	p.X199_splice	NA	NA	NA	NA	NA	NA	NA	NA	NA	0	1	2	0
BS_9R82A3VT	PT_YT70KJ5P	7316-4	NA	NA	NA	NA	NA	NA	NA	NA	NA	NA	NA	NA	0	1	0	0	NA	NA	NA	NA	NA	NA	NA
BS_5J5VH3X0	PT_FZHGKJ0H	7316-4034	NA	NA	0	0	1	NA	NA	NA	NA	NA	NA	NA	NA	NA	NA	NA	NA	0	1	NA	NA	NA	NA
BS_G12HNXYX	PT_5F4N0CAP	7316-219	NA	NA	NA	NA	NA	NA	NA	NA	NA	NA	NA	NA	NA	NA	NA	NA	NA	0	1	NA	NA	NA	NA
BS_QWM9BPDY	PT_JNEV57VK	7316-3058	NA	NA	0	0	1	NA	NA	NA	NA	p.R2197C	0	1	0	2	0	0	NA	0	1	0	0	0	1
BS_3QDRWJCF	PT_YKVK5HTK	7316-441	NA	NA	NA	NA	NA	NA	NA	NA	NA	NA	NA	NA	NA	NA	NA	NA	NA	NA	NA	NA	NA	NA	NA
BS_A3EV6FXK	PT_1Z015H6V	7316-3516	NA	NA	NA	NA	NA	NA	NA	NA	NA	NA	NA	NA	NA	NA	NA	NA	NA	NA	NA	NA	NA	NA	NA
BS_1M63B97V	PT_MDWPRDBT	7316-2751	NA	NA	NA	NA	NA	NA	NA	NA	NA	NA	NA	NA	NA	NA	NA	NA	NA	NA	NA	NA	NA	NA	NA
BS_SCQNN2A2	PT_H8Z52K09	7316-2224	NA	NA	NA	NA	NA	0	0	0	2	NA	NA	NA	NA	NA	NA	NA	NA	NA	NA	0	1	0	0
BS_8Q8CAY84	PT_596H0BQF	7316-498	NA	NA	NA	NA	NA	NA	NA	NA	NA	NA	NA	NA	NA	NA	NA	NA	NA	NA	NA	NA	NA	NA	NA
BS_0Q8G4N8H	PT_AYZA2WCW	7316-197	NA	NA	0	0	1	NA	NA	NA	NA	NA	NA	NA	NA	NA	NA	NA	NA	0	1	NA	NA	NA	NA
BS_DAEM3WRX	PT_EYWDFKA7	7316-29	NA	NA	0	0	1	NA	NA	NA	NA	NA	NA	NA	NA	NA	NA	NA	NA	0	1	NA	NA	NA	NA
BS_P3P96WCD	PT_D7KMPYTZ	7316-2133	NA	NA	NA	NA	NA	NA	NA	NA	NA	NA	NA	NA	NA	NA	NA	NA	NA	0	1	0	1	0	0
BS_23ZE42Q3	PT_R4T1V1K4	7316-3206	NA	NA	NA	NA	NA	NA	NA	NA	NA	NA	NA	NA	0	0	0	1	NA	NA	NA	NA	NA	NA	NA
BS_M28HG0NT	PT_2WVW55DA	7316-2092	NA	NA	NA	NA	NA	NA	NA	NA	NA	p.S2041R	NA	NA	NA	NA	NA	NA	NA	NA	NA	NA	NA	NA	NA
BS_JBY9S5D4	PT_VQDNSYXM	7316-1637	NA	NA	NA	NA	NA	NA	NA	NA	NA	NA	NA	NA	NA	NA	NA	NA	NA	NA	NA	NA	NA	NA	NA
BS_JB3J82ZK	PT_7WT6P5M8	7316-2308	NA	NA	NA	NA	NA	NA	NA	NA	NA	NA	NA	NA	4	0	0	0	NA	NA	NA	NA	NA	NA	NA
BS_30W38X77	PT_0CE0HFYB	7316-2581	NA	NA	NA	NA	NA	NA	NA	NA	NA	NA	NA	NA	NA	NA	NA	NA	NA	NA	NA	NA	NA	NA	NA
BS_9X9E86DY	PT_20ZM6THA	7316-3629	NA	NA	0	0	1	NA	NA	NA	NA	NA	NA	NA	NA	NA	NA	NA	NA	0	1	NA	NA	NA	NA
BS_AF5D41PD	PT_KTRJ8TFY	7316-3230	NA	rs929384767	0	0	1	NA	NA	NA	NA	NA	NA	NA	NA	NA	NA	NA	NA	0	1	NA	NA	NA	NA
BS_FHFVCQ41	PT_N9SG16EC	7316-1958	NA	NA	NA	NA	NA	0	0	0	1	NA	NA	NA	NA	NA	NA	NA	NA	NA	NA	NA	NA	NA	NA
BS_922YMFYK	PT_MXASQ2GW	7316-3558	NA	NA	NA	NA	NA	NA	NA	NA	NA	NA	NA	NA	NA	NA	NA	NA	NA	NA	NA	NA	NA	NA	NA
BS_G9MQM1KK	PT_89XRZBSG	7316-445	NA	NA	NA	NA	NA	NA	NA	NA	NA	NA	NA	NA	NA	NA	NA	NA	NA	NA	NA	NA	NA	NA	NA
BS_YB99Q6TN	PT_A325EYR2	7316-2557	NA	NA	NA	NA	NA	NA	NA	NA	NA	NA	NA	NA	NA	NA	NA	NA	NA	NA	NA	NA	NA	NA	NA
BS_J5J0EA7Y	PT_2BJF83GQ	7316-1745	NA	NA	0	0	1	0	1	0	0	NA	NA	NA	NA	NA	NA	NA	NA	0	1	NA	NA	NA	NA
BS_47X3VAM0	PT_PX4E85V1	7316-1083	NA	NA	NA	NA	NA	NA	NA	NA	NA	NA	NA	NA	0	0	0	1	NA	NA	NA	NA	NA	NA	NA
BS_PDRNE606	PT_0FKQ3XGV	7316-1677	NA	NA	NA	NA	NA	NA	NA	NA	NA	NA	NA	NA	NA	NA	NA	NA	NA	NA	NA	NA	NA	NA	NA
BS_ZZJF26C4	PT_ZA95JQEB	7316-384	NA	NA	NA	NA	NA	NA	NA	NA	NA	NA	NA	NA	NA	NA	NA	NA	NA	NA	NA	NA	NA	NA	NA
BS_F48RA7QF	PT_2C63FJAM	7316-3040	NA	NA	0	0	1	NA	NA	NA	NA	NA	NA	NA	NA	NA	NA	NA	NA	0	1	NA	NA	NA	NA
BS_RG6JK7ZN	PT_2WVW55DA	7316-2100	NA	NA	NA	NA	NA	NA	NA	NA	NA	p.X1520_splice	1	0	0	1	2	1	NA	NA	NA	0	2	1	0
BS_FJEZ3ASV	PT_4347ZBEX	7316-913	NA	NA	0	0	1	NA	NA	NA	NA	NA	NA	NA	0	0	0	2	NA	0	1	NA	NA	NA	NA
BS_20TBZG09	PT_3CHB9PK5	7316-515	p.R646H		NA	NA	NA	NA	NA	NA	NA	p.D2326Y, p.E1643D, p.L1612I, p.E1365*, p.L291F	NA	NA	NA	NA	NA	NA	p.D738Y	NA	NA	NA	NA	NA	NA
BS_N8WXTFN4	PT_AWMZ12NP	7316-2203	NA	NA	NA	NA	NA	NA	NA	NA	NA	NA	NA	NA	NA	NA	NA	NA	NA	NA	NA	NA	NA	NA	NA
BS_JJZPY3BG	PT_SJEG0MKD	7316-146	NA	NA	0	0	1	NA	NA	NA	NA	NA	NA	NA	NA	NA	NA	NA	NA	0	1	NA	NA	NA	NA
BS_RXP2ZRQT	PT_JSFBMK5V	7316-1769	NA	NA	NA	NA	NA	NA	NA	NA	NA	NA	NA	NA	NA	NA	NA	NA	NA	NA	NA	NA	NA	NA	NA
BS_8JFMP1T1	PT_EYX2CP9F	7316-1749	NA	NA	NA	NA	NA	NA	NA	NA	NA	NA	NA	NA	NA	NA	NA	NA	NA	NA	NA	NA	NA	NA	NA
BS_8EB1S8MK	PT_XNMKQ4MR	7316-2006	NA	NA	NA	NA	NA	NA	NA	NA	NA	NA	NA	NA	NA	NA	NA	NA	NA	NA	NA	NA	NA	NA	NA
BS_9KDA3HG6	PT_5CKDR2SF	7316-525	NA	NA	NA	NA	NA	NA	NA	NA	NA	NA	NA	NA	NA	NA	NA	NA	NA	NA	NA	NA	NA	NA	NA
BS_XPSD2NRJ	PT_AKQZZPH8	7316-2782	NA	NA	NA	NA	NA	NA	NA	NA	NA	NA	NA	NA	NA	NA	NA	NA	NA	NA	NA	0	0	0	1
BS_Q3ANJDVG	PT_962TCBVR	7316-896	NA	NA	NA	NA	NA	NA	NA	NA	NA	NA	NA	NA	NA	NA	NA	NA	NA	NA	NA	NA	NA	NA	NA
BS_JGKRN7NA	PT_Y5KY6KN9	7316-195	NA	NA	NA	NA	NA	NA	NA	NA	NA	NA	NA	NA	NA	NA	NA	NA	NA	NA	NA	NA	NA	NA	NA
BS_GWPJKM7G	PT_1DRAVX4S	7316-1968	NA	NA	0	0	1	NA	NA	NA	NA	NA	NA	NA	0	1	0	0	NA	0	1	NA	NA	NA	NA
BS_2F70R10Z	PT_V07ZH5JS	7316-472	NA	NA	NA	NA	NA	NA	NA	NA	NA	NA	NA	NA	NA	NA	NA	NA	NA	NA	NA	0	0	1	0
BS_KRYYDC2X	PT_RH59ET3M	7316-1655	NA	NA	NA	NA	NA	NA	NA	NA	NA	NA	NA	NA	NA	NA	NA	NA	NA	NA	NA	NA	NA	NA	NA
BS_W9P0PFDH	PT_S7WJ99PC	7316-677	NA	NA	NA	NA	NA	NA	NA	NA	NA	NA	NA	NA	NA	NA	NA	NA	NA	NA	NA	NA	NA	NA	NA
BS_7RQCH5Y7	PT_V3Q78E6F	7316-455	NA	NA	NA	NA	NA	NA	NA	NA	NA	NA	NA	NA	NA	NA	NA	NA	NA	NA	NA	0	1	0	0
BS_10V9SAG8	PT_YFS3AWC0	7316-153	NA	NA	NA	NA	NA	NA	NA	NA	NA	NA	NA	NA	0	1	0	0	NA	NA	NA	0	0	0	3
BS_FK3B5SDH	PT_HGM20MW7	7316-3221	NA	NA	0	0	1	NA	NA	NA	NA	NA	NA	NA	NA	NA	NA	NA	NA	0	1	NA	NA	NA	NA
BS_CGXTFM67	PT_M23Q0DC3	7316-3212	NA	NA	NA	NA	NA	NA	NA	NA	NA	NA	NA	NA	NA	NA	NA	NA	NA	NA	NA	NA	NA	NA	NA
BS_FNM4BB83	PT_VHS5RM2K	7316-364	NA	NA	0	0	1	NA	NA	NA	NA	NA	0	1	NA	NA	NA	NA	NA	0	1	NA	NA	NA	NA
BS_AHT9PKVE	PT_0T2EWNYR	7316-1981	NA	NA	NA	NA	NA	NA	NA	NA	NA	NA	NA	NA	NA	NA	NA	NA	NA	NA	NA	NA	NA	NA	NA
BS_KPWRDRFP	PT_F822DBA0	7316-458	NA	NA	NA	NA	NA	NA	NA	NA	NA	NA	NA	NA	NA	NA	NA	NA	NA	NA	NA	NA	NA	NA	NA
BS_3NX3RBCX	PT_3X3MF8ZD	7316-114	NA	NA	NA	NA	NA	NA	NA	NA	NA	NA	NA	NA	NA	NA	NA	NA	NA	NA	NA	NA	NA	NA	NA
BS_MZJJRDZF	PT_1BV6ND1D	7316-3203	NA	NA	NA	NA	NA	NA	NA	NA	NA	NA	NA	NA	NA	NA	NA	NA	NA	NA	NA	NA	NA	NA	NA
BS_CFPWSZB5	PT_6BX46NVR	7316-3893	NA	NA	NA	NA	NA	NA	NA	NA	NA	NA	NA	NA	NA	NA	NA	NA	NA	NA	NA	NA	NA	NA	NA
BS_D59VEERR	PT_ER1C7KPB	7316-2691	NA	NA	0	0	1	NA	NA	NA	NA	NA	NA	NA	0	1	0	0	NA	0	1	NA	NA	NA	NA
BS_3VKW5988	PT_KTRJ8TFY	7316-3223	NA	NA	NA	NA	NA	NA	NA	NA	NA	NA	NA	NA	NA	NA	NA	NA	NA	NA	NA	NA	NA	NA	NA
BS_4PAE19ZC	PT_67R1AF5R	7316-889	NA	NA	NA	NA	NA	NA	NA	NA	NA	NA	NA	NA	NA	NA	NA	NA	NA	NA	NA	NA	NA	NA	NA
BS_3ZASRA3A	PT_D7FS86D8	7316-1862	NA	NA	NA	NA	NA	NA	NA	NA	NA	NA	NA	NA	NA	NA	NA	NA	NA	NA	NA	NA	NA	NA	NA
BS_R82MYPKB	PT_FHDZNN40	7316-405	NA	NA	NA	NA	NA	NA	NA	NA	NA	NA	NA	NA	NA	NA	NA	NA	NA	NA	NA	NA	NA	NA	NA
BS_H0638GZT	PT_JSFBMK5V	7316-392	NA	NA	NA	NA	NA	NA	NA	NA	NA	NA	NA	NA	NA	NA	NA	NA	NA	NA	NA	NA	NA	NA	NA
BS_JNS7Q60A	PT_M0FVZ88D	7316-1986	NA	NA	NA	NA	NA	NA	NA	NA	NA	NA	NA	NA	NA	NA	NA	NA	NA	NA	NA	NA	NA	NA	NA
BS_4RS1SC48	PT_CWD717Q0	7316-101	NA	NA	0	0	1	NA	NA	NA	NA	NA	NA	NA	NA	NA	NA	NA	NA	0	1	NA	NA	NA	NA
BS_1135HC0V	PT_7JQ24F35	7316-1674	NA	NA	NA	NA	NA	NA	NA	NA	NA	NA	NA	NA	0	1	0	0	NA	NA	NA	NA	NA	NA	NA
BS_4DTX295Z	PT_1ZAWNGWT	7316-3345	NA	NA	NA	NA	NA	NA	NA	NA	NA	p.R1426*	NA	NA	NA	NA	NA	NA	NA	NA	NA	NA	NA	NA	NA
BS_FVYBGMG1	PT_9DMMZ08D	7316-1676	NA	NA	0	0	1	NA	NA	NA	NA	NA	NA	NA	NA	NA	NA	NA	NA	0	1	NA	NA	NA	NA
BS_NMJPX8VQ	PT_EJ8TKG2Z	7316-3571	NA	NA	NA	NA	NA	NA	NA	NA	NA	NA	NA	NA	NA	NA	NA	NA	NA	NA	NA	NA	NA	NA	NA
BS_CHAFNK64	PT_T2M1338J	7316-258	NA	NA	NA	NA	NA	NA	NA	NA	NA	NA	NA	NA	NA	NA	NA	NA	NA	NA	NA	NA	NA	NA	NA
BS_JSMAT49K	PT_V2F0865M	7316-642	NA	NA	NA	NA	NA	NA	NA	NA	NA	NA	NA	NA	NA	NA	NA	NA	NA	NA	NA	NA	NA	NA	NA
BS_QE7WAAKC	PT_KDW5HHWQ	7316-2237	NA	NA	NA	NA	NA	NA	NA	NA	NA	NA	NA	NA	NA	NA	NA	NA	NA	NA	NA	NA	NA	NA	NA
BS_TF5TTEXH	PT_Z4PJA6KT	7316-1763	NA	NA	0	0	1	0	0	0	2	NA	NA	NA	NA	NA	NA	NA	NA	0	1	NA	NA	NA	NA
BS_0ZR4XA69	PT_7VSY72EK	7316-1855	NA	NA	NA	NA	NA	NA	NA	NA	NA	NA	NA	NA	NA	NA	NA	NA	NA	NA	NA	NA	NA	NA	NA
BS_BVD7PWP5	PT_203ZY782	7316-2668	NA	NA	0	0	1	NA	NA	NA	NA	NA	NA	NA	NA	NA	NA	NA	NA	0	1	NA	NA	NA	NA
BS_94AP61Q5	PT_DDFAZ345	7316-321	NA	NA	NA	NA	NA	NA	NA	NA	NA	NA	NA	NA	NA	NA	NA	NA	NA	NA	NA	NA	NA	NA	NA
BS_KAZENYZE	PT_0WMP712K	7316-922	NA	rs1242535815,COSM1716563,COSM1716558	0	0	1	NA	NA	NA	NA	NA	NA	NA	NA	NA	NA	NA	NA	0	1	NA	NA	NA	NA
BS_B73JK7T1	PT_CMB6TASJ	7316-505	NA	NA	NA	NA	NA	NA	NA	NA	NA	NA	NA	NA	NA	NA	NA	NA	NA	NA	NA	NA	NA	NA	NA
BS_VQC2PE2B	PT_9B6KWJT2	7316-1226	NA	NA	0	0	1	NA	NA	NA	NA	NA	NA	NA	NA	NA	NA	NA	NA	0	1	NA	NA	NA	NA
BS_0XD58YD9	PT_E66N7YBN	7316-35	NA	NA	NA	NA	NA	NA	NA	NA	NA	NA	NA	NA	0	0	0	1	NA	NA	NA	NA	NA	NA	NA
BS_BS5X4H0Y	PT_K5KH69Q1	7316-2670	NA	NA	NA	NA	NA	NA	NA	NA	NA	NA	NA	NA	NA	NA	NA	NA	NA	NA	NA	NA	NA	NA	NA
BS_FKQ7F6D1	PT_Y660CKCB	7316-3122	NA	NA	0	0	1	NA	NA	NA	NA	p.L691Qfs*4	NA	NA	NA	NA	NA	NA	NA	0	1	NA	NA	NA	NA
BS_EQE19CB0	PT_K63972GG	7316-666	NA	NA	0	1	0	NA	NA	NA	NA	NA	NA	NA	0	1	0	0	NA	NA	NA	0	1	1	0
BS_DMBNB0EP	PT_7T13FDWK	7316-1082	NA	NA	NA	NA	NA	NA	NA	NA	NA	NA	NA	NA	NA	NA	NA	NA	NA	NA	NA	NA	NA	NA	NA
BS_6SA5B35V	PT_XY404K0D	7316-1782	NA	NA	NA	NA	NA	NA	NA	NA	NA	NA	NA	NA	NA	NA	NA	NA	NA	NA	NA	NA	NA	NA	NA
BS_VF099E8S	PT_ZCXS29JJ	7316-2153	NA		NA	NA	NA	0	0	1	1	p.Q539Rfs*23	NA	NA	NA	NA	NA	NA	NA	NA	NA	NA	NA	NA	NA
BS_ARE4EM81	PT_FAPEH6R1	7316-1660	NA	NA	NA	NA	NA	NA	NA	NA	NA	NA	NA	NA	NA	NA	NA	NA	NA	NA	NA	NA	NA	NA	NA
BS_DC7XYYG8	PT_66XN3MT1	7316-936	NA	NA	NA	NA	NA	NA	NA	NA	NA	NA	NA	NA	NA	NA	NA	NA	NA	NA	NA	0	1	1	0
BS_ZX1YPQ88	PT_W6CW60K9	7316-380	NA	NA	NA	NA	NA	NA	NA	NA	NA	NA	NA	NA	0	0	0	1	NA	NA	NA	NA	NA	NA	NA
BS_NEX92KQH	PT_WGWMA5AZ	7316-148	NA	NA	NA	NA	NA	NA	NA	NA	NA	NA	NA	NA	NA	NA	NA	NA	NA	NA	NA	NA	NA	NA	NA
BS_2SG8JNMB	PT_NNZQ09SH	7316-1109	NA	NA	0	0	1	NA	NA	NA	NA	NA	NA	NA	NA	NA	NA	NA	NA	0	1	NA	NA	NA	NA
BS_MZB884N9	PT_2YCHME6S	7316-2622	NA	NA	NA	NA	NA	NA	NA	NA	NA	NA	NA	NA	NA	NA	NA	NA	NA	NA	NA	NA	NA	NA	NA
BS_BAVWP5JG	PT_G5RA8E3N	7316-727	NA	NA	0	0	1	NA	NA	NA	NA	NA	NA	NA	NA	NA	NA	NA	NA	0	1	0	1	1	0
BS_49JD1V3S	PT_3CVMBGD7	7316-1963	NA	NA	NA	NA	NA	NA	NA	NA	NA	NA	NA	NA	NA	NA	NA	NA	NA	NA	NA	NA	NA	NA	NA
BS_VDSR4X6N	PT_HGHV85PZ	7316-2300	NA	NA	0	1	0	NA	NA	NA	NA	NA	NA	NA	NA	NA	NA	NA	NA	1	0	NA	NA	NA	NA
BS_S7S6YEHA	PT_8GBF5MTD	7316-166	NA	NA	NA	NA	NA	NA	NA	NA	NA	NA	NA	NA	3	1	0	0	NA	NA	NA	0	1	0	0
BS_C6NB914B	PT_K8ZV7APT	7316-2166	NA	NA	0	0	1	NA	NA	NA	NA	NA	NA	NA	NA	NA	NA	NA	NA	0	1	NA	NA	NA	NA
BS_AQECMDPP	PT_3A87PCQK	7316-480	NA	NA	NA	NA	NA	NA	NA	NA	NA	NA	NA	NA	NA	NA	NA	NA	NA	NA	NA	NA	NA	NA	NA
BS_8B1YF57H	PT_48N4Y6YP	7316-1866	NA	NA	NA	NA	NA	NA	NA	NA	NA	NA	NA	NA	0	1	0	0	NA	NA	NA	0	0	1	0
BS_3DYRAZE7	PT_E78NHRWQ	7316-1081	NA	NA	NA	NA	NA	NA	NA	NA	NA	NA	NA	NA	NA	NA	NA	NA	NA	NA	NA	NA	NA	NA	NA
BS_GDPZN3SD	PT_FKWCVXNC	7316-332	NA	NA	NA	NA	NA	NA	NA	NA	NA	NA	NA	NA	NA	NA	NA	NA	NA	NA	NA	NA	NA	NA	NA
BS_4Z6F1HJZ	PT_6PFFSB6D	7316-2569	NA	NA	NA	NA	NA	NA	NA	NA	NA	NA	NA	NA	NA	NA	NA	NA	NA	NA	NA	NA	NA	NA	NA
BS_8BM1WTGR	PT_BCN28SW9	7316-3574	NA	NA	NA	NA	NA	NA	NA	NA	NA	NA	NA	NA	NA	NA	NA	NA	NA	NA	NA	NA	NA	NA	NA
BS_6TMPZKSZ	PT_NESAQHB1	7316-3689	NA	NA	NA	NA	NA	NA	NA	NA	NA	NA	NA	NA	NA	NA	NA	NA	NA	NA	NA	NA	NA	NA	NA
BS_9NF39QAW	PT_4XVA57J7	7316-1760	NA	NA	NA	NA	NA	NA	NA	NA	NA	NA	NA	NA	NA	NA	NA	NA	NA	NA	NA	NA	NA	NA	NA
BS_HTGDSPQA	PT_4159VCJY	7316-389	NA	NA	0	0	1	NA	NA	NA	NA	NA	NA	NA	0	1	0	0	NA	0	1	NA	NA	NA	NA
BS_NFT9VHMJ	PT_N56EYD4Z	7316-3857	NA	NA	0	0	1	NA	NA	NA	NA	NA	NA	NA	NA	NA	NA	NA	NA	0	1	NA	NA	NA	NA
BS_F0GNWEJJ	PT_EB0D3BXG	7316-3311	NA	NA	0	1	0	NA	NA	NA	NA	NA	0	1	0	1	0	0	p.A368V	NA	NA	0	0	0	1
BS_9HEMB7RK	PT_W6AWJJK7	7316-230	NA	NA	NA	NA	NA	NA	NA	NA	NA	NA	NA	NA	NA	NA	NA	NA	NA	NA	NA	0	1	0	0
BS_F5641KTR	PT_JXSDFPNM	7316-2142	NA	NA	NA	NA	NA	NA	NA	NA	NA	NA	NA	NA	NA	NA	NA	NA	NA	NA	NA	NA	NA	NA	NA
BS_F7KYPE79	PT_4RJ2EATN	7316-1653	NA	NA	NA	NA	NA	NA	NA	NA	NA	NA	NA	NA	NA	NA	NA	NA	NA	NA	NA	NA	NA	NA	NA
BS_CZRA594T	PT_3AWKWXEV	7316-85	NA	NA	NA	NA	NA	NA	NA	NA	NA	NA	NA	NA	0	1	0	0	NA	NA	NA	0	0	0	1
BS_P99S85CY	PT_GR8P8NY5	7316-178	NA	NA	NA	NA	NA	NA	NA	NA	NA	NA	NA	NA	0	0	1	0	NA	NA	NA	NA	NA	NA	NA
BS_H83DTMT2	PT_HJA1ZYS1	7316-2939	NA	NA	NA	NA	NA	NA	NA	NA	NA	NA	NA	NA	NA	NA	NA	NA	NA	NA	NA	NA	NA	NA	NA
BS_GCQEB05M	PT_DMHFS0HX	7316-3055	NA	NA	0	0	1	0	0	0	2	NA	NA	NA	NA	NA	NA	NA	NA	0	1	NA	NA	NA	NA
BS_NWYBD9CA	PT_82A9SDRN	7316-2313	NA	NA	NA	NA	NA	NA	NA	NA	NA	NA	NA	NA	NA	NA	NA	NA	NA	NA	NA	0	0	1	0
BS_B6KCJF2B	PT_NPHZQW6A	7316-1985	NA	NA	0	0	1	NA	NA	NA	NA	NA	0	1	NA	NA	NA	NA	NA	0	1	NA	NA	NA	NA
BS_HW4MYBZ2	PT_409Y4N1N	7316-84	NA	NA	NA	NA	NA	1	0	0	0	NA	NA	NA	1	1	0	2	NA	NA	NA	0	1	0	2
BS_84AQCZE4	PT_ECBD1D5J	7316-2177	NA	NA	NA	NA	NA	NA	NA	NA	NA	NA	NA	NA	NA	NA	NA	NA	NA	NA	NA	NA	NA	NA	NA
BS_BWZTMWTM	PT_F1086Z0A	7316-1101	NA	NA	NA	NA	NA	NA	NA	NA	NA	NA	NA	NA	0	1	0	0	NA	NA	NA	NA	NA	NA	NA
BS_PMFR8NPN	PT_N673SYWW	7316-1751	NA	NA	NA	NA	NA	NA	NA	NA	NA	NA	NA	NA	0	0	0	1	NA	NA	NA	NA	NA	NA	NA
BS_MWXDJFWW	PT_CEWNZVKF	7316-124	NA	NA	NA	NA	NA	NA	NA	NA	NA	NA	NA	NA	NA	NA	NA	NA	NA	NA	NA	0	0	0	1
BS_N8D9FH6M	PT_EW604JB3	7316-1134	NA	NA	NA	NA	NA	NA	NA	NA	NA	NA	NA	NA	NA	NA	NA	NA	NA	NA	NA	NA	NA	NA	NA
BS_BR1X3R68	PT_ZN1F7RMP	7316-1080	NA	NA	0	0	1	NA	NA	NA	NA	NA	NA	NA	NA	NA	NA	NA	NA	0	1	0	0	1	0
BS_ERFMPQN3	PT_VTM2STE3	7316-2189	NA	NA	NA	NA	NA	NA	NA	NA	NA	NA	NA	NA	NA	NA	NA	NA	NA	NA	NA	NA	NA	NA	NA
BS_9BGCH82S	PT_D9NTSYSC	7316-3064	NA	NA	NA	NA	NA	0	0	0	2	NA	NA	NA	NA	NA	NA	NA	NA	NA	NA	NA	NA	NA	NA
BS_FWCKP4X1	PT_GY0QSY4H	7316-1075	NA	NA	NA	NA	NA	NA	NA	NA	NA	NA	NA	NA	NA	NA	NA	NA	NA	NA	NA	NA	NA	NA	NA
BS_Z4S81HG1	PT_QPY0H50V	7316-2614	NA	NA	NA	NA	NA	NA	NA	NA	NA	NA	NA	NA	NA	NA	NA	NA	NA	NA	NA	0	0	0	2
BS_YBCQBCQC	PT_2NQPX1R2	7316-1116	NA	NA	NA	NA	NA	NA	NA	NA	NA	NA	NA	NA	NA	NA	NA	NA	NA	NA	NA	NA	NA	NA	NA
BS_TNQKJZCP	PT_9DER14KH	7316-2230	NA	NA	NA	NA	NA	NA	NA	NA	NA	NA	NA	NA	NA	NA	NA	NA	NA	NA	NA	NA	NA	NA	NA
BS_QYWGB52C	PT_2Z7GVDTM	7316-3515	NA	NA	NA	NA	NA	NA	NA	NA	NA	NA	NA	NA	NA	NA	NA	NA	NA	NA	NA	0	1	0	0
BS_AR2BH0Z4	PT_A0F23R7E	7316-452	NA	NA	NA	NA	NA	NA	NA	NA	NA	NA	NA	NA	NA	NA	NA	NA	NA	NA	NA	NA	NA	NA	NA
BS_HGP0PV0D	PT_3D74J8RZ	7316-1792	NA	NA	NA	NA	NA	NA	NA	NA	NA	NA	NA	NA	NA	NA	NA	NA	NA	NA	NA	0	0	1	0
BS_Q5XKTB1V	PT_SBHN5F68	7316-516	NA	NA	NA	NA	NA	NA	NA	NA	NA	NA	NA	NA	NA	NA	NA	NA	NA	NA	NA	NA	NA	NA	NA
BS_R913E3VB	PT_VABP80N2	7316-1949	NA	NA	NA	NA	NA	NA	NA	NA	NA	NA	NA	NA	NA	NA	NA	NA	NA	NA	NA	NA	NA	NA	NA
BS_11322HD1	PT_TRXF649Z	7316-915	NA	NA	NA	NA	NA	NA	NA	NA	NA	NA	NA	NA	NA	NA	NA	NA	NA	NA	NA	NA	NA	NA	NA
BS_V79WFJ6N	PT_AP9P5D7N	7316-1117	NA	NA	NA	NA	NA	NA	NA	NA	NA	NA	NA	NA	NA	NA	NA	NA	NA	NA	NA	NA	NA	NA	NA
BS_Z14Z2JMW	PT_9ZY739FB	7316-170	NA	NA	NA	NA	NA	NA	NA	NA	NA	NA	NA	NA	NA	NA	NA	NA	NA	NA	NA	NA	NA	NA	NA
BS_QX754ADQ	PT_5KRVE8E4	7316-1671	NA	NA	NA	NA	NA	NA	NA	NA	NA	NA	NA	NA	NA	NA	NA	NA	NA	NA	NA	0	1	1	1
BS_YRC54VPP	PT_QH9H491G	7316-382	NA	NA	NA	NA	NA	NA	NA	NA	NA	NA	NA	NA	NA	NA	NA	NA	NA	NA	NA	0	0	0	1
BS_886M7JMG	PT_R1N5M7NH	7316-3557	NA	NA	NA	NA	NA	NA	NA	NA	NA	NA	NA	NA	NA	NA	NA	NA	NA	NA	NA	NA	NA	NA	NA
BS_B1X2SB4P	PT_06ERX8Z7	7316-2578	NA	NA	NA	NA	NA	NA	NA	NA	NA	NA	NA	NA	NA	NA	NA	NA	NA	NA	NA	NA	NA	NA	NA
BS_WEGGXVYA	PT_HXDCHQ9Y	7316-2171	NA	NA	0	0	1	NA	NA	NA	NA	NA	NA	NA	NA	NA	NA	NA	NA	0	1	0	0	0	1
BS_WPCBK1EG	PT_Z4PJA6KT	7316-1763	NA	NA	0	0	1	NA	NA	NA	NA	NA	NA	NA	NA	NA	NA	NA	NA	0	1	0	0	0	1
BS_D6STCMQS	PT_KZ56XHJT	7316-3231	NA	NA	NA	NA	NA	NA	NA	NA	NA	NA	NA	NA	NA	NA	NA	NA	NA	NA	NA	NA	NA	NA	NA
BS_40FX713C	PT_MSBPMJ56	7316-306	NA	NA	NA	NA	NA	NA	NA	NA	NA	NA	0	1	NA	NA	NA	NA	NA	NA	NA	NA	NA	NA	NA
BS_ACTR13BQ	PT_WYR1DVHX	7316-1950	NA	NA	NA	NA	NA	NA	NA	NA	NA	NA	NA	NA	NA	NA	NA	NA	NA	NA	NA	NA	NA	NA	NA
BS_B4P1NP87	PT_3VCS1PPF	7316-198	NA	NA	NA	NA	NA	NA	NA	NA	NA	NA	NA	NA	NA	NA	NA	NA	NA	NA	NA	NA	NA	NA	NA
BS_JVTQD8HH	PT_8V3360DR	7316-641	p.F71V	NA	NA	NA	NA	NA	NA	NA	NA	NA	NA	NA	NA	NA	NA	NA	NA	NA	NA	NA	NA	NA	NA
BS_69VS8PS1	PT_DQT78GS5	7316-3326	NA	NA	NA	NA	NA	NA	NA	NA	NA	NA	NA	NA	0	12	19	33	NA	NA	NA	NA	NA	NA	NA
BS_ABENB1H2	PT_N9CGVG02	7316-2197	NA	NA	NA	NA	NA	NA	NA	NA	NA	NA	NA	NA	NA	NA	NA	NA	NA	NA	NA	NA	NA	NA	NA
BS_Y7CA8B5R	PT_7FQ6VECA	7316-3846	NA	NA	NA	NA	NA	NA	NA	NA	NA	NA	NA	NA	NA	NA	NA	NA	NA	NA	NA	NA	NA	NA	NA
BS_WRJNMEX2	PT_6TKJRSPW	7316-162	NA	NA	NA	NA	NA	NA	NA	NA	NA	NA	NA	NA	NA	NA	NA	NA	NA	NA	NA	NA	NA	NA	NA
BS_45913DTA	PT_HYXSSCJ5	7316-1088	NA	NA	0	0	1	NA	NA	NA	NA	NA	NA	NA	NA	NA	NA	NA	NA	0	1	NA	NA	NA	NA
BS_P3EVK3C2	PT_S21ZTKPS	7316-362	NA	NA	0	0	1	NA	NA	NA	NA	NA	NA	NA	NA	NA	NA	NA	NA	0	1	0	1	0	0
BS_XJZQA3AP	PT_B54PH840	7316-2707	NA	NA	0	0	1	NA	NA	NA	NA	NA	0	1	NA	NA	NA	NA	NA	0	1	NA	NA	NA	NA
BS_MCM78YPC	PT_XHYBZKCX	7316-1456	NA	NA	0	0	1	NA	NA	NA	NA	NA	NA	NA	NA	NA	NA	NA	NA	0	1	NA	NA	NA	NA
BS_47454JJ6	PT_SDK91A16	7316-247	NA	NA	NA	NA	NA	NA	NA	NA	NA	NA	NA	NA	NA	NA	NA	NA	NA	NA	NA	NA	NA	NA	NA
BS_7HC4W4SA	PT_GB8MNK85	7316-1086	NA	NA	NA	NA	NA	NA	NA	NA	NA	NA	NA	NA	NA	NA	NA	NA	NA	NA	NA	0	1	1	0
BS_SK949N33	PT_E1TRJP8V	7316-134	NA	NA	0	0	1	NA	NA	NA	NA	NA	0	1	0	1	0	0	NA	0	1	NA	NA	NA	NA
BS_3J4T2YYW	PT_T93J9EGZ	7316-2196	NA	NA	NA	NA	NA	NA	NA	NA	NA	NA	NA	NA	NA	NA	NA	NA	NA	NA	NA	NA	NA	NA	NA
BS_MSGYZ69T	PT_VTF65Y63	7316-3513	NA	NA	NA	NA	NA	0	0	0	1	NA	NA	NA	NA	NA	NA	NA	NA	NA	NA	NA	NA	NA	NA
BS_ZR75EKKX	PT_9S6WMQ92	7316-95	NA	NA	0	0	1	NA	NA	NA	NA	NA	NA	NA	NA	NA	NA	NA	NA	0	1	NA	NA	NA	NA
BS_FG649AWK	PT_YY7CRV21	7316-215	NA	NA	NA	NA	NA	NA	NA	NA	NA	NA	NA	NA	NA	NA	NA	NA	NA	NA	NA	NA	NA	NA	NA
BS_QGX93WPF	PT_P4ZEFY19	7316-937	NA	NA	0	0	1	NA	NA	NA	NA	NA	NA	NA	NA	NA	NA	NA	NA	0	1	NA	NA	NA	NA
BS_8BD8WD38	PT_VH6S71AC	7316-735	NA	NA	0	0	1	NA	NA	NA	NA	NA	NA	NA	NA	NA	NA	NA	NA	0	1	NA	NA	NA	NA
BS_BX8AR74E	PT_FN4GEEFR	7316-729	NA	NA	1	0	0	0	0	2	0	NA	NA	NA	NA	NA	NA	NA	NA	NA	NA	NA	NA	NA	NA
BS_6VKKMM6M	PT_RJ1TJ2KH	7316-3680	NA	NA	NA	NA	NA	NA	NA	NA	NA	NA	NA	NA	NA	NA	NA	NA	NA	NA	NA	NA	NA	NA	NA
BS_89RCN9PF	PT_NZFFMZ0B	7316-923	NA	NA	0	0	1	NA	NA	NA	NA	NA	NA	NA	NA	NA	NA	NA	NA	0	1	NA	NA	NA	NA
BS_NTXHP7QR	PT_BZKJR4GK	7316-561	NA	NA	NA	NA	NA	NA	NA	NA	NA	NA	NA	NA	NA	NA	NA	NA	NA	NA	NA	NA	NA	NA	NA
BS_PV130A29	PT_YRMG61G8	7316-2305	NA	NA	NA	NA	NA	NA	NA	NA	NA	NA	NA	NA	NA	NA	NA	NA	NA	NA	NA	NA	NA	NA	NA
BS_58X7SKJS	PT_QQZXYR4M	7316-1946	NA	NA	NA	NA	NA	NA	NA	NA	NA	p.I360Rfs*6	NA	NA	NA	NA	NA	NA	NA	NA	NA	NA	NA	NA	NA
BS_7BNQBB26	PT_CBAYDRF9	7316-1675	NA	NA	NA	NA	NA	NA	NA	NA	NA	NA	NA	NA	NA	NA	NA	NA	NA	NA	NA	NA	NA	NA	NA
BS_9DM8H1RX	PT_SYHB12RN	7316-194	NA	NA	NA	NA	NA	NA	NA	NA	NA	NA	NA	NA	NA	NA	NA	NA	NA	NA	NA	NA	NA	NA	NA
BS_NYVVN7SD	PT_2WVW55DA	7316-1890	NA	NA	NA	NA	NA	NA	NA	NA	NA	NA	NA	NA	NA	NA	NA	NA	NA	NA	NA	NA	NA	NA	NA
BS_9BF58P80	PT_BG7GAFK6	7316-3626	NA	NA	NA	NA	NA	NA	NA	NA	NA	NA	NA	NA	NA	NA	NA	NA	NA	NA	NA	0	0	0	1
BS_ZECKZTFC	PT_X8S0H6TG	7316-876	NA	NA	0	0	1	NA	NA	NA	NA	NA	NA	NA	NA	NA	NA	NA	NA	0	1	0	1	0	1
BS_96S0VQBN	PT_1H2REHT2	7316-3303	NA	NA	0	0	1	0	0	0	1	NA	NA	NA	NA	NA	NA	NA	NA	0	1	NA	NA	NA	NA
BS_ZBWQG7VR	PT_PKP1250P	7316-2556	NA	NA	0	0	1	NA	NA	NA	NA	NA	0	1	NA	NA	NA	NA	NA	0	1	NA	NA	NA	NA
BS_HYGK88B0	PT_95S99RWE	7316-323	NA	NA	NA	NA	NA	NA	NA	NA	NA	NA	NA	NA	NA	NA	NA	NA	NA	NA	NA	0	1	0	2
BS_QZRP3NSG	PT_KBFM551M	7316-4447	NA	NA	0	0	1	NA	NA	NA	NA	NA	NA	NA	NA	NA	NA	NA	NA	0	1	NA	NA	NA	NA
BS_WD37M8SD	PT_XNTFM9XY	7316-92	NA	NA	0	0	1	NA	NA	NA	NA	NA	NA	NA	NA	NA	NA	NA	NA	0	1	NA	NA	NA	NA
BS_QA0W86WP	PT_NPPBNRVV	7316-1943	NA	NA	0	0	1	NA	NA	NA	NA	NA	0	1	NA	NA	NA	NA	NA	0	1	NA	NA	NA	NA
BS_XW26N96W	PT_RGX23JFP	7316-2901	NA	NA	NA	NA	NA	NA	NA	NA	NA	NA	NA	NA	0	0	0	2	NA	NA	NA	0	1	1	0
BS_4G9Y2VC6	PT_8CZ6ANE0	7316-1970	NA	NA	NA	NA	NA	NA	NA	NA	NA	NA	NA	NA	0	0	0	1	NA	NA	NA	NA	NA	NA	NA
BS_Q807ENGY	PT_0H65S44B	7316-3567	NA	NA	NA	NA	NA	NA	NA	NA	NA	NA	NA	NA	NA	NA	NA	NA	NA	NA	NA	NA	NA	NA	NA
BS_EKR4NSNW	PT_PY4QFHHV	7316-3768	NA	NA	NA	NA	NA	NA	NA	NA	NA	NA	NA	NA	0	1	0	0	NA	NA	NA	NA	NA	NA	NA
BS_R1G6SG0K	PT_KEQ53KRH	7316-440	NA	NA	NA	NA	NA	NA	NA	NA	NA	NA	NA	NA	0	1	0	0	NA	1	0	NA	NA	NA	NA
BS_XH5JP8DB	PT_T1FV709B	7316-681	NA	NA	NA	NA	NA	NA	NA	NA	NA	NA	NA	NA	NA	NA	NA	NA	NA	NA	NA	NA	NA	NA	NA
BS_Z9PKZ4RT	PT_PFP1ZVHD	7316-2310	NA	NA	NA	NA	NA	NA	NA	NA	NA	NA	NA	NA	NA	NA	NA	NA	NA	NA	NA	0	0	0	1
BS_TE8QFF7T	PT_01MZ62KG	7316-447	NA	NA	NA	NA	NA	NA	NA	NA	NA	NA	NA	NA	NA	NA	NA	NA	NA	NA	NA	NA	NA	NA	NA
BS_E1VJCEWB	PT_FN4GEEFR	7316-3010	NA	NA	1	0	0	0	2	1	0	NA	0	1	NA	NA	NA	NA	NA	NA	NA	NA	NA	NA	NA
BS_BBCM52QE	PT_23K3YS1P	7316-189	NA	NA	NA	NA	NA	NA	NA	NA	NA	NA	NA	NA	NA	NA	NA	NA	NA	NA	NA	NA	NA	NA	NA
BS_68TZMZH1	PT_C2D4JXS1	7316-1746	NA	NA	NA	NA	NA	0	0	0	1	NA	NA	NA	NA	NA	NA	NA	NA	NA	NA	NA	NA	NA	NA
BS_HZV4WDTB	PT_GERCQ0JG	7316-3520	NA	NA	NA	NA	NA	NA	NA	NA	NA	NA	NA	NA	NA	NA	NA	NA	NA	NA	NA	NA	NA	NA	NA
BS_AG6M7TJE	PT_99S5BPE3	7316-451	NA	NA	NA	NA	NA	NA	NA	NA	NA	NA	NA	NA	NA	NA	NA	NA	NA	NA	NA	NA	NA	NA	NA
BS_ASXY97FK	PT_JEA0AEMZ	7316-2169	NA	NA	0	0	1	NA	NA	NA	NA	NA	NA	NA	NA	NA	NA	NA	NA	0	1	0	0	0	1
BS_5V2XCW17	PT_3KWSRWZN	7316-2648	NA	NA	0	0	1	NA	NA	NA	NA	NA	NA	NA	NA	NA	NA	NA	NA	0	1	NA	NA	NA	NA
BS_7PKPNFFK	PT_D1WJ3BJX	7316-358	NA	NA	NA	NA	NA	0	0	0	1	NA	NA	NA	NA	NA	NA	NA	NA	NA	NA	NA	NA	NA	NA
BS_SSYNTXDC	PT_PJFTMJ6H	7316-2150	NA	NA	NA	NA	NA	NA	NA	NA	NA	NA	NA	NA	NA	NA	NA	NA	NA	NA	NA	NA	NA	NA	NA
BS_JX1PK0VW	PT_38FS37DP	7316-2686	NA	NA	NA	NA	NA	NA	NA	NA	NA	NA	NA	NA	0	0	1	0	NA	NA	NA	NA	NA	NA	NA
BS_3CG2N4PD	PT_CXT81GRM	7316-1772	NA	NA	NA	NA	NA	NA	NA	NA	NA	NA	NA	NA	NA	NA	NA	NA	NA	NA	NA	NA	NA	NA	NA
BS_E7HEQZ1K	PT_KMHGNCNR	7316-350	NA	NA	0	0	1	NA	NA	NA	NA	NA	0	1	NA	NA	NA	NA	NA	0	1	NA	NA	NA	NA
BS_DJEVCH34	PT_DFXQFYPV	7316-2155	NA	NA	NA	NA	NA	NA	NA	NA	NA	NA	0	1	NA	NA	NA	NA	NA	NA	NA	NA	NA	NA	NA
BS_S34SCYW4	PT_TVK2KY36	7316-2626	NA	NA	NA	NA	NA	NA	NA	NA	NA	NA	NA	NA	0	0	0	1	NA	NA	NA	NA	NA	NA	NA
BS_AWV1EDYB	PT_Z4GS3ZQQ	7316-1797	NA	NA	0	0	1	NA	NA	NA	NA	NA	NA	NA	0	1	0	1	NA	0	1	NA	NA	NA	NA
BS_FFD25TTK	PT_VJ0M4E8Y	7316-2099	NA	NA	NA	NA	NA	NA	NA	NA	NA	NA	NA	NA	NA	NA	NA	NA	NA	NA	NA	NA	NA	NA	NA
BS_ZAT0XJE5	PT_JV9G8MFD	7316-2269	NA	NA	NA	NA	NA	NA	NA	NA	NA	NA	NA	NA	NA	NA	NA	NA	NA	NA	NA	NA	NA	NA	NA
BS_Y3472DYJ	PT_N4PR21ME	7316-330	NA	NA	NA	NA	NA	NA	NA	NA	NA	NA	NA	NA	NA	NA	NA	NA	NA	NA	NA	NA	NA	NA	NA
BS_G61CN2V0	PT_WY8REZ3P	7316-1783	NA	NA	NA	NA	NA	NA	NA	NA	NA	NA	NA	NA	0	1	0	0	NA	NA	NA	0	0	0	1
BS_NDSWS9TS	PT_GH693TT8	7316-2181	NA	NA	0	0	1	NA	NA	NA	NA	NA	0	1	NA	NA	NA	NA	NA	0	1	NA	NA	NA	NA
BS_17FVWMNV	PT_GY99ZJHV	7316-1654	NA	NA	NA	NA	NA	NA	NA	NA	NA	NA	NA	NA	NA	NA	NA	NA	NA	NA	NA	NA	NA	NA	NA
BS_5XZP7F4Q	PT_K8ZV7APT	7316-2590	NA	NA	0	0	1	NA	NA	NA	NA	NA	NA	NA	0	0	0	2	NA	0	1	NA	NA	NA	NA
BS_D2BZ25FW	PT_6N1QWCXE	7316-3169	NA	NA	NA	NA	NA	NA	NA	NA	NA	NA	NA	NA	NA	NA	NA	NA	NA	NA	NA	0	1	1	0
BS_GXACEYKB	PT_8ECE2D92	7316-914	NA	NA	0	0	1	NA	NA	NA	NA	NA	NA	NA	NA	NA	NA	NA	NA	0	1	NA	NA	NA	NA
BS_05S9WJW6	PT_23NZGSRJ	7316-2659	NA	NA	0	1	0	NA	NA	NA	NA	NA	NA	NA	NA	NA	NA	NA	NA	NA	NA	NA	NA	NA	NA
BS_SYGKQD8M	PT_RGX23JFP	7316-156	NA	NA	0	0	1	NA	NA	NA	NA	NA	NA	NA	NA	NA	NA	NA	NA	0	1	NA	NA	NA	NA
BS_164KRQJ0	PT_7BJBEBZT	7316-1670	NA	NA	0	0	1	NA	NA	NA	NA	NA	NA	NA	0	0	1	0	NA	0	1	NA	NA	NA	NA
BS_CXCKHP3Z	PT_13MKXR8G	7316-2251	NA	NA	NA	NA	NA	NA	NA	NA	NA	NA	NA	NA	0	0	1	0	NA	NA	NA	NA	NA	NA	NA
BS_H1K33JVK	PT_V8714N9H	7316-2322	NA	NA	0	0	1	NA	NA	NA	NA	NA	NA	NA	NA	NA	NA	NA	NA	0	1	NA	NA	NA	NA
BS_55N7KFHW	PT_S8E3281G	7316-2138	NA	NA	NA	NA	NA	NA	NA	NA	NA	NA	NA	NA	NA	NA	NA	NA	NA	NA	NA	NA	NA	NA	NA
BS_KAD49R68	PT_63F63QY0	7316-3521	NA	rs1242535815,COSM1716563,COSM1716558	0	0	1	NA	NA	NA	NA	NA	NA	NA	NA	NA	NA	NA	NA	0	1	NA	NA	NA	NA
BS_AM2TZPNS	PT_NH8CJ84W	7316-164	NA	NA	NA	NA	NA	NA	NA	NA	NA	NA	NA	NA	1	1	0	0	NA	NA	NA	0	1	0	3
BS_YETTZ1NC	PT_EV71W1JW	7316-349	NA	NA	0	0	1	0	0	0	1	NA	1	0	0	0	1	3	NA	1	0	0	4	4	6
BS_9F2J6VS1	PT_0XN6EYXZ	7316-3512	NA	NA	NA	NA	NA	NA	NA	NA	NA	NA	NA	NA	NA	NA	NA	NA	NA	NA	NA	NA	NA	NA	NA
BS_WJB33V17	PT_59FJRPVX	7316-3769	NA	NA	0	0	1	NA	NA	NA	NA	NA	NA	NA	NA	NA	NA	NA	NA	0	1	NA	NA	NA	NA
BS_F1B71HTZ	PT_1KEER2Q1	7316-460	NA	NA	NA	NA	NA	NA	NA	NA	NA	NA	NA	NA	NA	NA	NA	NA	NA	NA	NA	NA	NA	NA	NA
BS_P42V737Y	PT_82MX6J77	7316-2148	NA	NA	0	0	1	NA	NA	NA	NA	NA	NA	NA	NA	NA	NA	NA	NA	0	1	NA	NA	NA	NA
BS_E5H6CFYT	PT_6Q0NPVP3	7316-2255	NA	NA	NA	NA	NA	NA	NA	NA	NA	NA	NA	NA	NA	NA	NA	NA	NA	NA	NA	NA	NA	NA	NA
BS_W50WEJE7	PT_25Z2NX27	7316-1462	NA	NA	0	0	1	NA	NA	NA	NA	NA	NA	NA	NA	NA	NA	NA	NA	0	1	NA	NA	NA	NA
BS_0YVR8Q4E	PT_R0M1QBY4	7316-905	NA	NA	NA	NA	NA	NA	NA	NA	NA	NA	NA	NA	NA	NA	NA	NA	NA	NA	NA	NA	NA	NA	NA
BS_DT92H1MJ	PT_76Q72M5T	7316-397	NA	NA	NA	NA	NA	NA	NA	NA	NA	NA	NA	NA	NA	NA	NA	NA	NA	NA	NA	NA	NA	NA	NA
BS_4M0ZMCDC	PT_TPSMT960	7316-400	NA	NA	NA	NA	NA	NA	NA	NA	NA	NA	NA	NA	NA	NA	NA	NA	NA	NA	NA	NA	NA	NA	NA
BS_NASADC3P	PT_DTP4MMRA	7316-1463	NA	NA	0	0	1	NA	NA	NA	NA	NA	NA	NA	NA	NA	NA	NA	NA	0	1	NA	NA	NA	NA
BS_7M6F9GQD	PT_VJZN69T9	7316-3510	NA	NA	NA	NA	NA	NA	NA	NA	NA	NA	NA	NA	NA	NA	NA	NA	NA	NA	NA	0	1	1	0
BS_S0T3CQ97	PT_63HDZHCN	7316-2980	NA		NA	NA	NA	NA	NA	NA	NA	p.R840Efs*29	NA	NA	NA	NA	NA	NA	NA	NA	NA	NA	NA	NA	NA
BS_ZSH09N84	PT_MNSEJCDM	7316-3227	NA	NA	0	1	0	NA	NA	NA	NA	NA	NA	NA	NA	NA	NA	NA	NA	NA	NA	NA	NA	NA	NA
BS_D3KVGMRJ	PT_AQWDQW27	7316-1705	NA	NA	0	0	1	NA	NA	NA	NA	NA	NA	NA	NA	NA	NA	NA	NA	0	1	NA	NA	NA	NA
BS_BYJDRXMK	PT_DH8A0SNQ	7316-3057	NA	NA	NA	NA	NA	NA	NA	NA	NA	NA	NA	NA	0	0	1	0	NA	NA	NA	NA	NA	NA	NA
BS_QD22MJJ5	PT_QAX38GM7	7316-3570	NA	NA	NA	NA	NA	NA	NA	NA	NA	NA	NA	NA	NA	NA	NA	NA	NA	NA	NA	NA	NA	NA	NA
BS_AGAW7M7W	PT_BF3PGTF7	7316-1808	NA	NA	NA	NA	NA	NA	NA	NA	NA	NA	NA	NA	NA	NA	NA	NA	NA	NA	NA	NA	NA	NA	NA
BS_NJV6A585	PT_X84SD608	7316-497	NA	NA	NA	NA	NA	NA	NA	NA	NA	NA	NA	NA	NA	NA	NA	NA	NA	NA	NA	NA	NA	NA	NA
BS_NJFK43N3	PT_KFYJBQB8	7316-3075	NA	NA	0	0	1	NA	NA	NA	NA	NA	0	1	NA	NA	NA	NA	NA	0	1	NA	NA	NA	NA
BS_R1CV479M	PT_F3S9PB94	7316-2240	NA	NA	NA	NA	NA	NA	NA	NA	NA	NA	NA	NA	NA	NA	NA	NA	NA	NA	NA	NA	NA	NA	NA
BS_HBAKYKQM	PT_C94VR1Y2	7316-2278	p.W478C	NA	NA	NA	NA	0	0	0	1	NA	NA	NA	0	0	1	0	NA	NA	NA	NA	NA	NA	NA
BS_MJ8EGM54	PT_69C7CBFW	7316-1959	NA	NA	NA	NA	NA	NA	NA	NA	NA	NA	NA	NA	NA	NA	NA	NA	NA	NA	NA	NA	NA	NA	NA
BS_QDGHHS4S	PT_FFRHWB74	7316-932	NA	NA	0	0	1	NA	NA	NA	NA	NA	NA	NA	NA	NA	NA	NA	NA	0	1	NA	NA	NA	NA
BS_KH3859M5	PT_DTP4MMRA	7316-1463	NA	NA	NA	NA	NA	NA	NA	NA	NA	NA	NA	NA	0	0	1	0	NA	NA	NA	NA	NA	NA	NA
BS_C5RDMCCS	PT_R10BSB9F	7316-1965	NA	NA	NA	NA	NA	NA	NA	NA	NA	NA	NA	NA	NA	NA	NA	NA	NA	NA	NA	NA	NA	NA	NA
BS_93BV8AY9	PT_S4YNE17X	7316-234	NA	NA	NA	NA	NA	NA	NA	NA	NA	NA	NA	NA	NA	NA	NA	NA	NA	NA	NA	NA	NA	NA	NA
BS_Z4Q8RH5M	PT_0K0DPVF6	7316-121	NA	NA	0	0	1	0	0	0	2	NA	NA	NA	NA	NA	NA	NA	NA	0	1	NA	NA	NA	NA
BS_ABZ3BK38	PT_S2BEPYQ0	7316-3000	NA	NA	NA	NA	NA	0	0	1	0	NA	1	0	NA	NA	NA	NA	NA	NA	NA	0	0	0	2
BS_5V2FBYQG	PT_AWBPNFM5	7316-1854	NA	NA	NA	NA	NA	NA	NA	NA	NA	NA	NA	NA	NA	NA	NA	NA	NA	NA	NA	NA	NA	NA	NA
BS_PYVPKH11	PT_NTEKMKTX	7316-1650	NA	NA	NA	NA	NA	NA	NA	NA	NA	NA	NA	NA	NA	NA	NA	NA	NA	NA	NA	0	0	1	0
BS_8BS10XE2	PT_QJ3144WH	7316-3204	NA	NA	0	0	1	NA	NA	NA	NA	NA	NA	NA	NA	NA	NA	NA	NA	0	1	NA	NA	NA	NA
BS_H2K7XX4X	PT_9HMVHQEH	7316-22	NA	NA	NA	NA	NA	NA	NA	NA	NA	NA	NA	NA	NA	NA	NA	NA	NA	NA	NA	NA	NA	NA	NA
BS_CGCNC41M	PT_1TGKS073	7316-1659	NA	NA	NA	NA	NA	NA	NA	NA	NA	NA	NA	NA	0	0	0	1	NA	NA	NA	NA	NA	NA	NA
BS_XKXDH0YJ	PT_5SNX4PMK	7316-171	NA	NA	NA	NA	NA	NA	NA	NA	NA	NA	NA	NA	NA	NA	NA	NA	NA	NA	NA	0	1	0	0
BS_E2RXQ3JW	PT_X1PRY0FC	7316-1779	NA	NA	NA	NA	NA	NA	NA	NA	NA	NA	NA	NA	NA	NA	NA	NA	NA	NA	NA	NA	NA	NA	NA
BS_XBBBE8V2	PT_XWVQW6JX	7316-3556	NA	NA	NA	NA	NA	NA	NA	NA	NA	NA	NA	NA	NA	NA	NA	NA	NA	NA	NA	0	1	0	0
BS_1S5V7WWC	PT_QTDY0Y9A	7316-3771	NA	NA	0	0	1	NA	NA	NA	NA	NA	NA	NA	NA	NA	NA	NA	NA	0	1	NA	NA	NA	NA
BS_B9QP40ER	PT_2JDDX6TJ	7316-409	NA	NA	0	0	1	NA	NA	NA	NA	p.V1002*	NA	NA	NA	NA	NA	NA	NA	0	1	NA	NA	NA	NA
BS_G2016BE5	PT_TB8HPJBN	7316-2663	NA	NA	NA	NA	NA	NA	NA	NA	NA	NA	NA	NA	NA	NA	NA	NA	NA	NA	NA	NA	NA	NA	NA
BS_YH4DYNQ2	PT_4ZSR5DY8	7316-264	NA	NA	NA	NA	NA	NA	NA	NA	NA	NA	NA	NA	NA	NA	NA	NA	NA	NA	NA	NA	NA	NA	NA
BS_3Y44RJXS	PT_W6AWJJK7	7316-893	NA	NA	0	0	1	NA	NA	NA	NA	NA	NA	NA	NA	NA	NA	NA	NA	0	1	NA	NA	NA	NA
BS_3MYQP7P5	PT_S4YNE17X	7316-2899	NA	NA	NA	NA	NA	NA	NA	NA	NA	NA	NA	NA	NA	NA	NA	NA	NA	NA	NA	NA	NA	NA	NA
BS_9QMVZ4C0	PT_E546ZRXA	7316-952	NA	NA	NA	NA	NA	NA	NA	NA	NA	NA	NA	NA	NA	NA	NA	NA	NA	NA	NA	NA	NA	NA	NA
BS_DH86PF5A	PT_B38P3Y5T	7316-3208	NA	NA	NA	NA	NA	NA	NA	NA	NA	NA	NA	NA	0	0	0	1	NA	NA	NA	NA	NA	NA	NA
BS_BZ4GKDP4	PT_B0JFCN5W	7316-1773	NA	NA	NA	NA	NA	NA	NA	NA	NA	NA	NA	NA	NA	NA	NA	NA	NA	NA	NA	NA	NA	NA	NA
BS_KYG3H6C6	PT_MPRBGGEJ	7316-2172	NA	NA	NA	NA	NA	0	0	0	2	NA	NA	NA	NA	NA	NA	NA	NA	NA	NA	NA	NA	NA	NA
BS_WDTT7PG2	PT_ZMKMKCFQ	7316-2753	NA	NA	0	0	1	NA	NA	NA	NA	NA	NA	NA	NA	NA	NA	NA	NA	0	1	NA	NA	NA	NA
BS_Y74XAFJX	PT_MNSEJCDM	7316-3229	NA	NA	NA	NA	NA	NA	NA	NA	NA	NA	NA	NA	NA	NA	NA	NA	NA	NA	NA	NA	NA	NA	NA
BS_20X874J5	PT_BPKVVWVB	7316-2250	NA	NA	NA	NA	NA	NA	NA	NA	NA	NA	NA	NA	NA	NA	NA	NA	NA	NA	NA	NA	NA	NA	NA
BS_SYWRCE3Z	PT_RM9AZ7A8	7316-2084	NA	NA	0	0	1	NA	NA	NA	NA	NA	NA	NA	NA	NA	NA	NA	NA	0	1	NA	NA	NA	NA
BS_BBHFKBE7	PT_VE0Q731Y	7316-1641	NA	NA	NA	NA	NA	NA	NA	NA	NA	NA	NA	NA	NA	NA	NA	NA	NA	NA	NA	0	0	1	0
BS_CP435MAC	PT_H57TEQDT	7316-2324	NA	NA	NA	NA	NA	NA	NA	NA	NA	NA	NA	NA	NA	NA	NA	NA	NA	NA	NA	NA	NA	NA	NA
BS_QM1Z8R38	PT_5CNZ47XV	7316-1926	NA	NA	NA	NA	NA	NA	NA	NA	NA	NA	NA	NA	NA	NA	NA	NA	NA	NA	NA	NA	NA	NA	NA
BS_WB8P21ED	PT_8XZY6MM1	7316-957	NA	NA	0	0	1	NA	NA	NA	NA	NA	NA	NA	NA	NA	NA	NA	NA	0	1	NA	NA	NA	NA
BS_HM5GFJN8	PT_JNEV57VK	7316-3058	NA	NA	0	0	1	NA	NA	NA	NA	p.R2197C	0	1	0	1	0	0	NA	0	1	0	2	1	4
BS_THH0CE5A	PT_1J2DT6MM	7316-2184	NA	NA	NA	NA	NA	NA	NA	NA	NA	NA	NA	NA	NA	NA	NA	NA	NA	NA	NA	NA	NA	NA	NA
BS_FSM39DXA	PT_NPETR8RY	7316-1784	NA	NA	NA	NA	NA	NA	NA	NA	NA	NA	NA	NA	NA	NA	NA	NA	NA	NA	NA	NA	NA	NA	NA
BS_PJ08ZW9A	PT_CQ7EGCMB	7316-3809	NA	NA	0	0	1	NA	NA	NA	NA	NA	NA	NA	NA	NA	NA	NA	NA	0	1	NA	NA	NA	NA
BS_A70G7S2W	PT_YCMH9SQP	7316-225	NA	NA	0	0	1	NA	NA	NA	NA	NA	NA	NA	NA	NA	NA	NA	NA	0	1	NA	NA	NA	NA
BS_JTBM5TSE	PT_WTMSD2WB	7316-3632	NA	NA	0	0	1	NA	NA	NA	NA	NA	NA	NA	NA	NA	NA	NA	NA	0	1	NA	NA	NA	NA
BS_NZRJE7QA	PT_BWGZBVD1	7316-1678	NA	NA	NA	NA	NA	NA	NA	NA	NA	NA	NA	NA	NA	NA	NA	NA	NA	NA	NA	NA	NA	NA	NA
BS_T97EP8H0	PT_QT9T89S5	7316-297	NA	NA	NA	NA	NA	NA	NA	NA	NA	NA	NA	NA	NA	NA	NA	NA	NA	NA	NA	NA	NA	NA	NA
BS_V3SC6NWH	PT_7DP91QDJ	7316-3017	NA	NA	NA	NA	NA	NA	NA	NA	NA	NA	NA	NA	NA	NA	NA	NA	NA	NA	NA	NA	NA	NA	NA
BS_QBZDQX7A	PT_EZW3S4F1	7316-1961	NA	NA	NA	NA	NA	NA	NA	NA	NA	NA	NA	NA	NA	NA	NA	NA	NA	NA	NA	NA	NA	NA	NA
BS_E0S2Y0TS	PT_6N825561	7316-3920	NA	NA	NA	NA	NA	NA	NA	NA	NA	NA	NA	NA	NA	NA	NA	NA	NA	NA	NA	NA	NA	NA	NA
BS_SK4H5MJQ	PT_RSDTCFDA	7316-204	NA	rs1242535815,COSM1716563,COSM1716558	NA	NA	NA	NA	NA	NA	NA	NA	NA	NA	NA	NA	NA	NA	NA	NA	NA	NA	NA	NA	NA
BS_A1DV9T7G	PT_9PJR0ZK7	7316-935	NA	NA	NA	NA	NA	0	0	1	0	NA	NA	NA	NA	NA	NA	NA	NA	NA	NA	0	3	1	3
BS_NS8G0465	PT_NXX0M835	7316-948	NA	NA	NA	NA	NA	NA	NA	NA	NA	NA	NA	NA	NA	NA	NA	NA	NA	NA	NA	0	1	1	0
BS_Q6GVRAWK	PT_VPEMAQBN	7316-3225	NA	NA	NA	NA	NA	NA	NA	NA	NA	NA	NA	NA	NA	NA	NA	NA	NA	NA	NA	NA	NA	NA	NA
BS_8H2XX24V	PT_82MX6J77	7316-302	NA	NA	0	0	1	0	0	0	1	NA	NA	NA	NA	NA	NA	NA	NA	0	1	0	1	0	0
BS_HZNKSQ17	PT_CXT81GRM	7316-883	NA	NA	NA	NA	NA	NA	NA	NA	NA	NA	NA	NA	NA	NA	NA	NA	NA	NA	NA	NA	NA	NA	NA
BS_WY5KYSHJ	PT_9S6WMQ92	7316-278	NA	NA	NA	NA	NA	NA	NA	NA	NA	NA	NA	NA	NA	NA	NA	NA	NA	NA	NA	NA	NA	NA	NA
BS_K6BMXTW5	PT_C1M4YF1R	7316-127	NA	NA	NA	NA	NA	NA	NA	NA	NA	NA	NA	NA	NA	NA	NA	NA	NA	NA	NA	0	0	0	1
BS_895FJ34T	PT_7JQ24F35	7316-1681	NA	NA	NA	NA	NA	NA	NA	NA	NA	NA	NA	NA	0	0	0	1	NA	NA	NA	NA	NA	NA	NA
BS_FXDY881S	PT_7F3ZPZB7	7316-2662	NA	NA	NA	NA	NA	NA	NA	NA	NA	NA	NA	NA	NA	NA	NA	NA	NA	NA	NA	NA	NA	NA	NA
BS_MRX1SPFB	PT_H024RK87	7316-104	NA	NA	0	0	1	NA	NA	NA	NA	NA	NA	NA	NA	NA	NA	NA	NA	0	1	NA	NA	NA	NA
BS_W6B48DD5	PT_GPQJYAW4	7316-1750	NA	NA	0	0	1	NA	NA	NA	NA	NA	NA	NA	NA	NA	NA	NA	NA	0	1	NA	NA	NA	NA
BS_0RF0G9SQ	PT_45P9F9MD	7316-314	NA	NA	NA	NA	NA	NA	NA	NA	NA	NA	NA	NA	NA	NA	NA	NA	NA	NA	NA	NA	NA	NA	NA
BS_2P7MJGM7	PT_EG7PH32E	7316-2144	NA	NA	NA	NA	NA	NA	NA	NA	NA	NA	NA	NA	NA	NA	NA	NA	NA	NA	NA	NA	NA	NA	NA
BS_ZJZFT0AJ	PT_2YT37G8P	7316-2962	NA	NA	NA	NA	NA	NA	NA	NA	NA	NA	NA	NA	NA	NA	NA	NA	NA	NA	NA	NA	NA	NA	NA
BS_HJ95JNFN	PT_MSQ6GSVP	7316-2274	NA	NA	NA	NA	NA	NA	NA	NA	NA	NA	NA	NA	NA	NA	NA	NA	NA	NA	NA	0	0	0	1
BS_9D39MFHT	PT_H6E09982	7316-5	NA	NA	NA	NA	NA	NA	NA	NA	NA	NA	NA	NA	NA	NA	NA	NA	NA	0	1	NA	NA	NA	NA
BS_2NN6ME5A	PT_F27SA15G	7316-1661	NA	NA	NA	NA	NA	NA	NA	NA	NA	NA	NA	NA	0	1	0	0	NA	NA	NA	0	1	0	0
BS_41SWNWAG	PT_GWX2XSM0	7316-2752	NA	NA	NA	NA	NA	NA	NA	NA	NA	NA	0	1	0	1	0	0	NA	NA	NA	NA	NA	NA	NA
BS_XWQTX5HH	PT_WP871F5S	7316-3336	NA	NA	NA	NA	NA	NA	NA	NA	NA	NA	NA	NA	NA	NA	NA	NA	NA	NA	NA	NA	NA	NA	NA
BS_V3ZNXRHK	PT_GDDWPDMC	7316-2575	NA	NA	NA	NA	NA	NA	NA	NA	NA	NA	NA	NA	NA	NA	NA	NA	NA	NA	NA	NA	NA	NA	NA
BS_N5VYY66W	PT_WG5PHHSQ	7316-1962	NA	NA	NA	NA	NA	NA	NA	NA	NA	NA	NA	NA	NA	NA	NA	NA	NA	NA	NA	NA	NA	NA	NA
BS_2CD1XWVP	PT_3PSG2DQT	7316-1111	NA	NA	NA	NA	NA	NA	NA	NA	NA	NA	NA	NA	0	1	0	0	NA	NA	NA	NA	NA	NA	NA
BS_3108RS7G	PT_K6G6BE6G	7316-1113	NA	NA	NA	NA	NA	NA	NA	NA	NA	p.E1464del	NA	NA	0	1	0	0	NA	NA	NA	NA	NA	NA	NA
BS_R5G3QP11	PT_XRQHMBHB	7316-3937	NA	NA	NA	NA	NA	NA	NA	NA	NA	NA	NA	NA	NA	NA	NA	NA	NA	NA	NA	0	1	1	0
BS_XNTQBZAJ	PT_X1XVE1XX	7316-3511	NA	NA	NA	NA	NA	NA	NA	NA	NA	NA	0	1	NA	NA	NA	NA	NA	NA	NA	NA	NA	NA	NA
BS_GRS3T427	PT_ZMKMKCFQ	7316-2988	NA	NA	0	0	1	NA	NA	NA	NA	NA	NA	NA	0	1	0	0	NA	0	1	NA	NA	NA	NA
BS_50XV7CTQ	PT_5M8A47WW	7316-436	NA	NA	0	0	1	NA	NA	NA	NA	NA	NA	NA	NA	NA	NA	NA	NA	0	1	NA	NA	NA	NA
BS_06GPPDHZ	PT_Y8HSH496	7316-196	NA	NA	NA	NA	NA	NA	NA	NA	NA	NA	NA	NA	NA	NA	NA	NA	NA	NA	NA	NA	NA	NA	NA
BS_R726FKHP	PT_RXJZ3C5G	7316-2632	NA	NA	NA	NA	NA	NA	NA	NA	NA	NA	1	0	0	0	1	0	NA	NA	NA	NA	NA	NA	NA
BS_VKH9KYDB	PT_HEGTYPQJ	7316-2562	NA	NA	0	0	1	NA	NA	NA	NA	NA	NA	NA	NA	NA	NA	NA	NA	0	1	NA	NA	NA	NA
BS_0W8AWY10	PT_06H29FCG	7316-1944	NA	NA	NA	NA	NA	NA	NA	NA	NA	NA	NA	NA	NA	NA	NA	NA	NA	NA	NA	NA	NA	NA	NA
BS_SWHQ8FDW	PT_ESHACWF6	7316-878	NA	NA	NA	NA	NA	NA	NA	NA	NA	NA	NA	NA	2	3	0	8	NA	NA	NA	0	1	0	0
BS_1EYKDS0Z	PT_JN3S17B3	7316-1693	NA	NA	0	0	1	NA	NA	NA	NA	NA	NA	NA	NA	NA	NA	NA	NA	0	1	NA	NA	NA	NA
BS_03SSN1N2	PT_3KK1F95W	7316-1744	NA	NA	0	0	1	NA	NA	NA	NA	NA	NA	NA	NA	NA	NA	NA	NA	0	1	NA	NA	NA	NA
BS_MHT5C2AP	PT_37WTWPZY	7316-73	NA	NA	NA	NA	NA	NA	NA	NA	NA	NA	NA	NA	NA	NA	NA	NA	NA	NA	NA	NA	NA	NA	NA
BS_Y9GHDZKS	PT_PHKSYE6Q	7316-220	NA	NA	NA	NA	NA	NA	NA	NA	NA	NA	1	0	NA	NA	NA	NA	NA	NA	NA	NA	NA	NA	NA
BS_MVC1NCZX	PT_BWN251DF	7316-659	NA	NA	0	1	0	NA	NA	NA	NA	NA	NA	NA	NA	NA	NA	NA	NA	NA	NA	NA	NA	NA	NA
BS_YZD4SSMA	PT_V1HNAC2Q	7316-3240	p.X710_splice, p.D516G	NA	NA	NA	NA	0	12	0	0	NA	0	1	0	1	0	0	NA	1	0	0	1	1	0
BS_GRECE8Q9	PT_GKSABESN	7316-3485	NA	NA	NA	NA	NA	NA	NA	NA	NA	NA	NA	NA	NA	NA	NA	NA	NA	NA	NA	NA	NA	NA	NA
BS_TPX7YY57	PT_QEMT1845	7316-3153	NA	NA	NA	NA	NA	NA	NA	NA	NA	NA	NA	NA	NA	NA	NA	NA	NA	NA	NA	NA	NA	NA	NA
BS_4T8J7JEP	PT_QH9H491G	7316-1461	NA	NA	NA	NA	NA	NA	NA	NA	NA	NA	NA	NA	NA	NA	NA	NA	NA	NA	NA	NA	NA	NA	NA
BS_KP0YNTAK	PT_5SX0GRW1	7316-1927	NA	NA	0	1	0	NA	NA	NA	NA	NA	0	1	0	1	0	0	NA	NA	NA	NA	NA	NA	NA
BS_MW6YMRBJ	PT_YZME6QCY	7316-2245	NA	NA	NA	NA	NA	NA	NA	NA	NA	NA	NA	NA	NA	NA	NA	NA	NA	NA	NA	0	1	1	0
BS_TX2WGF8K	PT_KCTZZA3G	7316-223	NA	NA	NA	NA	NA	NA	NA	NA	NA	NA	NA	NA	NA	NA	NA	NA	NA	NA	NA	NA	NA	NA	NA
BS_10HD18B8	PT_DV8XECKA	7316-2779	NA	NA	0	0	1	NA	NA	NA	NA	NA	NA	NA	NA	NA	NA	NA	NA	0	1	NA	NA	NA	NA
BS_JSNJZERZ	PT_YV2S3ES7	7316-182	NA	rs1242535815,COSM1716563,COSM1716558	NA	NA	NA	NA	NA	NA	NA	NA	NA	NA	NA	NA	NA	NA	NA	NA	NA	NA	NA	NA	NA
BS_PNXDHDF3	PT_A9YAZJNN	7316-263	NA	NA	0	0	1	0	1	0	0	NA	NA	NA	NA	NA	NA	NA	NA	0	1	0	0	0	1
BS_BQ81D2BP	PT_KTRJ8TFY	7316-3223	NA	NA	NA	NA	NA	0	0	0	2	NA	0	1	0	1	1	0	NA	NA	NA	NA	NA	NA	NA
BS_TX8C5VAJ	PT_HNZNZ635	7316-2151	NA	NA	0	0	1	NA	NA	NA	NA	NA	NA	NA	NA	NA	NA	NA	NA	0	1	NA	NA	NA	NA
BS_5968GBGT	PT_KTRJ8TFY	7316-3230	NA	NA	NA	NA	NA	NA	NA	NA	NA	NA	NA	NA	NA	NA	NA	NA	NA	NA	NA	NA	NA	NA	NA
BS_4DY83R02	PT_WE1CHTWK	7316-87	NA	NA	NA	NA	NA	NA	NA	NA	NA	NA	NA	NA	NA	NA	NA	NA	NA	NA	NA	0	0	0	2
BS_1RFBH1SP	PT_K8ZV7APT	7316-10	NA	NA	0	0	1	NA	NA	NA	NA	NA	NA	NA	NA	NA	NA	NA	NA	0	1	NA	NA	NA	NA
BS_3C4YAMKJ	PT_YGN06RPZ	7316-2204	NA	NA	NA	NA	NA	NA	NA	NA	NA	NA	NA	NA	NA	NA	NA	NA	NA	NA	NA	0	0	1	0
BS_K3PPH522	PT_BWFTKJXT	7316-1094	NA	NA	0	0	1	NA	NA	NA	NA	NA	0	1	NA	NA	NA	NA	NA	0	1	NA	NA	NA	NA
BS_HN8DE43A	PT_3WA7SBQ6	7316-2248	NA	NA	NA	NA	NA	NA	NA	NA	NA	NA	NA	NA	0	2	0	0	NA	NA	NA	NA	NA	NA	NA
BS_02YBZSBY	PT_VTM2STE3	7316-2189	NA		NA	NA	NA	NA	NA	NA	NA	p.A2371V, p.E1450Rfs*17, p.D1106V, p.E557K, p.A364S	NA	NA	NA	NA	NA	NA	p.R360H	NA	NA	NA	NA	NA	NA
BS_ZAH4FHV2	PT_9M4CQX3M	7316-1972	NA	NA	NA	NA	NA	NA	NA	NA	NA	NA	NA	NA	NA	NA	NA	NA	NA	NA	NA	0	0	0	1
BS_39Q80NT3	PT_RQ21EBK9	7316-367	NA	NA	NA	NA	NA	NA	NA	NA	NA	NA	NA	NA	NA	NA	NA	NA	NA	NA	NA	NA	NA	NA	NA
BS_BD4RQ1G0	PT_NMZBRFYS	7316-1987	NA	NA	NA	NA	NA	NA	NA	NA	NA	NA	NA	NA	NA	NA	NA	NA	NA	NA	NA	NA	NA	NA	NA
BS_DGG7YE8R	PT_NCDHZ8H8	7316-2780	NA	NA	NA	NA	NA	NA	NA	NA	NA	NA	NA	NA	NA	NA	NA	NA	NA	NA	NA	NA	NA	NA	NA
BS_K3YT05M7	PT_TEBD1SES	7316-3054	NA	NA	NA	NA	NA	NA	NA	NA	NA	NA	NA	NA	NA	NA	NA	NA	NA	NA	NA	NA	NA	NA	NA
BS_ZCY4ECNV	PT_FYPWZBH0	7316-1085	NA	NA	NA	NA	NA	NA	NA	NA	NA	NA	0	1	0	1	0	0	NA	NA	NA	NA	NA	NA	NA
BS_K3Y06EKR	PT_F0N89D15	7316-3756	NA	NA	NA	NA	NA	0	1	0	1	NA	NA	NA	NA	NA	NA	NA	NA	NA	NA	NA	NA	NA	NA
BS_T8C13KNH	PT_WE7HQN0C	7316-1795	NA	NA	NA	NA	NA	0	0	0	2	NA	NA	NA	NA	NA	NA	NA	NA	NA	NA	NA	NA	NA	NA
BS_2CQ6K2JW	PT_962TCBVR	7316-391	NA	NA	NA	NA	NA	NA	NA	NA	NA	NA	NA	NA	NA	NA	NA	NA	NA	NA	NA	NA	NA	NA	NA
BS_N9BF56FP	PT_98QMQZY7	7316-2724	NA	NA	0	0	1	NA	NA	NA	NA	NA	NA	NA	NA	NA	NA	NA	NA	0	1	2	1	0	0
BS_M9YZK3SP	PT_DA4WFQ96	7316-172	NA	NA	NA	NA	NA	NA	NA	NA	NA	NA	NA	NA	NA	NA	NA	NA	NA	NA	NA	NA	NA	NA	NA
BS_WJF6ZXWN	PT_DJ106XYS	7316-3935	NA	NA	NA	NA	NA	NA	NA	NA	NA	NA	NA	NA	NA	NA	NA	NA	NA	NA	NA	0	0	0	1
BS_7M7JNG00	PT_1H2REHT2	7316-2990	NA	NA	0	0	1	NA	NA	NA	NA	NA	0	1	NA	NA	NA	NA	NA	0	1	NA	NA	NA	NA
BS_A94A7EJ4	PT_ESHACWF6	7316-1790	NA	NA	NA	NA	NA	NA	NA	NA	NA	NA	NA	NA	0	0	0	2	NA	NA	NA	NA	NA	NA	NA
BS_40SJZGT2	PT_CM32ZCX6	7316-2215	NA	NA	NA	NA	NA	NA	NA	NA	NA	NA	NA	NA	NA	NA	NA	NA	NA	NA	NA	0	1	1	0
BS_EXTEGB51	PT_K8ZV7APT	7316-2665	NA	NA	NA	NA	NA	NA	NA	NA	NA	NA	NA	NA	NA	NA	NA	NA	NA	NA	NA	NA	NA	NA	NA
BS_01DQH017	PT_CYVVA9AB	7316-3299	NA	NA	0	0	1	NA	NA	NA	NA	NA	NA	NA	NA	NA	NA	NA	NA	0	1	NA	NA	NA	NA
BS_1B4Q7CNG	PT_EF398HVC	7316-1975	NA	NA	NA	NA	NA	NA	NA	NA	NA	NA	NA	NA	NA	NA	NA	NA	NA	NA	NA	NA	NA	NA	NA
BS_B6K0N6HS	PT_NA8NZ0BN	7316-2135	NA	NA	NA	NA	NA	NA	NA	NA	NA	NA	NA	NA	NA	NA	NA	NA	NA	NA	NA	NA	NA	NA	NA
BS_CN7PB0DN	PT_FAQWD7GX	7316-2311	NA	NA	NA	NA	NA	NA	NA	NA	NA	NA	NA	NA	NA	NA	NA	NA	NA	NA	NA	NA	NA	NA	NA
BS_17AXPP1Y	PT_2PRV78FX	7316-176	NA	NA	NA	NA	NA	NA	NA	NA	NA	NA	NA	NA	NA	NA	NA	NA	NA	NA	NA	0	1	0	0
BS_B3RH9V17	PT_2FK75B27	7316-1700	NA	NA	0	0	1	NA	NA	NA	NA	NA	NA	NA	NA	NA	NA	NA	NA	0	1	NA	NA	NA	NA
BS_JJNSP29S	PT_3SW2VHD5	7316-2984	NA	NA	NA	NA	NA	NA	NA	NA	NA	NA	NA	NA	NA	NA	NA	NA	NA	NA	NA	NA	NA	NA	NA
BS_EFBBP9H3	PT_9AW9EWHA	7316-454	NA	NA	NA	NA	NA	NA	NA	NA	NA	NA	NA	NA	NA	NA	NA	NA	NA	NA	NA	NA	NA	NA	NA
BS_FT95T4YP	PT_NDVJE438	7316-2811	NA	NA	NA	NA	NA	NA	NA	NA	NA	NA	NA	NA	NA	NA	NA	NA	NA	NA	NA	NA	NA	NA	NA
BS_XMP9XNR9	PT_Y5KY6KN9	7316-195	NA	NA	NA	NA	NA	NA	NA	NA	NA	NA	NA	NA	NA	NA	NA	NA	NA	NA	NA	NA	NA	NA	NA
BS_R94EDP5H	PT_2WVW55DA	7316-502	NA	NA	NA	NA	NA	NA	NA	NA	NA	NA	NA	NA	NA	NA	NA	NA	NA	NA	NA	NA	NA	NA	NA
BS_2J4FG4HV	PT_XA98HG1C	7316-931	p.F71V	NA	0	0	1	NA	NA	NA	NA	NA	NA	NA	NA	NA	NA	NA	NA	0	1	NA	NA	NA	NA
BS_XVNNWN2Z	PT_3P3D97AB	7316-13	NA	NA	0	0	1	NA	NA	NA	NA	NA	NA	NA	NA	NA	NA	NA	NA	0	1	NA	NA	NA	NA
BS_APAQ2X2S	PT_5ABCFCSK	7316-1851	NA	NA	NA	NA	NA	NA	NA	NA	NA	NA	NA	NA	NA	NA	NA	NA	NA	NA	NA	NA	NA	NA	NA
BS_YPCTK927	PT_0CRPE7YP	7316-2158	NA	NA	NA	NA	NA	NA	NA	NA	NA	NA	NA	NA	NA	NA	NA	NA	NA	NA	NA	NA	NA	NA	NA
BS_J037K4BM	PT_Y572BRC1	7316-2193	NA	NA	NA	NA	NA	NA	NA	NA	NA	NA	NA	NA	NA	NA	NA	NA	NA	NA	NA	NA	NA	NA	NA
BS_EDZCAHR2	PT_AQWDQW27	7316-523	NA	NA	NA	NA	NA	NA	NA	NA	NA	NA	NA	NA	NA	NA	NA	NA	NA	NA	NA	0	1	1	1
BS_EE73VE7V	PT_KTRJ8TFY	7316-3230	NA	NA	NA	NA	NA	0	0	0	2	NA	NA	NA	NA	NA	NA	NA	NA	NA	NA	NA	NA	NA	NA
BS_6NPSZJ4C	PT_NYBH025T	7316-3069	NA	NA	NA	NA	NA	NA	NA	NA	NA	NA	NA	NA	0	0	0	1	NA	NA	NA	NA	NA	NA	NA
BS_CBMAWSAR	PT_MNSEJCDM	7316-3227	NA	NA	NA	NA	NA	NA	NA	NA	NA	NA	NA	NA	NA	NA	NA	NA	NA	0	1	0	0	0	1
BS_B5Z2XV03	PT_DH8A0SNQ	7316-408	NA	NA	NA	NA	NA	NA	NA	NA	NA	NA	NA	NA	0	0	1	0	NA	NA	NA	NA	NA	NA	NA
BS_ZKZACPVV	PT_A9F8Y6MA	7316-476	NA	NA	NA	NA	NA	NA	NA	NA	NA	NA	NA	NA	NA	NA	NA	NA	NA	NA	NA	NA	NA	NA	NA
BS_X1R0N8QS	PT_EZS4SRH6	7316-676	NA	NA	NA	NA	NA	NA	NA	NA	NA	NA	NA	NA	NA	NA	NA	NA	NA	NA	NA	NA	NA	NA	NA
BS_7Y5E5KQW	PT_PKHG2YFW	7316-3306	NA	NA	NA	NA	NA	NA	NA	NA	NA	NA	NA	NA	NA	NA	NA	NA	NA	NA	NA	NA	NA	NA	NA
BS_9PQPZPGM	PT_N9KYV4WB	7316-749	NA	NA	0	0	1	NA	NA	NA	NA	NA	NA	NA	NA	NA	NA	NA	NA	0	1	NA	NA	NA	NA
BS_X6361T19	PT_CX58G6P6	7316-2191	NA	NA	NA	NA	NA	NA	NA	NA	NA	NA	NA	NA	NA	NA	NA	NA	NA	NA	NA	0	0	0	1
BS_04B8X54S	PT_ATE3YRH5	7316-3308	NA	NA	NA	NA	NA	0	0	0	1	NA	NA	NA	NA	NA	NA	NA	NA	NA	NA	NA	NA	NA	NA
BS_969K7ZM1	PT_S2ASFBP7	7316-2157	NA	NA	NA	NA	NA	NA	NA	NA	NA	NA	NA	NA	NA	NA	NA	NA	NA	NA	NA	0	1	1	0
BS_XCNGQ25H	PT_YVG4H0F1	7316-3070	NA	NA	NA	NA	NA	NA	NA	NA	NA	NA	NA	NA	0	0	1	0	NA	NA	NA	NA	NA	NA	NA
BS_ST3Z2B9B	PT_2SCVQ2N6	7316-3631	NA	NA	NA	NA	NA	NA	NA	NA	NA	NA	0	1	0	1	3	3	NA	NA	NA	NA	NA	NA	NA
BS_797V83YM	PT_FWD7NZQ0	7316-1108	NA	NA	NA	NA	NA	NA	NA	NA	NA	NA	NA	NA	NA	NA	NA	NA	NA	NA	NA	0	0	0	1
BS_C19DFVR5	PT_X5TQR8V2	7316-343	NA	NA	NA	NA	NA	2	1	1	2	p.G1964Efs*18	NA	NA	NA	NA	NA	NA	NA	NA	NA	0	0	2	2
BS_J33YVP27	PT_ZD45GXZ0	7316-2109	NA	NA	NA	NA	NA	NA	NA	NA	NA	NA	NA	NA	NA	NA	NA	NA	NA	NA	NA	NA	NA	NA	NA
BS_ZH6PC8KM	PT_7VPSS2SN	7316-3621	NA	NA	NA	NA	NA	NA	NA	NA	NA	NA	NA	NA	NA	NA	NA	NA	NA	NA	NA	NA	NA	NA	NA
BS_4XPPZTGG	PT_EXJAEW1M	7316-188	NA	NA	NA	NA	NA	NA	NA	NA	NA	NA	NA	NA	NA	NA	NA	NA	NA	NA	NA	NA	NA	NA	NA
BS_KG1YMTA4	PT_ADTP7EHN	7316-1664	NA	NA	NA	NA	NA	NA	NA	NA	NA	NA	NA	NA	NA	NA	NA	NA	NA	NA	NA	0	0	0	1
BS_SMCPASF0	PT_XXZHRPNM	7316-2572	NA	NA	NA	NA	NA	0	2	0	0	NA	NA	NA	NA	NA	NA	NA	NA	NA	NA	NA	NA	NA	NA
BS_6GN1FGTB	PT_RJ1TJ2KH	7316-2110	NA	NA	0	0	1	NA	NA	NA	NA	NA	NA	NA	NA	NA	NA	NA	NA	0	1	NA	NA	NA	NA
BS_9HDPJT21	PT_Q25V9Y6M	7316-1668	NA	NA	0	0	1	NA	NA	NA	NA	NA	0	1	NA	NA	NA	NA	NA	0	1	NA	NA	NA	NA
BS_6X2BQQGE	PT_1ZAWNGWT	7316-319	NA	NA	NA	NA	NA	NA	NA	NA	NA	p.R1426*	NA	NA	0	0	1	0	NA	NA	NA	NA	NA	NA	NA
BS_A4KYP5H0	PT_QW5VW2PY	7316-313	NA	NA	0	0	1	NA	NA	NA	NA	NA	NA	NA	NA	NA	NA	NA	NA	0	1	0	1	0	0
BS_CWQ35N2K	PT_6DB7B9WV	7316-3317	NA	NA	NA	NA	NA	NA	NA	NA	NA	NA	NA	NA	NA	NA	NA	NA	NA	NA	NA	0	0	0	1
BS_N9SMBR24	PT_25Z2NX27	7316-355	NA	NA	0	0	1	NA	NA	NA	NA	NA	NA	NA	NA	NA	NA	NA	NA	0	1	NA	NA	NA	NA
BS_SFH8TGKT	PT_D215EQAP	7316-747	NA	NA	0	0	1	NA	NA	NA	NA	NA	NA	NA	NA	NA	NA	NA	NA	0	1	NA	NA	NA	NA
BS_NMQTPVFW	PT_7QKGGMKV	7316-347	NA	NA	NA	NA	NA	NA	NA	NA	NA	NA	NA	NA	NA	NA	NA	NA	NA	NA	NA	NA	NA	NA	NA
BS_Y3ETG5AE	PT_YMN5GV47	7316-658	NA	NA	NA	NA	NA	NA	NA	NA	NA	NA	NA	NA	0	1	0	0	NA	NA	NA	NA	NA	NA	NA
BS_Y2C78JC4	PT_NTK39NNV	7316-3076	NA	NA	NA	NA	NA	NA	NA	NA	NA	NA	NA	NA	NA	NA	NA	NA	NA	NA	NA	NA	NA	NA	NA
BS_JC8YV5V9	PT_98QMQZY7	7316-464	NA	NA	NA	NA	NA	NA	NA	NA	NA	NA	NA	NA	NA	NA	NA	NA	NA	NA	NA	NA	NA	NA	NA
BS_235QEYMQ	PT_Q3EP24V1	7316-154	NA	NA	NA	NA	NA	NA	NA	NA	NA	NA	NA	NA	NA	NA	NA	NA	NA	NA	NA	NA	NA	NA	NA
BS_EPM623G4	PT_N3205P0D	7316-1099	NA	NA	NA	NA	NA	NA	NA	NA	NA	NA	NA	NA	NA	NA	NA	NA	NA	NA	NA	NA	NA	NA	NA
BS_QHTDJG77	PT_BRTVGGRK	7316-2893	NA	NA	NA	NA	NA	NA	NA	NA	NA	NA	NA	NA	NA	NA	NA	NA	NA	NA	NA	NA	NA	NA	NA
BS_M2MSWKBC	PT_PAW18EK3	7316-1948	NA	NA	NA	NA	NA	NA	NA	NA	NA	NA	NA	NA	NA	NA	NA	NA	NA	NA	NA	NA	NA	NA	NA
BS_JC2187NA	PT_2CJ31SBX	7316-3624	NA	NA	0	1	0	NA	NA	NA	NA	NA	NA	NA	NA	NA	NA	NA	NA	NA	NA	NA	NA	NA	NA
BS_XBE002WV	PT_D3AN5M5W	7316-47	NA	NA	0	0	1	0	1	0	0	NA	NA	NA	NA	NA	NA	NA	NA	0	1	NA	NA	NA	NA
BS_XHAQXDR0	PT_PFA762TK	7316-368	NA	NA	NA	NA	NA	NA	NA	NA	NA	NA	NA	NA	NA	NA	NA	NA	NA	NA	NA	0	0	0	1
BS_R8ZKDFWH	PT_YXZPWFVB	7316-966	NA	NA	NA	NA	NA	NA	NA	NA	NA	NA	NA	NA	NA	NA	NA	NA	NA	NA	NA	NA	NA	NA	NA
BS_FBP5NZNR	PT_WVAJN6WR	7316-456	NA	NA	NA	NA	NA	NA	NA	NA	NA	NA	NA	NA	NA	NA	NA	NA	NA	NA	NA	NA	NA	NA	NA
BS_V2MDX7HG	PT_D13X3N8F	7316-2743	NA	NA	NA	NA	NA	NA	NA	NA	NA	NA	NA	NA	NA	NA	NA	NA	NA	NA	NA	NA	NA	NA	NA
BS_2AWCKNB3	PT_V0TQ0P66	7316-129	NA	NA	NA	NA	NA	NA	NA	NA	NA	NA	NA	NA	NA	NA	NA	NA	NA	NA	NA	NA	NA	NA	NA
BS_JR56RQDC	PT_AQWDQW27	7316-1476	NA	NA	NA	NA	NA	NA	NA	NA	NA	NA	NA	NA	NA	NA	NA	NA	NA	NA	NA	0	0	0	1
BS_7PF3C1P7	PT_QA9WJ679	7316-3218	NA	NA	NA	NA	NA	NA	NA	NA	NA	NA	NA	NA	0	1	0	0	NA	NA	NA	NA	NA	NA	NA
BS_EP25TTAG	PT_QDGVJKE0	7316-2140	NA	NA	NA	NA	NA	NA	NA	NA	NA	p.X2169_splice	NA	NA	NA	NA	NA	NA	NA	NA	NA	NA	NA	NA	NA
BS_2JDVY4F7	PT_HMY997GX	7316-3554	NA	NA	0	0	1	NA	NA	NA	NA	NA	0	1	0	1	0	0	NA	0	1	NA	NA	NA	NA
BS_9SVMVJ45	PT_HJMP6PH2	7316-3775	NA	NA	NA	NA	NA	NA	NA	NA	NA	NA	NA	NA	NA	NA	NA	NA	NA	NA	NA	NA	NA	NA	NA
BS_VXDGXQKZ	PT_VPEMAQBN	7316-3235	NA	NA	NA	NA	NA	NA	NA	NA	NA	NA	NA	NA	NA	NA	NA	NA	NA	NA	NA	NA	NA	NA	NA
BS_70FKSKM9	PT_GH6HM5QF	7316-3202	NA	NA	NA	NA	NA	NA	NA	NA	NA	NA	NA	NA	NA	NA	NA	NA	NA	NA	NA	NA	NA	NA	NA
BS_XCFNEZ8E	PT_5D3AVPCW	7316-187	NA	NA	0	0	1	NA	NA	NA	NA	NA	NA	NA	NA	NA	NA	NA	NA	0	1	NA	NA	NA	NA
BS_R922P3XJ	PT_F9F3E8YR	7316-3519	NA	NA	0	0	1	NA	NA	NA	NA	NA	NA	NA	NA	NA	NA	NA	NA	0	1	NA	NA	NA	NA
BS_MW16Y7ME	PT_DFQAH7RS	7316-51	NA	NA	0	1	0	NA	NA	NA	NA	NA	NA	NA	NA	NA	NA	NA	NA	1	0	0	0	0	1
BS_JDS0SYST	PT_17NG0KW3	7316-1945	NA	NA	NA	NA	NA	NA	NA	NA	NA	NA	NA	NA	NA	NA	NA	NA	NA	0	1	NA	NA	NA	NA
BS_9P4NDTKJ	PT_KBFM551M	7316-3232	NA	NA	NA	NA	NA	NA	NA	NA	NA	NA	NA	NA	NA	NA	NA	NA	NA	NA	NA	0	0	1	1
BS_8SYN7GXG	PT_0MXPTTM3	7316-3220	NA	NA	NA	NA	NA	NA	NA	NA	NA	p.E2279*	NA	NA	NA	NA	NA	NA	NA	NA	NA	NA	NA	NA	NA
BS_8AY2GM4G	PT_3CHB9PK5	7316-2085	p.P188T	NA	NA	NA	NA	0	0	0	1	p.L2409F, p.D2326Y, p.E1365*	NA	NA	NA	NA	NA	NA	p.D738Y	NA	NA	NA	NA	NA	NA
BS_H8MAKDRB	PT_GH27VJBD	7316-2266	NA	NA	0	0	1	NA	NA	NA	NA	NA	0	1	NA	NA	NA	NA	NA	0	1	0	1	0	0
BS_E42SSQGJ	PT_3AWKWXEV	7316-85	NA	NA	NA	NA	NA	NA	NA	NA	NA	NA	NA	NA	0	0	1	0	NA	NA	NA	NA	NA	NA	NA
BS_MW74GF38	PT_02MVZZSW	7316-1702	NA	NA	0	0	1	NA	NA	NA	NA	NA	NA	NA	0	1	0	0	NA	0	1	NA	NA	NA	NA
BS_GS9JCK55	PT_Y7F2JZMQ	7316-2680	NA	NA	NA	NA	NA	NA	NA	NA	NA	NA	NA	NA	NA	NA	NA	NA	NA	NA	NA	NA	NA	NA	NA
BS_5KFAEMQJ	PT_8RB3EKNP	7316-4028	NA	NA	NA	NA	NA	NA	NA	NA	NA	NA	NA	NA	NA	NA	NA	NA	NA	NA	NA	NA	NA	NA	NA
BS_QSDKJM8T	PT_WPYCXMDA	7316-3891	NA	NA	0	0	1	NA	NA	NA	NA	NA	NA	NA	NA	NA	NA	NA	NA	0	1	0	0	1	0
BS_6FYTRKJJ	PT_625X34JX	7316-2170	NA	NA	0	1	0	0	1	0	1	NA	NA	NA	NA	NA	NA	NA	NA	NA	NA	NA	NA	NA	NA
BS_J6VRW67C	PT_0MHKP408	7316-726	NA	NA	0	0	1	NA	NA	NA	NA	NA	NA	NA	NA	NA	NA	NA	NA	0	1	NA	NA	NA	NA
BS_WMEYJGDC	PT_PNED3GG3	7316-387	NA	NA	NA	NA	NA	NA	NA	NA	NA	NA	NA	NA	NA	NA	NA	NA	NA	NA	NA	NA	NA	NA	NA
BS_9CMJ3QF6	PT_RFGZ2JGP	7316-135	NA	NA	NA	NA	NA	NA	NA	NA	NA	NA	NA	NA	NA	NA	NA	NA	NA	0	1	NA	NA	NA	NA
BS_CKY2TTXG	PT_M04EC74B	7316-918	NA	NA	NA	NA	NA	NA	NA	NA	NA	NA	NA	NA	0	1	0	0	NA	NA	NA	0	2	0	0
BS_SQSH5G7A	PT_DPVW4M1W	7316-2271	NA	NA	0	0	1	NA	NA	NA	NA	NA	NA	NA	NA	NA	NA	NA	NA	0	1	NA	NA	NA	NA
BS_P4K6WK9Y	PT_RA6AGBA7	7316-461	NA	NA	0	1	0	0	1	0	2	NA	0	1	0	1	0	1	NA	NA	NA	NA	NA	NA	NA
BS_5BNV7MCF	PT_JMW6Q6NH	7316-1648	NA	NA	0	0	1	NA	NA	NA	NA	NA	0	1	NA	NA	NA	NA	NA	0	1	NA	NA	NA	NA
BS_3E5C1PN1	PT_59D00MBQ	7316-1937	NA	NA	0	0	1	NA	NA	NA	NA	p.R1742G	NA	NA	NA	NA	NA	NA	NA	NA	NA	NA	NA	NA	NA
BS_9JVGXA2W	PT_KVFS3Z2Q	7316-1955	NA	NA	NA	NA	NA	NA	NA	NA	NA	NA	NA	NA	NA	NA	NA	NA	NA	NA	NA	NA	NA	NA	NA
BS_KM878Y43	PT_GVDMG7KC	7316-152	NA	NA	NA	NA	NA	NA	NA	NA	NA	NA	NA	NA	NA	NA	NA	NA	NA	NA	NA	NA	NA	NA	NA
BS_53TV75NN	PT_HVZTF42R	7316-2187	NA	NA	NA	NA	NA	NA	NA	NA	NA	NA	NA	NA	NA	NA	NA	NA	NA	NA	NA	NA	NA	NA	NA
BS_MW63FCZC	PT_6SH7PV1N	7316-535	NA	NA	NA	NA	NA	NA	NA	NA	NA	NA	NA	NA	NA	NA	NA	NA	NA	NA	NA	NA	NA	NA	NA
BS_FCXEAPJ1	PT_SABHZ7XX	7316-3029	NA	NA	NA	NA	NA	0	0	0	2	NA	NA	NA	NA	NA	NA	NA	NA	NA	NA	NA	NA	NA	NA
BS_KV3XF9WV	PT_GBDYKSPY	7316-209	NA	NA	0	0	1	NA	NA	NA	NA	NA	NA	NA	NA	NA	NA	NA	NA	0	1	0	1	1	0
BS_6Z4WHYDG	PT_8SDJXNFR	7316-3755	NA	NA	NA	NA	NA	NA	NA	NA	NA	NA	NA	NA	0	0	0	1	NA	NA	NA	0	0	0	1
BS_F4D169Q7	PT_DW6V5V8E	7316-924	NA	NA	NA	NA	NA	NA	NA	NA	NA	NA	NA	NA	NA	NA	NA	NA	NA	NA	NA	NA	NA	NA	NA
BS_HYKV2TH9	PT_KTRJ8TFY	7316-3230	NA	NA	NA	NA	NA	NA	NA	NA	NA	NA	NA	NA	NA	NA	NA	NA	NA	NA	NA	NA	NA	NA	NA
BS_6FV7BDE3	PT_JPWVCTAJ	7316-1953	NA	NA	0	0	1	NA	NA	NA	NA	NA	NA	NA	NA	NA	NA	NA	NA	0	1	NA	NA	NA	NA
BS_H1MNXNHB	PT_GNKRMTQY	7316-3856	NA	NA	0	0	1	NA	NA	NA	NA	NA	NA	NA	NA	NA	NA	NA	NA	0	1	NA	NA	NA	NA
BS_TF6H437Q	PT_VJBVXB08	7316-155	NA	NA	NA	NA	NA	NA	NA	NA	NA	NA	NA	NA	NA	NA	NA	NA	NA	NA	NA	NA	NA	NA	NA
BS_ME97J1GA	PT_962TCBVR	7316-2744	NA	NA	NA	NA	NA	NA	NA	NA	NA	NA	NA	NA	NA	NA	NA	NA	NA	NA	NA	NA	NA	NA	NA
BS_16FT8V4B	PT_VZTTTP3Q	7316-167	NA	NA	NA	NA	NA	NA	NA	NA	NA	p.D214Rfs*5	NA	NA	NA	NA	NA	NA	NA	NA	NA	0	0	0	1
BS_HSYF7G2D	PT_1T7WF5S1	7316-2934	NA	NA	NA	NA	NA	NA	NA	NA	NA	NA	NA	NA	NA	NA	NA	NA	NA	0	1	NA	NA	NA	NA
BS_D6XHKZDZ	PT_N32BYY8A	7316-89	NA	NA	NA	NA	NA	NA	NA	NA	NA	NA	NA	NA	NA	NA	NA	NA	NA	NA	NA	NA	NA	NA	NA
BS_1CZPVCXR	PT_9S6WMQ92	7316-333	NA	NA	NA	NA	NA	NA	NA	NA	NA	NA	NA	NA	NA	NA	NA	NA	NA	NA	NA	0	0	1	0
BS_FBJ516WW	PT_HFQNKP5X	7316-921	NA	NA	NA	NA	NA	NA	NA	NA	NA	NA	NA	NA	NA	NA	NA	NA	NA	NA	NA	NA	NA	NA	NA
BS_AQMKA8NC	PT_00G007DM	7316-2577	NA	NA	0	0	1	NA	NA	NA	NA	NA	NA	NA	NA	NA	NA	NA	NA	0	1	NA	NA	NA	NA
BS_Y5DA59M3	PT_QEP13FH4	7316-3025	NA	NA	NA	NA	NA	NA	NA	NA	NA	NA	NA	NA	NA	NA	NA	NA	NA	0	1	NA	NA	NA	NA
BS_4ZKN0WGS	PT_7YGZ526E	7316-1978	NA	NA	NA	NA	NA	NA	NA	NA	NA	NA	NA	NA	NA	NA	NA	NA	NA	NA	NA	0	0	0	1
BS_H8NWA41N	PT_KZ56XHJT	7316-3217	NA	NA	0	0	1	NA	NA	NA	NA	p.L563*	NA	NA	NA	NA	NA	NA	NA	0	1	0	0	0	2
BS_CQ8C6X4X	PT_2VSDT9CK	7316-3575	NA	NA	NA	NA	NA	NA	NA	NA	NA	NA	NA	NA	NA	NA	NA	NA	NA	NA	NA	NA	NA	NA	NA
BS_MGBEMNYR	PT_ECMZCNTF	7316-736	NA	NA	NA	NA	NA	NA	NA	NA	NA	NA	NA	NA	0	0	1	0	NA	NA	NA	NA	NA	NA	NA
BS_E8SJ36A6	PT_J4MWGQFQ	7316-2071	NA	NA	0	0	1	NA	NA	NA	NA	NA	NA	NA	NA	NA	NA	NA	NA	0	1	NA	NA	NA	NA
BS_QRH793AV	PT_7M2PGCBV	7316-331	NA	NA	NA	NA	NA	NA	NA	NA	NA	NA	NA	NA	NA	NA	NA	NA	NA	NA	NA	NA	NA	NA	NA
BS_AGD2ATY1	PT_ZZRBX5JT	7316-496	NA	NA	NA	NA	NA	NA	NA	NA	NA	NA	NA	NA	NA	NA	NA	NA	NA	NA	NA	NA	NA	NA	NA
BS_XGVSX8BX	PT_6GDPNFA6	7316-2610	NA	NA	NA	NA	NA	NA	NA	NA	NA	NA	NA	NA	NA	NA	NA	NA	NA	0	1	NA	NA	NA	NA
BS_X7QJCVJB	PT_NV584F7Q	7316-3192	NA	NA	0	0	1	NA	NA	NA	NA	NA	NA	NA	NA	NA	NA	NA	NA	0	1	NA	NA	NA	NA
BS_0QEBZX3M	PT_8FWP7BR3	7316-449	NA	NA	NA	NA	NA	NA	NA	NA	NA	NA	NA	NA	NA	NA	NA	NA	NA	NA	NA	NA	NA	NA	NA
BS_0XR7GYAV	PT_XHYBZKCX	7316-2972	NA	NA	NA	NA	NA	NA	NA	NA	NA	NA	NA	NA	NA	NA	NA	NA	NA	NA	NA	NA	NA	NA	NA
BS_G4EX0H98	PT_R63RHJWX	7316-739	NA	NA	0	0	1	NA	NA	NA	NA	NA	NA	NA	NA	NA	NA	NA	NA	0	1	NA	NA	NA	NA
BS_185Q218S	PT_PABK01H0	7316-1669	NA	NA	NA	NA	NA	NA	NA	NA	NA	NA	NA	NA	NA	NA	NA	NA	NA	NA	NA	NA	NA	NA	NA
BS_376Q9QKG	PT_1DY2TP9N	7316-1786	NA	NA	0	0	1	NA	NA	NA	NA	NA	NA	NA	0	0	1	0	NA	0	1	0	1	0	0
BS_PPY0EWPG	PT_PR4YBBH3	7316-116	NA	NA	0	0	1	NA	NA	NA	NA	NA	0	1	NA	NA	NA	NA	NA	0	1	NA	NA	NA	NA
BS_H174820R	PT_9DMMZ08D	7316-1666	NA	NA	NA	NA	NA	NA	NA	NA	NA	NA	1	0	NA	NA	NA	NA	NA	NA	NA	NA	NA	NA	NA
BS_D3ZV6MMY	PT_5KP2E0DS	7316-3936	NA	NA	NA	NA	NA	NA	NA	NA	NA	NA	NA	NA	NA	NA	NA	NA	NA	NA	NA	NA	NA	NA	NA
BS_DE26D072	PT_XTVQB9S4	7316-2933	NA	NA	0	0	1	NA	NA	NA	NA	NA	NA	NA	NA	NA	NA	NA	NA	0	1	NA	NA	NA	NA
BS_VW4XN9Y7	PT_0SPKM4S8	7316-2640	p.L985M		NA	NA	NA	NA	NA	NA	NA	p.N1318Kfs*6	NA	NA	NA	NA	NA	NA	NA	NA	NA	NA	NA	NA	NA
BS_MDVMT75X	PT_Y32AQSEY	7316-159	NA	NA	0	0	1	NA	NA	NA	NA	NA	NA	NA	NA	NA	NA	NA	NA	0	1	NA	NA	NA	NA
BS_F969DNHD	PT_EEKE0V9T	7316-32	NA	NA	0	0	1	NA	NA	NA	NA	NA	NA	NA	NA	NA	NA	NA	NA	0	1	NA	NA	NA	NA
BS_HQFNQHVW	PT_0NY38X3W	7316-1706	NA	NA	0	0	1	NA	NA	NA	NA	NA	0	1	NA	NA	NA	NA	NA	0	1	NA	NA	NA	NA
BS_TQ0J7WJQ	PT_WGVEF96B	7316-3219	NA	NA	0	0	1	NA	NA	NA	NA	p.A1812P	NA	NA	NA	NA	NA	NA	NA	0	1	NA	NA	NA	NA
BS_C6GBYR17	PT_MBAXTJET	7316-275	NA	NA	0	0	1	NA	NA	NA	NA	NA	NA	NA	NA	NA	NA	NA	NA	0	1	NA	NA	NA	NA
BS_5RD8KEED	PT_2Y3R515E	7316-2202	NA	NA	NA	NA	NA	NA	NA	NA	NA	NA	NA	NA	NA	NA	NA	NA	NA	NA	NA	0	0	0	1
BS_AHAXPFG3	PT_NK8A49X5	7316-3228	NA	NA	0	0	1	NA	NA	NA	NA	p.W2001*	0	1	NA	NA	NA	NA	NA	0	1	NA	NA	NA	NA
BS_TZPJHKQR	PT_N8W26H19	7316-267	NA	NA	0	1	0	NA	NA	NA	NA	NA	NA	NA	NA	NA	NA	NA	NA	NA	NA	0	0	0	1
BS_DW1CYEXP	PT_2ECVKTTQ	7316-173	NA	NA	NA	NA	NA	NA	NA	NA	NA	NA	NA	NA	NA	NA	NA	NA	NA	NA	NA	NA	NA	NA	NA
BS_0FQKT8EY	PT_RX1EWBP9	7316-2276	NA		0	1	0	NA	NA	NA	NA	NA	NA	NA	NA	NA	NA	NA	NA	NA	NA	NA	NA	NA	NA
BS_JDMM2XG4	PT_32J909WM	7316-2688	NA	NA	NA	NA	NA	NA	NA	NA	NA	NA	NA	NA	NA	NA	NA	NA	NA	NA	NA	NA	NA	NA	NA
BS_PKZ1HWNB	PT_4347ZBEX	7316-913	NA	NA	0	0	1	NA	NA	NA	NA	NA	NA	NA	0	0	0	2	NA	0	1	NA	NA	NA	NA
BS_AFBPM6CN	PT_C2D4JXS1	7316-1746	NA	NA	NA	NA	NA	NA	NA	NA	NA	NA	NA	NA	0	0	0	1	NA	NA	NA	NA	NA	NA	NA
BS_YXCVR90M	PT_6R95FQT2	7316-459	NA	NA	NA	NA	NA	NA	NA	NA	NA	NA	NA	NA	NA	NA	NA	NA	NA	NA	NA	NA	NA	NA	NA
BS_PP4WJBNR	PT_RFF7MKTC	7316-954	NA	NA	0	0	1	NA	NA	NA	NA	NA	NA	NA	NA	NA	NA	NA	NA	0	1	NA	NA	NA	NA
BS_H8E4K1DT	PT_46F28BFH	7316-1799	NA	NA	NA	NA	NA	NA	NA	NA	NA	NA	NA	NA	0	1	1	6	NA	NA	NA	NA	NA	NA	NA
BS_EJV0N3BX	PT_37B5JRP1	7316-2217	NA	NA	NA	NA	NA	0	0	0	2	NA	0	1	1	3	2	13	NA	0	1	0	2	0	5
BS_CK7CPM73	PT_RXT6KRR6	7316-3147	NA	NA	NA	NA	NA	NA	NA	NA	NA	NA	NA	NA	NA	NA	NA	NA	NA	NA	NA	0	1	1	1
BS_GKPVZXYP	PT_HMF8J4EG	7316-644	NA	NA	0	0	1	NA	NA	NA	NA	NA	NA	NA	NA	NA	NA	NA	NA	0	1	0	1	0	0
BS_042DVDQM	PT_Y572BRC1	7316-485	NA	NA	NA	NA	NA	NA	NA	NA	NA	NA	NA	NA	NA	NA	NA	NA	NA	NA	NA	NA	NA	NA	NA
BS_CDKC1E2B	PT_229DRV7B	7316-1757	NA	NA	NA	NA	NA	NA	NA	NA	NA	NA	NA	NA	NA	NA	NA	NA	NA	NA	NA	NA	NA	NA	NA
BS_YYAPSA5P	PT_AW8WV14Y	7316-179	NA	NA	NA	NA	NA	NA	NA	NA	NA	NA	NA	NA	NA	NA	NA	NA	NA	NA	NA	0	1	0	1
BS_AXM96K20	PT_54MH6Q46	7316-2591	NA	NA	NA	NA	NA	NA	NA	NA	NA	NA	0	1	0	1	1	0	NA	NA	NA	NA	NA	NA	NA
BS_E9M7TDB6	PT_H45M7M2T	7316-3074	NA	NA	NA	NA	NA	NA	NA	NA	NA	NA	NA	NA	NA	NA	NA	NA	NA	NA	NA	NA	NA	NA	NA
BS_86QSEFS7	PT_99S5BPE3	7316-365	NA	NA	NA	NA	NA	NA	NA	NA	NA	NA	NA	NA	NA	NA	NA	NA	NA	NA	NA	NA	NA	NA	NA
BS_D09VWF8H	PT_27FDWCVZ	7316-184	NA	NA	NA	NA	NA	NA	NA	NA	NA	NA	NA	NA	NA	NA	NA	NA	NA	NA	NA	NA	NA	NA	NA
BS_CFEWVDG1	PT_2D1KGV99	7316-3151	NA	NA	NA	NA	NA	NA	NA	NA	NA	NA	NA	NA	0	1	0	0	NA	NA	NA	NA	NA	NA	NA
BS_947CK40E	PT_GCXG7800	7316-2720	NA	NA	NA	NA	NA	NA	NA	NA	NA	NA	NA	NA	NA	NA	NA	NA	NA	NA	NA	0	1	0	0
BS_YZ2YNEJJ	PT_VBNP6JFB	7316-1095	NA	NA	0	0	1	NA	NA	NA	NA	NA	0	1	0	1	0	0	NA	0	1	NA	NA	NA	NA
BS_QXZTRMWM	PT_1VQWQ0TC	7316-3627	NA	NA	0	1	0	1	0	0	0	NA	NA	NA	0	0	0	3	NA	1	0	0	0	1	0
BS_NXZSD2KK	PT_XTVQB9S4	7316-2186	NA	NA	NA	NA	NA	NA	NA	NA	NA	NA	NA	NA	0	1	0	0	NA	NA	NA	NA	NA	NA	NA
BS_XSWF2MR1	PT_SMDEQVHJ	7316-119	NA	NA	NA	NA	NA	NA	NA	NA	NA	NA	NA	NA	1	0	0	1	NA	NA	NA	0	1	0	1
BS_7GKF6M85	PT_1E3E6GMF	7316-3224	NA	NA	NA	NA	NA	NA	NA	NA	NA	NA	NA	NA	NA	NA	NA	NA	NA	NA	NA	0	1	0	0
BS_9E632VPJ	PT_GAM3E6M3	7316-872	NA	NA	NA	NA	NA	NA	NA	NA	NA	NA	NA	NA	0	0	0	1	NA	NA	NA	NA	NA	NA	NA
BS_S791VC80	PT_8GN3TQRM	7316-2737	NA	NA	NA	NA	NA	NA	NA	NA	NA	NA	NA	NA	NA	NA	NA	NA	NA	NA	NA	NA	NA	NA	NA
BS_5S8VXASX	PT_EYWDFKA7	7316-30	NA	NA	NA	NA	NA	NA	NA	NA	NA	NA	NA	NA	NA	NA	NA	NA	NA	NA	NA	NA	NA	NA	NA
BS_9BN45DFK	PT_QD6KKKJH	7316-1765	NA	NA	NA	NA	NA	NA	NA	NA	NA	NA	NA	NA	NA	NA	NA	NA	NA	NA	NA	NA	NA	NA	NA
BS_V6HKXX1Z	PT_V9WP047R	7316-221	NA	NA	NA	NA	NA	NA	NA	NA	NA	NA	NA	NA	NA	NA	NA	NA	NA	NA	NA	NA	NA	NA	NA
BS_JBHQ6G3J	PT_JWW33RTB	7316-1793	NA	NA	NA	NA	NA	NA	NA	NA	NA	NA	NA	NA	NA	NA	NA	NA	NA	NA	NA	NA	NA	NA	NA
BS_80078QDG	PT_PF9EC93Q	7316-3765	NA	NA	NA	NA	NA	NA	NA	NA	NA	NA	NA	NA	NA	NA	NA	NA	NA	NA	NA	0	0	1	0
BS_32VQRFDS	PT_G8DRDA33	7316-879	NA	NA	NA	NA	NA	NA	NA	NA	NA	NA	NA	NA	NA	NA	NA	NA	NA	NA	NA	NA	NA	NA	NA
BS_2VSN5YC5	PT_MQHST8YC	7316-3316	NA	NA	NA	NA	NA	NA	NA	NA	NA	NA	NA	NA	NA	NA	NA	NA	NA	NA	NA	0	1	1	0
BS_TRGECFNP	PT_VCD0W8HG	7316-2756	NA	NA	NA	NA	NA	NA	NA	NA	NA	p.I1756S	NA	NA	NA	NA	NA	NA	NA	NA	NA	NA	NA	NA	NA
BS_XGMXJKFX	PT_Q90R6M3E	7316-897	NA	NA	NA	NA	NA	NA	NA	NA	NA	NA	NA	NA	NA	NA	NA	NA	NA	NA	NA	NA	NA	NA	NA
BS_6GTKRGNK	PT_1P436YMM	7316-3917	NA	NA	NA	NA	NA	NA	NA	NA	NA	NA	NA	NA	NA	NA	NA	NA	NA	NA	NA	NA	NA	NA	NA
BS_2W200YK5	PT_G16WS1MW	7316-279	NA	NA	0	0	1	NA	NA	NA	NA	NA	0	1	NA	NA	NA	NA	NA	0	1	NA	NA	NA	NA
BS_RH9PMH3G	PT_C4F1HPH5	7316-493	NA	NA	NA	NA	NA	NA	NA	NA	NA	NA	NA	NA	NA	NA	NA	NA	NA	NA	NA	NA	NA	NA	NA
BS_W3R2DQ86	PT_K94ZVZMX	7316-521	NA	NA	0	0	1	NA	NA	NA	NA	NA	NA	NA	NA	NA	NA	NA	NA	0	1	NA	NA	NA	NA
BS_GMQZNQH8	PT_V0X73HEQ	7316-2182	NA	NA	NA	NA	NA	NA	NA	NA	NA	NA	NA	NA	NA	NA	NA	NA	NA	NA	NA	NA	NA	NA	NA
BS_78TQS4Y3	PT_ZZTQQVCT	7316-2723	NA	NA	NA	NA	NA	NA	NA	NA	NA	NA	NA	NA	NA	NA	NA	NA	NA	NA	NA	NA	NA	NA	NA
BS_QMG7XNEW	PT_DMMKT7X1	7316-1635	NA	NA	0	0	1	0	0	0	1	NA	NA	NA	NA	NA	NA	NA	NA	0	1	NA	NA	NA	NA
BS_RXSBJ929	PT_8GN3TQRM	7316-2091	NA	NA	NA	NA	NA	NA	NA	NA	NA	NA	NA	NA	NA	NA	NA	NA	NA	NA	NA	NA	NA	NA	NA
BS_742CDKAS	PT_4347ZBEX	7316-913	NA	NA	NA	NA	NA	NA	NA	NA	NA	NA	NA	NA	0	0	0	2	NA	NA	NA	0	1	1	0
BS_7F07M7JG	PT_ZGWYMRV8	7316-378	NA	NA	0	0	1	NA	NA	NA	NA	NA	0	1	0	1	0	0	NA	0	1	NA	NA	NA	NA
BS_1EQGGHHQ	PT_XP8AM1CH	7316-1096	NA	NA	NA	NA	NA	NA	NA	NA	NA	NA	NA	NA	NA	NA	NA	NA	NA	NA	NA	NA	NA	NA	NA
BS_25VZM81R	PT_W7FK539G	7316-76	NA	NA	NA	NA	NA	NA	NA	NA	NA	NA	NA	NA	0	0	0	1	NA	NA	NA	NA	NA	NA	NA
BS_B94G701Q	PT_R9V5R1SY	7316-1940	NA	NA	NA	NA	NA	NA	NA	NA	NA	NA	NA	NA	NA	NA	NA	NA	NA	NA	NA	NA	NA	NA	NA
BS_PVZJCXS1	PT_DACV00WF	7316-489	NA	NA	NA	NA	NA	NA	NA	NA	NA	NA	NA	NA	NA	NA	NA	NA	NA	NA	NA	0	0	1	1
BS_9GN1QA3Q	PT_HFQNKP5X	7316-2935	NA	NA	NA	NA	NA	NA	NA	NA	NA	NA	NA	NA	NA	NA	NA	NA	NA	NA	NA	NA	NA	NA	NA
BS_WP9J88EB	PT_SZJ7WZZW	7316-467	NA	NA	NA	NA	NA	NA	NA	NA	NA	NA	NA	NA	NA	NA	NA	NA	NA	NA	NA	NA	NA	NA	NA
BS_99PPRCW4	PT_BNARR0N6	7316-1954	NA	NA	NA	NA	NA	NA	NA	NA	NA	NA	NA	NA	NA	NA	NA	NA	NA	NA	NA	NA	NA	NA	NA
BS_Z7R92XX6	PT_XA8ASFJK	7316-3762	NA	NA	NA	NA	NA	NA	NA	NA	NA	NA	NA	NA	NA	NA	NA	NA	NA	NA	NA	NA	NA	NA	NA
BS_BA0M71QZ	PT_BCWGRGDB	7316-3623	NA	NA	NA	NA	NA	NA	NA	NA	NA	NA	NA	NA	NA	NA	NA	NA	NA	NA	NA	NA	NA	NA	NA
BS_4NPEMNAD	PT_DFCZAG9T	7316-224	NA	NA	NA	NA	NA	NA	NA	NA	NA	NA	NA	NA	NA	NA	NA	NA	NA	NA	NA	0	0	0	1
BS_6T87HSPX	PT_ZWY04DCR	7316-2666	NA	NA	NA	NA	NA	NA	NA	NA	NA	NA	NA	NA	NA	NA	NA	NA	NA	NA	NA	NA	NA	NA	NA
BS_QC5FNXGH	PT_45YH276T	7316-499	NA	NA	NA	NA	NA	NA	NA	NA	NA	NA	NA	NA	NA	NA	NA	NA	NA	NA	NA	NA	NA	NA	NA
BS_823V5X6Z	PT_4XB3YTJM	7316-388	NA	NA	0	0	1	NA	NA	NA	NA	NA	NA	NA	NA	NA	NA	NA	NA	0	1	NA	NA	NA	NA
BS_KYPZRS4S	PT_7TEHW6VQ	7316-2755	NA	NA	NA	NA	NA	NA	NA	NA	NA	NA	NA	NA	NA	NA	NA	NA	NA	NA	NA	NA	NA	NA	NA
BS_0J5MCBZV	PT_GGCQAGPS	7316-304	NA	NA	NA	NA	NA	NA	NA	NA	NA	NA	NA	NA	NA	NA	NA	NA	NA	NA	NA	NA	NA	NA	NA
BS_NB509KST	PT_EPFX7V9H	7316-2571	NA	NA	NA	NA	NA	NA	NA	NA	NA	NA	NA	NA	NA	NA	NA	NA	NA	NA	NA	NA	NA	NA	NA
BS_ERAWW3H7	PT_3AWKWXEV	7316-85	NA	NA	NA	NA	NA	NA	NA	NA	NA	NA	NA	NA	NA	NA	NA	NA	NA	NA	NA	NA	NA	NA	NA
BS_X1DSETVE	PT_89XRZBSG	7316-1789	NA	NA	0	0	1	NA	NA	NA	NA	NA	NA	NA	NA	NA	NA	NA	NA	0	1	NA	NA	NA	NA
BS_R7YMKNJN	PT_RM5S859Q	7316-111	NA	NA	NA	NA	NA	NA	NA	NA	NA	NA	0	1	0	2	4	7	NA	NA	NA	0	0	0	1
BS_RR3DKGKY	PT_Q38AT6JY	7316-3773	NA	NA	NA	NA	NA	NA	NA	NA	NA	NA	NA	NA	NA	NA	NA	NA	NA	NA	NA	NA	NA	NA	NA
BS_YHXMYDBN	PT_KZ56XHJT	7316-3231	NA	NA	NA	NA	NA	NA	NA	NA	NA	NA	NA	NA	NA	NA	NA	NA	NA	NA	NA	NA	NA	NA	NA
BS_19EJ85F8	PT_T5KEXCK7	7316-2090	NA	NA	NA	NA	NA	NA	NA	NA	NA	NA	NA	NA	NA	NA	NA	NA	NA	NA	NA	NA	NA	NA	NA
BS_QK61ST4T	PT_WVC247PK	7316-1090	NA	NA	NA	NA	NA	NA	NA	NA	NA	NA	NA	NA	NA	NA	NA	NA	NA	NA	NA	NA	NA	NA	NA
BS_1C4WCNQF	PT_7MZRW1DH	7316-2582	NA	NA	NA	NA	NA	NA	NA	NA	NA	NA	NA	NA	NA	NA	NA	NA	NA	NA	NA	NA	NA	NA	NA
BS_MWZCP1XW	PT_J50NZYZF	7316-956	NA	NA	NA	NA	NA	NA	NA	NA	NA	NA	NA	NA	NA	NA	NA	NA	NA	NA	NA	NA	NA	NA	NA
BS_KT9H4B1N	PT_6DW5NFKX	7316-3150	NA	NA	NA	NA	NA	NA	NA	NA	NA	NA	NA	NA	NA	NA	NA	NA	NA	NA	NA	NA	NA	NA	NA
BS_9G7ETYHR	PT_3VQEVNDD	7316-1680	NA	NA	0	0	1	NA	NA	NA	NA	NA	NA	NA	NA	NA	NA	NA	NA	0	1	NA	NA	NA	NA
BS_XVBX7ZK1	PT_YJGTKDV0	7316-1683	NA	NA	NA	NA	NA	NA	NA	NA	NA	NA	NA	NA	NA	NA	NA	NA	NA	NA	NA	NA	NA	NA	NA
BS_6HE8H9HY	PT_976P4557	7316-214	NA	NA	NA	NA	NA	NA	NA	NA	NA	NA	NA	NA	NA	NA	NA	NA	NA	NA	NA	NA	NA	NA	NA
BS_Z5VJCFNP	PT_5X061J42	7316-2149	NA	NA	NA	NA	NA	NA	NA	NA	NA	NA	NA	NA	0	0	1	0	NA	NA	NA	NA	NA	NA	NA
BS_E0AAK0V0	PT_MV7Y44QQ	7316-157	NA	NA	0	0	1	NA	NA	NA	NA	NA	NA	NA	NA	NA	NA	NA	NA	0	1	NA	NA	NA	NA
BS_8226HD4X	PT_NS1F6DT8	7316-3048	NA	NA	NA	NA	NA	NA	NA	NA	NA	NA	NA	NA	NA	NA	NA	NA	NA	NA	NA	0	1	1	0
BS_JJWC13GG	PT_6VJ5PNKS	7316-2174	NA	NA	NA	NA	NA	NA	NA	NA	NA	NA	NA	NA	NA	NA	NA	NA	NA	NA	NA	NA	NA	NA	NA
BS_W2QCHQ7E	PT_Z4BF2NSB	7316-161	NA	NA	0	0	1	NA	NA	NA	NA	NA	NA	NA	NA	NA	NA	NA	NA	0	1	NA	NA	NA	NA
BS_AGGH3QGS	PT_XDV8W16W	7316-3751	NA	NA	NA	NA	NA	NA	NA	NA	NA	NA	NA	NA	NA	NA	NA	NA	NA	NA	NA	NA	NA	NA	NA
BS_BFDEZK1C	PT_5BWZA0NT	7316-1102	NA	rs1242535815,COSM1716563,COSM1716558	0	0	1	NA	NA	NA	NA	NA	NA	NA	NA	NA	NA	NA	NA	0	1	NA	NA	NA	NA
BS_MJJZJMTK	PT_MNHMAH0S	7316-880	NA	rs1242535815,COSM1716563,COSM1716558	0	0	1	NA	NA	NA	NA	NA	NA	NA	0	0	0	1	NA	0	1	NA	NA	NA	NA
BS_RA0VCMWC	PT_2FVTD0WR	7316-917	NA	NA	0	0	1	NA	NA	NA	NA	NA	NA	NA	NA	NA	NA	NA	NA	0	1	NA	NA	NA	NA
BS_245CTSH9	PT_ZD9AYB6F	7316-3323	NA	NA	NA	NA	NA	NA	NA	NA	NA	NA	NA	NA	NA	NA	NA	NA	NA	NA	NA	0	1	0	0
BS_ZKFEMJZ8	PT_DFQAH7RS	7316-2760	NA	NA	NA	NA	NA	NA	NA	NA	NA	NA	NA	NA	NA	NA	NA	NA	NA	NA	NA	NA	NA	NA	NA
BS_928HWFFM	PT_RDJ40M73	7316-2561	NA	NA	NA	NA	NA	NA	NA	NA	NA	p.H2254R	NA	NA	NA	NA	NA	NA	NA	NA	NA	NA	NA	NA	NA
BS_KVYCH9PB	PT_DXF7ZZQZ	7316-2809	NA	NA	NA	NA	NA	NA	NA	NA	NA	NA	NA	NA	NA	NA	NA	NA	NA	NA	NA	NA	NA	NA	NA
BS_XKM2EAT4	PT_HJMP6PH2	7316-185	NA	NA	NA	NA	NA	NA	NA	NA	NA	NA	NA	NA	NA	NA	NA	NA	NA	NA	NA	NA	NA	NA	NA
BS_P0QJ1QAH	PT_JNEV57VK	7316-3058	NA	NA	NA	NA	NA	NA	NA	NA	NA	p.R2197C	NA	NA	NA	NA	NA	NA	NA	NA	NA	0	0	0	1
BS_PC2YQ4F6	PT_YJBPEF4V	7316-938	NA	NA	NA	NA	NA	NA	NA	NA	NA	NA	NA	NA	NA	NA	NA	NA	NA	1	0	0	1	1	1
BS_VMZMGB7B	PT_3D74J8RZ	7316-877	NA	NA	NA	NA	NA	NA	NA	NA	NA	NA	NA	NA	NA	NA	NA	NA	NA	NA	NA	NA	NA	NA	NA
BS_1VMBA3BN	PT_9C2G356W	7316-3555	NA	NA	NA	NA	NA	NA	NA	NA	NA	NA	NA	NA	NA	NA	NA	NA	NA	NA	NA	NA	NA	NA	NA
BS_C9TNGEA0	PT_3R0P995B	7316-892	NA	NA	0	0	1	NA	NA	NA	NA	NA	NA	NA	NA	NA	NA	NA	NA	0	1	NA	NA	NA	NA
BS_KSRYKCDE	PT_S7YHNHSS	7316-2754	NA	NA	NA	NA	NA	NA	NA	NA	NA	NA	NA	NA	NA	NA	NA	NA	NA	NA	NA	NA	NA	NA	NA
BS_MWKJF6XH	PT_JXGMAHHN	7316-874	NA	NA	NA	NA	NA	NA	NA	NA	NA	NA	NA	NA	NA	NA	NA	NA	NA	NA	NA	NA	NA	NA	NA
BS_KKWQW01N	PT_1N6ATKJS	7316-2725	NA	NA	NA	NA	NA	NA	NA	NA	NA	NA	NA	NA	NA	NA	NA	NA	NA	NA	NA	NA	NA	NA	NA
BS_C0YDDQKB	PT_1EB5KHZX	7316-1076	NA	NA	NA	NA	NA	NA	NA	NA	NA	NA	NA	NA	NA	NA	NA	NA	NA	NA	NA	NA	NA	NA	NA
